2.6179,-0.2618,-0.5236,-1.5708,1.0472,1.6581,0.7854
2.6179,-0.2618,-0.5236,-1.5708,1.0472,1.6581,0.7854
2.6179,-0.2618,-0.5236,-1.5708,1.0472,1.6581,0.7854
2.6179,-0.2618,-0.5236,-1.5708,1.0472,1.6581,0.7854
2.6179,-0.2618,-0.5236,-1.5708,1.0472,1.6581,0.7854
2.6179,-0.2618,-0.5236,-1.5708,1.0472,1.6581,0.7854
2.6179,-0.2618,-0.5236,-1.5708,1.0472,1.6581,0.7854
2.6179,-0.2618,-0.5236,-1.5708,1.0472,1.6581,0.7854
2.6179,-0.2618,-0.5236,-1.5708,1.0472,1.6581,0.7854
2.6179,-0.2618,-0.5236,-1.5708,1.0472,1.6581,0.7854
2.6179,-0.2618,-0.5236,-1.5708,1.0472,1.6581,0.7854
2.6179,-0.2618,-0.5236,-1.5708,1.0472,1.6581,0.7854
2.6179,-0.2618,-0.5236,-1.5708,1.0472,1.6581,0.7854
2.6179,-0.2618,-0.5236,-1.5708,1.0472,1.6581,0.7854
2.6179,-0.2618,-0.5236,-1.5708,1.0472,1.6581,0.7854
2.6179,-0.2618,-0.5236,-1.5708,1.0472,1.6581,0.7854
2.6179,-0.2618,-0.5236,-1.5708,1.0472,1.6581,0.7854
2.6179,-0.2618,-0.5236,-1.5708,1.0472,1.6581,0.7854
2.6179,-0.2618,-0.5236,-1.5708,1.0472,1.6581,0.7854
2.6179,-0.2618,-0.5236,-1.5708,1.0472,1.6581,0.7854
2.6179,-0.2618,-0.5236,-1.5708,1.0472,1.6581,0.7854
2.6179,-0.2618,-0.5236,-1.5708,1.0472,1.6581,0.7854
2.6179,-0.2618,-0.5236,-1.5708,1.0472,1.6581,0.7854
2.6179,-0.2618,-0.5236,-1.5708,1.0472,1.6581,0.7854
2.6179,-0.2618,-0.5236,-1.5708,1.0472,1.6581,0.7854
2.6179,-0.2618,-0.5236,-1.5708,1.0472,1.6581,0.7854
2.6179,-0.2618,-0.5236,-1.5708,1.0472,1.6581,0.7854
2.6179,-0.2618,-0.5236,-1.5708,1.0472,1.6581,0.7854
2.6179,-0.2618,-0.5236,-1.5708,1.0472,1.6581,0.7854
2.6179,-0.2618,-0.5236,-1.5708,1.0472,1.6581,0.7854
2.6179,-0.2618,-0.5236,-1.5708,1.0472,1.6581,0.7854
2.6179,-0.2618,-0.5236,-1.5708,1.0472,1.6581,0.7854
2.6179,-0.2618,-0.5236,-1.5708,1.0472,1.6581,0.7854
2.6179,-0.2618,-0.5236,-1.5708,1.0472,1.6581,0.7854
2.6179,-0.2618,-0.5236,-1.5708,1.0472,1.6581,0.7854
2.6179,-0.2618,-0.5236,-1.5708,1.0472,1.6581,0.7854
2.6179,-0.2618,-0.5236,-1.5708,1.0472,1.65811,0.7854
2.6179,-0.2618,-0.5236,-1.5708,1.0472,1.65811,0.7854
2.6179,-0.2618,-0.5236,-1.5708,1.0472,1.65811,0.7854
2.6179,-0.2618,-0.5236,-1.5708,1.0472,1.65811,0.7854
2.6179,-0.2618,-0.5236,-1.5708,1.0472,1.65811,0.7854
2.6179,-0.2618,-0.5236,-1.5708,1.0472,1.65811,0.7854
2.6179,-0.2618,-0.5236,-1.5708,1.0472,1.65811,0.7854
2.6179,-0.2618,-0.5236,-1.5708,1.0472,1.65811,0.7854
2.6179,-0.2618,-0.5236,-1.5708,1.0472,1.65811,0.7854
2.6179,-0.2618,-0.5236,-1.5708,1.0472,1.65811,0.7854
2.6179,-0.2618,-0.5236,-1.5708,1.0472,1.65811,0.7854
2.6179,-0.2618,-0.5236,-1.5708,1.0472,1.65812,0.7854
2.6179,-0.2618,-0.5236,-1.5708,1.0472,1.65812,0.7854
2.6179,-0.2618,-0.5236,-1.5708,1.0472,1.65812,0.7854
2.6179,-0.2618,-0.5236,-1.5708,1.0472,1.65812,0.7854
2.6179,-0.2618,-0.5236,-1.5708,1.0472,1.65812,0.7854
2.6179,-0.2618,-0.5236,-1.5708,1.0472,1.65812,0.7854
2.6179,-0.2618,-0.5236,-1.5708,1.0472,1.65813,0.7854
2.6179,-0.2618,-0.5236,-1.5708,1.0472,1.65813,0.7854
2.6179,-0.2618,-0.5236,-1.5708,1.0472,1.65813,0.7854
2.6179,-0.2618,-0.5236,-1.5708,1.0472,1.65813,0.7854
2.6179,-0.2618,-0.5236,-1.5708,1.0472,1.65813,0.7854
2.6179,-0.2618,-0.5236,-1.5708,1.0472,1.65814,0.7854
2.6179,-0.2618,-0.5236,-1.5708,1.0472,1.65814,0.7854
2.6179,-0.2618,-0.5236,-1.5708,1.0472,1.65814,0.7854
2.6179,-0.2618,-0.5236,-1.5708,1.0472,1.65814,0.7854
2.6179,-0.2618,-0.5236,-1.5708,1.0472,1.65815,0.7854
2.6179,-0.2618,-0.5236,-1.5708,1.0472,1.65815,0.7854
2.6179,-0.2618,-0.5236,-1.5708,1.0472,1.65815,0.7854
2.6179,-0.2618,-0.5236,-1.5708,1.0472,1.65816,0.7854
2.6179,-0.2618,-0.5236,-1.5708,1.0472,1.65816,0.7854
2.6179,-0.2618,-0.5236,-1.5708,1.0472,1.65817,0.7854
2.6179,-0.2618,-0.5236,-1.5708,1.0472,1.65817,0.7854
2.6179,-0.2618,-0.5236,-1.5708,1.0472,1.65817,0.7854
2.6179,-0.2618,-0.5236,-1.5708,1.0472,1.65818,0.7854
2.6179,-0.2618,-0.5236,-1.5708,1.0472,1.65818,0.7854
2.6179,-0.2618,-0.5236,-1.5708,1.0472,1.65819,0.7854
2.6179,-0.2618,-0.5236,-1.5708,1.0472,1.65819,0.7854
2.6179,-0.2618,-0.5236,-1.5708,1.0472,1.6582,0.7854
2.6179,-0.2618,-0.5236,-1.5708,1.0472,1.6582,0.7854
2.6179,-0.2618,-0.5236,-1.5708,1.0472,1.65821,0.7854
2.6179,-0.2618,-0.5236,-1.5708,1.0472,1.65821,0.7854
2.6179,-0.2618,-0.5236,-1.5708,1.0472,1.65822,0.7854
2.6179,-0.2618,-0.5236,-1.5708,1.0472,1.65823,0.7854
2.6179,-0.2618,-0.5236,-1.5708,1.0472,1.65823,0.7854
2.6179,-0.2618,-0.5236,-1.5708,1.0472,1.65824,0.7854
2.6179,-0.2618,-0.5236,-1.5708,1.0472,1.65825,0.7854
2.6179,-0.2618,-0.5236,-1.5708,1.0472,1.65825,0.7854
2.6179,-0.2618,-0.5236,-1.5708,1.0472,1.65826,0.7854
2.6179,-0.2618,-0.5236,-1.5708,1.0472,1.65827,0.7854
2.6179,-0.2618,-0.5236,-1.5708,1.0472,1.65828,0.7854
2.6179,-0.2618,-0.5236,-1.5708,1.0472,1.65829,0.7854
2.6179,-0.2618,-0.5236,-1.5708,1.0472,1.65829,0.7854
2.6179,-0.2618,-0.5236,-1.5708,1.0472,1.6583,0.7854
2.6179,-0.2618,-0.5236,-1.5708,1.0472,1.65831,0.7854
2.6179,-0.2618,-0.5236,-1.5708,1.0472,1.65832,0.7854
2.6179,-0.2618,-0.5236,-1.5708,1.0472,1.65833,0.7854
2.6179,-0.2618,-0.5236,-1.5708,1.0472,1.65834,0.7854
2.6179,-0.2618,-0.5236,-1.5708,1.0472,1.65835,0.7854
2.6179,-0.2618,-0.5236,-1.5708,1.0472,1.65836,0.7854
2.6179,-0.2618,-0.5236,-1.5708,1.0472,1.65837,0.7854
2.6179,-0.2618,-0.5236,-1.5708,1.0472,1.65839,0.7854
2.6179,-0.2618,-0.5236,-1.5708,1.0472,1.6584,0.7854
2.6179,-0.2618,-0.5236,-1.5708,1.0472,1.65841,0.7854
2.6179,-0.2618,-0.5236,-1.5708,1.0472,1.65842,0.7854
2.6179,-0.2618,-0.5236,-1.5708,1.0472,1.65844,0.7854
2.6179,-0.2618,-0.5236,-1.5708,1.0472,1.65845,0.7854
2.6179,-0.2618,-0.5236,-1.5708,1.0472,1.65846,0.7854
2.6179,-0.2618,-0.5236,-1.5708,1.0472,1.65848,0.7854
2.6179,-0.2618,-0.5236,-1.5708,1.0472,1.65849,0.7854
2.6179,-0.2618,-0.5236,-1.5708,1.0472,1.65851,0.7854
2.6179,-0.2618,-0.5236,-1.5708,1.0472,1.65852,0.7854
2.6179,-0.2618,-0.5236,-1.5708,1.0472,1.65854,0.7854
2.6179,-0.2618,-0.5236,-1.5708,1.0472,1.65855,0.7854
2.6179,-0.2618,-0.5236,-1.5708,1.0472,1.65857,0.7854
2.6179,-0.2618,-0.5236,-1.5708,1.0472,1.65859,0.7854
2.6179,-0.2618,-0.5236,-1.5708,1.0472,1.65861,0.7854
2.6179,-0.2618,-0.5236,-1.5708,1.0472,1.65862,0.7854
2.6179,-0.2618,-0.5236,-1.5708,1.0472,1.65864,0.7854
2.6179,-0.2618,-0.5236,-1.5708,1.0472,1.65866,0.7854
2.6179,-0.2618,-0.5236,-1.5708,1.0472,1.65868,0.7854
2.6179,-0.2618,-0.5236,-1.5708,1.0472,1.6587,0.7854
2.6179,-0.2618,-0.5236,-1.5708,1.0472,1.65872,0.7854
2.6179,-0.2618,-0.5236,-1.5708,1.0472,1.65874,0.7854
2.6179,-0.2618,-0.5236,-1.5708,1.0472,1.65876,0.7854
2.6179,-0.2618,-0.5236,-1.5708,1.0472,1.65879,0.7854
2.6179,-0.2618,-0.5236,-1.5708,1.0472,1.65881,0.7854
2.6179,-0.2618,-0.5236,-1.5708,1.0472,1.65883,0.7854
2.6179,-0.2618,-0.5236,-1.5708,1.0472,1.65886,0.7854
2.6179,-0.2618,-0.5236,-1.5708,1.0472,1.65888,0.7854
2.6179,-0.2618,-0.5236,-1.5708,1.0472,1.65891,0.7854
2.6179,-0.2618,-0.5236,-1.5708,1.0472,1.65893,0.7854
2.6179,-0.2618,-0.5236,-1.5708,1.0472,1.65896,0.7854
2.6179,-0.2618,-0.5236,-1.5708,1.0472,1.65898,0.7854
2.6179,-0.2618,-0.5236,-1.5708,1.0472,1.65901,0.7854
2.6179,-0.2618,-0.5236,-1.5708,1.0472,1.65904,0.7854
2.6179,-0.2618,-0.5236,-1.5708,1.0472,1.65907,0.7854
2.6179,-0.2618,-0.5236,-1.5708,1.0472,1.6591,0.7854
2.6179,-0.2618,-0.5236,-1.5708,1.0472,1.65913,0.7854
2.6179,-0.2618,-0.5236,-1.5708,1.0472,1.65916,0.7854
2.6179,-0.2618,-0.5236,-1.5708,1.0472,1.65919,0.7854
2.6179,-0.2618,-0.5236,-1.5708,1.0472,1.65922,0.7854
2.6179,-0.2618,-0.5236,-1.5708,1.0472,1.65925,0.7854
2.6179,-0.2618,-0.5236,-1.5708,1.0472,1.65929,0.7854
2.6179,-0.2618,-0.5236,-1.5708,1.0472,1.65932,0.7854
2.6179,-0.2618,-0.5236,-1.5708,1.0472,1.65936,0.7854
2.6179,-0.2618,-0.5236,-1.5708,1.0472,1.65939,0.7854
2.6179,-0.2618,-0.5236,-1.5708,1.0472,1.65943,0.7854
2.6179,-0.2618,-0.5236,-1.5708,1.0472,1.65947,0.7854
2.6179,-0.2618,-0.5236,-1.5708,1.0472,1.6595,0.7854
2.6179,-0.2618,-0.5236,-1.5708,1.0472,1.65954,0.7854
2.6179,-0.2618,-0.5236,-1.5708,1.0472,1.65958,0.7854
2.6179,-0.2618,-0.5236,-1.5708,1.0472,1.65962,0.7854
2.6179,-0.2618,-0.5236,-1.5708,1.0472,1.65966,0.7854
2.6179,-0.2618,-0.5236,-1.5708,1.0472,1.6597,0.7854
2.6179,-0.2618,-0.5236,-1.5708,1.0472,1.65975,0.7854
2.6179,-0.2618,-0.5236,-1.5708,1.0472,1.65979,0.7854
2.6179,-0.2618,-0.5236,-1.5708,1.0472,1.65984,0.7854
2.6179,-0.2618,-0.5236,-1.5708,1.0472,1.65988,0.7854
2.6179,-0.2618,-0.5236,-1.5708,1.0472,1.65993,0.7854
2.6179,-0.2618,-0.5236,-1.5708,1.0472,1.65997,0.7854
2.6179,-0.2618,-0.5236,-1.5708,1.0472,1.66002,0.7854
2.6179,-0.2618,-0.5236,-1.5708,1.0472,1.66007,0.7854
2.6179,-0.2618,-0.5236,-1.5708,1.0472,1.66012,0.7854
2.6179,-0.2618,-0.5236,-1.5708,1.0472,1.66017,0.7854
2.6179,-0.2618,-0.5236,-1.5708,1.0472,1.66022,0.7854
2.6179,-0.2618,-0.5236,-1.5708,1.0472,1.66027,0.7854
2.6179,-0.2618,-0.5236,-1.5708,1.0472,1.66033,0.7854
2.6179,-0.2618,-0.5236,-1.5708,1.0472,1.66038,0.7854
2.6179,-0.2618,-0.5236,-1.5708,1.0472,1.66044,0.7854
2.6179,-0.2618,-0.5236,-1.5708,1.0472,1.66049,0.7854
2.6179,-0.2618,-0.5236,-1.5708,1.0472,1.66055,0.7854
2.6179,-0.2618,-0.5236,-1.5708,1.0472,1.66061,0.7854
2.6179,-0.2618,-0.5236,-1.5708,1.0472,1.66067,0.7854
2.6179,-0.2618,-0.5236,-1.5708,1.0472,1.66073,0.7854
2.6179,-0.2618,-0.5236,-1.5708,1.0472,1.66079,0.7854
2.6179,-0.2618,-0.5236,-1.5708,1.0472,1.66085,0.7854
2.6179,-0.2618,-0.5236,-1.5708,1.0472,1.66091,0.7854
2.6179,-0.2618,-0.5236,-1.5708,1.0472,1.66098,0.7854
2.6179,-0.2618,-0.5236,-1.5708,1.0472,1.66104,0.7854
2.6179,-0.2618,-0.5236,-1.5708,1.0472,1.66111,0.7854
2.6179,-0.2618,-0.5236,-1.5708,1.0472,1.66118,0.7854
2.6179,-0.2618,-0.5236,-1.5708,1.0472,1.66125,0.7854
2.6179,-0.2618,-0.5236,-1.5708,1.0472,1.66132,0.7854
2.6179,-0.2618,-0.5236,-1.5708,1.0472,1.66139,0.7854
2.6179,-0.2618,-0.5236,-1.5708,1.0472,1.66146,0.7854
2.6179,-0.2618,-0.5236,-1.5708,1.0472,1.66153,0.7854
2.6179,-0.2618,-0.5236,-1.5708,1.0472,1.66161,0.7854
2.6179,-0.2618,-0.5236,-1.5708,1.0472,1.66168,0.7854
2.6179,-0.2618,-0.5236,-1.5708,1.0472,1.66176,0.7854
2.6179,-0.2618,-0.5236,-1.5708,1.0472,1.66184,0.7854
2.6179,-0.2618,-0.5236,-1.5708,1.0472,1.66192,0.7854
2.6179,-0.2618,-0.5236,-1.5708,1.0472,1.662,0.7854
2.6179,-0.2618,-0.5236,-1.5708,1.0472,1.66208,0.7854
2.6179,-0.2618,-0.5236,-1.5708,1.0472,1.66216,0.7854
2.6179,-0.2618,-0.5236,-1.5708,1.0472,1.66225,0.7854
2.6179,-0.2618,-0.5236,-1.5708,1.0472,1.66233,0.7854
2.6179,-0.2618,-0.5236,-1.5708,1.0472,1.66242,0.7854
2.6179,-0.2618,-0.5236,-1.5708,1.0472,1.66251,0.7854
2.6179,-0.2618,-0.5236,-1.5708,1.0472,1.66259,0.7854
2.6179,-0.2618,-0.5236,-1.5708,1.0472,1.66269,0.7854
2.6179,-0.2618,-0.5236,-1.5708,1.0472,1.66278,0.7854
2.6179,-0.2618,-0.5236,-1.5708,1.0472,1.66287,0.7854
2.6179,-0.2618,-0.5236,-1.5708,1.0472,1.66297,0.7854
2.6179,-0.2618,-0.5236,-1.5708,1.0472,1.66306,0.7854
2.6179,-0.2618,-0.5236,-1.5708,1.0472,1.66316,0.7854
2.6179,-0.2618,-0.5236,-1.5708,1.0472,1.66326,0.7854
2.6179,-0.2618,-0.5236,-1.5708,1.0472,1.66336,0.7854
2.6179,-0.2618,-0.5236,-1.5708,1.0472,1.66346,0.7854
2.6179,-0.2618,-0.5236,-1.5708,1.0472,1.66356,0.7854
2.6179,-0.2618,-0.5236,-1.5708,1.0472,1.66367,0.7854
2.6179,-0.2618,-0.5236,-1.5708,1.0472,1.66377,0.7854
2.6179,-0.2618,-0.5236,-1.5708,1.0472,1.66388,0.7854
2.6179,-0.2618,-0.5236,-1.5708,1.0472,1.66399,0.7854
2.6179,-0.2618,-0.5236,-1.5708,1.0472,1.6641,0.7854
2.6179,-0.2618,-0.5236,-1.5708,1.0472,1.66421,0.7854
2.6179,-0.2618,-0.5236,-1.5708,1.0472,1.66432,0.7854
2.6179,-0.2618,-0.5236,-1.5708,1.0472,1.66444,0.7854
2.6179,-0.2618,-0.5236,-1.5708,1.0472,1.66456,0.7854
2.6179,-0.2618,-0.5236,-1.5708,1.0472,1.66467,0.7854
2.6179,-0.2618,-0.5236,-1.5708,1.0472,1.66479,0.7854
2.6179,-0.2618,-0.5236,-1.5708,1.0472,1.66491,0.7854
2.6179,-0.2618,-0.5236,-1.5708,1.0472,1.66504,0.7854
2.6179,-0.2618,-0.5236,-1.5708,1.0472,1.66516,0.7854
2.6179,-0.2618,-0.5236,-1.5708,1.0472,1.66529,0.7854
2.6179,-0.2618,-0.5236,-1.5708,1.0472,1.66542,0.7854
2.6179,-0.2618,-0.5236,-1.5708,1.0472,1.66554,0.7854
2.6179,-0.2618,-0.5236,-1.5708,1.0472,1.66568,0.7854
2.6179,-0.2618,-0.5236,-1.5708,1.0472,1.66581,0.7854
2.6179,-0.2618,-0.5236,-1.5708,1.0472,1.66594,0.7854
2.6179,-0.2618,-0.5236,-1.5708,1.0472,1.66608,0.7854
2.6179,-0.2618,-0.5236,-1.5708,1.0472,1.66622,0.7854
2.6179,-0.2618,-0.5236,-1.5708,1.0472,1.66635,0.7854
2.6179,-0.2618,-0.5236,-1.5708,1.0472,1.6665,0.7854
2.6179,-0.2618,-0.5236,-1.5708,1.0472,1.66664,0.7854
2.6179,-0.2618,-0.5236,-1.5708,1.0472,1.66678,0.7854
2.6179,-0.2618,-0.5236,-1.5708,1.0472,1.66693,0.7854
2.6179,-0.2618,-0.5236,-1.5708,1.0472,1.66708,0.7854
2.6179,-0.2618,-0.5236,-1.5708,1.0472,1.66723,0.7854
2.6179,-0.2618,-0.5236,-1.5708,1.0472,1.66738,0.7854
2.6179,-0.2618,-0.5236,-1.5708,1.0472,1.66753,0.7854
2.6179,-0.2618,-0.5236,-1.5708,1.0472,1.66769,0.7854
2.6179,-0.2618,-0.5236,-1.5708,1.0472,1.66784,0.7854
2.6179,-0.2618,-0.5236,-1.5708,1.0472,1.668,0.7854
2.6179,-0.2618,-0.5236,-1.5708,1.0472,1.66816,0.7854
2.6179,-0.2618,-0.5236,-1.5708,1.0472,1.66833,0.7854
2.6179,-0.2618,-0.5236,-1.5708,1.0472,1.66849,0.7854
2.6179,-0.2618,-0.5236,-1.5708,1.0472,1.66866,0.7854
2.6179,-0.2618,-0.5236,-1.5708,1.0472,1.66882,0.7854
2.6179,-0.2618,-0.5236,-1.5708,1.0472,1.66899,0.7854
2.6179,-0.2618,-0.5236,-1.5708,1.0472,1.66917,0.7854
2.6179,-0.2618,-0.5236,-1.5708,1.0472,1.66934,0.7854
2.6179,-0.2618,-0.5236,-1.5708,1.0472,1.66952,0.7854
2.6179,-0.2618,-0.5236,-1.5708,1.0472,1.66969,0.7854
2.6179,-0.2618,-0.5236,-1.5708,1.0472,1.66987,0.7854
2.6179,-0.2618,-0.5236,-1.5708,1.0472,1.67006,0.7854
2.6179,-0.2618,-0.5236,-1.5708,1.0472,1.67024,0.7854
2.6179,-0.2618,-0.5236,-1.5708,1.0472,1.67043,0.7854
2.6179,-0.2618,-0.5236,-1.5708,1.0472,1.67061,0.7854
2.6179,-0.2618,-0.5236,-1.5708,1.0472,1.6708,0.7854
2.6179,-0.2618,-0.5236,-1.5708,1.0472,1.671,0.7854
2.6179,-0.2618,-0.5236,-1.5708,1.0472,1.67119,0.7854
2.6179,-0.2618,-0.5236,-1.5708,1.0472,1.67139,0.7854
2.6179,-0.2618,-0.5236,-1.5708,1.0472,1.67159,0.7854
2.6179,-0.2618,-0.5236,-1.5708,1.0472,1.67179,0.7854
2.6179,-0.2618,-0.5236,-1.5708,1.0472,1.67199,0.7854
2.6179,-0.2618,-0.5236,-1.5708,1.0472,1.67219,0.7854
2.6179,-0.2618,-0.5236,-1.5708,1.0472,1.6724,0.7854
2.6179,-0.2618,-0.5236,-1.5708,1.0472,1.67261,0.7854
2.6179,-0.2618,-0.5236,-1.5708,1.0472,1.67282,0.7854
2.6179,-0.2618,-0.5236,-1.5708,1.0472,1.67303,0.7854
2.6179,-0.2618,-0.5236,-1.5708,1.0472,1.67325,0.7854
2.6179,-0.2618,-0.5236,-1.5708,1.0472,1.67347,0.7854
2.6179,-0.2618,-0.5236,-1.5708,1.0472,1.67369,0.7854
2.6179,-0.2618,-0.5236,-1.5708,1.0472,1.67391,0.7854
2.6179,-0.2618,-0.5236,-1.5708,1.0472,1.67414,0.7854
2.6179,-0.2618,-0.5236,-1.5708,1.0472,1.67436,0.7854
2.6179,-0.2618,-0.5236,-1.5708,1.0472,1.67459,0.7854
2.6179,-0.2618,-0.5236,-1.5708,1.0472,1.67482,0.7854
2.6179,-0.2618,-0.5236,-1.5708,1.0472,1.67506,0.7854
2.6179,-0.2618,-0.5236,-1.5708,1.0472,1.67529,0.7854
2.6179,-0.2618,-0.5236,-1.5708,1.0472,1.67553,0.7854
2.6179,-0.2618,-0.5236,-1.5708,1.0472,1.67577,0.7854
2.6179,-0.2618,-0.5236,-1.5708,1.0472,1.67601,0.7854
2.6179,-0.2618,-0.5236,-1.5708,1.0472,1.67626,0.7854
2.6179,-0.2618,-0.5236,-1.5708,1.0472,1.67651,0.7854
2.6179,-0.2618,-0.5236,-1.5708,1.0472,1.67676,0.7854
2.6179,-0.2618,-0.5236,-1.5708,1.0472,1.67701,0.7854
2.6179,-0.2618,-0.5236,-1.5708,1.0472,1.67727,0.7854
2.6179,-0.2618,-0.5236,-1.5708,1.0472,1.67752,0.7854
2.6179,-0.2618,-0.5236,-1.5708,1.0472,1.67778,0.7854
2.6179,-0.2618,-0.5236,-1.5708,1.0472,1.67805,0.7854
2.6179,-0.2618,-0.5236,-1.5708,1.0472,1.67831,0.7854
2.6179,-0.2618,-0.5236,-1.5708,1.0472,1.67858,0.7854
2.6179,-0.2618,-0.5236,-1.5708,1.0472,1.67885,0.7854
2.6179,-0.2618,-0.5236,-1.5708,1.0472,1.67912,0.7854
2.6179,-0.2618,-0.5236,-1.5708,1.0472,1.67939,0.7854
2.6179,-0.2618,-0.5236,-1.5708,1.0472,1.67967,0.7854
2.6179,-0.2618,-0.5236,-1.5708,1.0472,1.67995,0.7854
2.6179,-0.2618,-0.5236,-1.5708,1.0472,1.68023,0.7854
2.6179,-0.2618,-0.5236,-1.5708,1.0472,1.68052,0.7854
2.6179,-0.2618,-0.5236,-1.5708,1.0472,1.68081,0.7854
2.6179,-0.2618,-0.5236,-1.5708,1.0472,1.6811,0.7854
2.6179,-0.2618,-0.5236,-1.5708,1.0472,1.68139,0.7854
2.6179,-0.2618,-0.5236,-1.5708,1.0472,1.68168,0.7854
2.6179,-0.2618,-0.5236,-1.5708,1.0472,1.68198,0.7854
2.6179,-0.2618,-0.5236,-1.5708,1.0472,1.68228,0.7854
2.6179,-0.2618,-0.5236,-1.5708,1.0472,1.68259,0.7854
2.6179,-0.2618,-0.5236,-1.5708,1.0472,1.68289,0.7854
2.6179,-0.2618,-0.5236,-1.5708,1.0472,1.6832,0.7854
2.6179,-0.2618,-0.5236,-1.5708,1.0472,1.68351,0.7854
2.6179,-0.2618,-0.5236,-1.5708,1.0472,1.68383,0.7854
2.6179,-0.2618,-0.5236,-1.5708,1.0472,1.68414,0.7854
2.6179,-0.2618,-0.5236,-1.5708,1.0472,1.68446,0.7854
2.6179,-0.2618,-0.5236,-1.5708,1.0472,1.68478,0.7854
2.6179,-0.2618,-0.5236,-1.5708,1.0472,1.68511,0.7854
2.6179,-0.2618,-0.5236,-1.5708,1.0472,1.68544,0.7854
2.6179,-0.2618,-0.5236,-1.5708,1.0472,1.68577,0.7854
2.6179,-0.2618,-0.5236,-1.5708,1.0472,1.6861,0.7854
2.6179,-0.2618,-0.5236,-1.5708,1.0472,1.68644,0.7854
2.6179,-0.2618,-0.5236,-1.5708,1.0472,1.68677,0.7854
2.6179,-0.2618,-0.5236,-1.5708,1.0472,1.68712,0.7854
2.6179,-0.2618,-0.5236,-1.5708,1.0472,1.68746,0.7854
2.6179,-0.2618,-0.5236,-1.5708,1.0472,1.68781,0.7854
2.6179,-0.2618,-0.5236,-1.5708,1.0472,1.68816,0.7854
2.6179,-0.2618,-0.5236,-1.5708,1.0472,1.68851,0.7854
2.6179,-0.2618,-0.5236,-1.5708,1.0472,1.68887,0.7854
2.6179,-0.2618,-0.5236,-1.5708,1.0472,1.68922,0.7854
2.6179,-0.2618,-0.5236,-1.5708,1.0472,1.68959,0.7854
2.6179,-0.2618,-0.5236,-1.5708,1.0472,1.68995,0.7854
2.6179,-0.2618,-0.5236,-1.5708,1.0472,1.69032,0.7854
2.6179,-0.2618,-0.5236,-1.5708,1.0472,1.69069,0.7854
2.6179,-0.2618,-0.5236,-1.5708,1.0472,1.69106,0.7854
2.6179,-0.2618,-0.5236,-1.5708,1.0472,1.69144,0.7854
2.6179,-0.2618,-0.5236,-1.5708,1.0472,1.69182,0.7854
2.6179,-0.2618,-0.5236,-1.5708,1.0472,1.6922,0.7854
2.6179,-0.2618,-0.5236,-1.5708,1.0472,1.69258,0.7854
2.6179,-0.2618,-0.5236,-1.5708,1.0472,1.69297,0.7854
2.6179,-0.2618,-0.5236,-1.5708,1.0472,1.69336,0.7854
2.6179,-0.2618,-0.5236,-1.5708,1.0472,1.69376,0.7854
2.6179,-0.2618,-0.5236,-1.5708,1.0472,1.69415,0.7854
2.6179,-0.2618,-0.5236,-1.5708,1.0472,1.69455,0.7854
2.6179,-0.2618,-0.5236,-1.5708,1.0472,1.69496,0.7854
2.6179,-0.2618,-0.5236,-1.5708,1.0472,1.69536,0.7854
2.6179,-0.2618,-0.5236,-1.5708,1.0472,1.69577,0.7854
2.6179,-0.2618,-0.5236,-1.5708,1.0472,1.69619,0.7854
2.6179,-0.2618,-0.5236,-1.5708,1.0472,1.6966,0.7854
2.6179,-0.2618,-0.5236,-1.5708,1.0472,1.69702,0.7854
2.6179,-0.2618,-0.5236,-1.5708,1.0472,1.69744,0.7854
2.6179,-0.2618,-0.5236,-1.5708,1.0472,1.69787,0.7854
2.6179,-0.2618,-0.5236,-1.5708,1.0472,1.69829,0.7854
2.6179,-0.2618,-0.5236,-1.5708,1.0472,1.69873,0.7854
2.6179,-0.2618,-0.5236,-1.5708,1.0472,1.69916,0.7854
2.6179,-0.2618,-0.5236,-1.5708,1.0472,1.6996,0.7854
2.6179,-0.2618,-0.5236,-1.5708,1.0472,1.70004,0.7854
2.6179,-0.2618,-0.5236,-1.5708,1.0472,1.70048,0.7854
2.6179,-0.2618,-0.5236,-1.5708,1.0472,1.70093,0.7854
2.6179,-0.2618,-0.5236,-1.5708,1.0472,1.70138,0.7854
2.6179,-0.2618,-0.5236,-1.5708,1.0472,1.70183,0.7854
2.6179,-0.2618,-0.5236,-1.5708,1.0472,1.70229,0.7854
2.6179,-0.2618,-0.5236,-1.5708,1.0472,1.70275,0.7854
2.6179,-0.2618,-0.5236,-1.5708,1.0472,1.70321,0.7854
2.6179,-0.2618,-0.5236,-1.5708,1.0472,1.70368,0.7854
2.6179,-0.2618,-0.5236,-1.5708,1.0472,1.70415,0.7854
2.6179,-0.2618,-0.5236,-1.5708,1.0472,1.70462,0.7854
2.6179,-0.2618,-0.5236,-1.5708,1.0472,1.7051,0.7854
2.6179,-0.2618,-0.5236,-1.5708,1.0472,1.70558,0.7854
2.6179,-0.2618,-0.5236,-1.5708,1.0472,1.70606,0.7854
2.6179,-0.2618,-0.5236,-1.5708,1.0472,1.70655,0.7854
2.6179,-0.2618,-0.5236,-1.5708,1.0472,1.70704,0.7854
2.6179,-0.2618,-0.5236,-1.5708,1.0472,1.70753,0.7854
2.6179,-0.2618,-0.5236,-1.5708,1.0472,1.70802,0.7854
2.6179,-0.2618,-0.5236,-1.5708,1.0472,1.70852,0.7854
2.6179,-0.2618,-0.5236,-1.5708,1.0472,1.70903,0.7854
2.6179,-0.2618,-0.5236,-1.5708,1.0472,1.70953,0.7854
2.6179,-0.2618,-0.5236,-1.5708,1.0472,1.71004,0.7854
2.6179,-0.2618,-0.5236,-1.5708,1.0472,1.71056,0.7854
2.6179,-0.2618,-0.5236,-1.5708,1.0472,1.71107,0.7854
2.6179,-0.2618,-0.5236,-1.5708,1.0472,1.71159,0.7854
2.6179,-0.2618,-0.5236,-1.5708,1.0472,1.71212,0.7854
2.6179,-0.2618,-0.5236,-1.5708,1.0472,1.71264,0.7854
2.6179,-0.2618,-0.5236,-1.5708,1.0472,1.71317,0.7854
2.6179,-0.2618,-0.5236,-1.5708,1.0472,1.71371,0.7854
2.6179,-0.2618,-0.5236,-1.5708,1.0472,1.71424,0.7854
2.6179,-0.2618,-0.5236,-1.5708,1.0472,1.71478,0.7854
2.6179,-0.2618,-0.5236,-1.5708,1.0472,1.71533,0.7854
2.6179,-0.2618,-0.5236,-1.5708,1.0472,1.71588,0.7854
2.6179,-0.2618,-0.5236,-1.5708,1.0472,1.71643,0.7854
2.6179,-0.2618,-0.5236,-1.5708,1.0472,1.71698,0.7854
2.6179,-0.2618,-0.5236,-1.5708,1.0472,1.71754,0.7854
2.6179,-0.2618,-0.5236,-1.5708,1.0472,1.7181,0.7854
2.6179,-0.2618,-0.5236,-1.5708,1.0472,1.71867,0.7854
2.6179,-0.2618,-0.5236,-1.5708,1.0472,1.71923,0.7854
2.6179,-0.2618,-0.5236,-1.5708,1.0472,1.71981,0.7854
2.6179,-0.2618,-0.5236,-1.5708,1.0472,1.72038,0.7854
2.6179,-0.2618,-0.5236,-1.5708,1.0472,1.72096,0.7854
2.6179,-0.2618,-0.5236,-1.5708,1.0472,1.72154,0.7854
2.6179,-0.2618,-0.5236,-1.5708,1.0472,1.72213,0.7854
2.6179,-0.2618,-0.5236,-1.5708,1.0472,1.72272,0.7854
2.6179,-0.2618,-0.5236,-1.5708,1.0472,1.72331,0.7854
2.6179,-0.2618,-0.5236,-1.5708,1.0472,1.72391,0.7854
2.6179,-0.2618,-0.5236,-1.5708,1.0472,1.72451,0.7854
2.6179,-0.2618,-0.5236,-1.5708,1.0472,1.72512,0.7854
2.6179,-0.2618,-0.5236,-1.5708,1.0472,1.72572,0.7854
2.6179,-0.2618,-0.5236,-1.5708,1.0472,1.72634,0.7854
2.6179,-0.2618,-0.5236,-1.5708,1.0472,1.72695,0.7854
2.6179,-0.2618,-0.5236,-1.5708,1.0472,1.72757,0.7854
2.6179,-0.2618,-0.5236,-1.5708,1.0472,1.72819,0.7854
2.6179,-0.2618,-0.5236,-1.5708,1.0472,1.72882,0.7854
2.6179,-0.2618,-0.5236,-1.5708,1.0472,1.72945,0.7854
2.6179,-0.2618,-0.5236,-1.5708,1.0472,1.73008,0.7854
2.6179,-0.2618,-0.5236,-1.5708,1.0472,1.73072,0.7854
2.6179,-0.2618,-0.5236,-1.5708,1.0472,1.73136,0.7854
2.6179,-0.2618,-0.5236,-1.5708,1.0472,1.732,0.7854
2.6179,-0.2618,-0.5236,-1.5708,1.0472,1.73265,0.7854
2.6179,-0.2618,-0.5236,-1.5708,1.0472,1.73331,0.7854
2.6179,-0.2618,-0.5236,-1.5708,1.0472,1.73396,0.7854
2.6179,-0.2618,-0.5236,-1.5708,1.0472,1.73462,0.7854
2.6179,-0.2618,-0.5236,-1.5708,1.0472,1.73528,0.7854
2.6179,-0.2618,-0.5236,-1.5708,1.0472,1.73595,0.7854
2.6179,-0.2618,-0.5236,-1.5708,1.0472,1.73662,0.7854
2.6179,-0.2618,-0.5236,-1.5708,1.0472,1.7373,0.7854
2.6179,-0.2618,-0.5236,-1.5708,1.0472,1.73797,0.7854
2.6179,-0.2618,-0.5236,-1.5708,1.0472,1.73866,0.7854
2.6179,-0.2618,-0.5236,-1.5708,1.0472,1.73934,0.7854
2.6179,-0.2618,-0.5236,-1.5708,1.0472,1.74003,0.7854
2.6179,-0.2618,-0.5236,-1.5708,1.0472,1.74072,0.7854
2.6179,-0.2618,-0.5236,-1.5708,1.0472,1.74142,0.7854
2.6179,-0.2618,-0.5236,-1.5708,1.0472,1.74212,0.7854
2.6179,-0.2618,-0.5236,-1.5708,1.0472,1.74283,0.7854
2.6179,-0.2618,-0.5236,-1.5708,1.0472,1.74353,0.7854
2.6179,-0.2618,-0.5236,-1.5708,1.0472,1.74425,0.7854
2.6179,-0.2618,-0.5236,-1.5708,1.0472,1.74496,0.7854
2.6179,-0.2618,-0.5236,-1.5708,1.0472,1.74568,0.7854
2.6179,-0.2618,-0.5236,-1.5708,1.0472,1.74641,0.7854
2.6179,-0.2618,-0.5236,-1.5708,1.0472,1.74713,0.7854
2.6179,-0.2618,-0.5236,-1.5708,1.0472,1.74786,0.7854
2.6179,-0.2618,-0.5236,-1.5708,1.0472,1.7486,0.7854
2.6179,-0.2618,-0.5236,-1.5708,1.0472,1.74934,0.7854
2.6179,-0.2618,-0.5236,-1.5708,1.0472,1.75008,0.7854
2.6179,-0.2618,-0.5236,-1.5708,1.0472,1.75083,0.7854
2.6179,-0.2618,-0.5236,-1.5708,1.0472,1.75158,0.7854
2.6179,-0.2618,-0.5236,-1.5708,1.0472,1.75233,0.7854
2.6179,-0.2618,-0.5236,-1.5708,1.0472,1.75309,0.7854
2.6179,-0.2618,-0.5236,-1.5708,1.0472,1.75385,0.7854
2.6179,-0.2618,-0.5236,-1.5708,1.0472,1.75462,0.7854
2.6179,-0.2618,-0.5236,-1.5708,1.0472,1.75539,0.7854
2.6179,-0.2618,-0.5236,-1.5708,1.0472,1.75616,0.7854
2.6179,-0.2618,-0.5236,-1.5708,1.0472,1.75694,0.7854
2.6179,-0.2618,-0.5236,-1.5708,1.0472,1.75772,0.7854
2.6179,-0.2618,-0.5236,-1.5708,1.0472,1.75851,0.7854
2.6179,-0.2618,-0.5236,-1.5708,1.0472,1.7593,0.7854
2.6179,-0.2618,-0.5236,-1.5708,1.0472,1.76009,0.7854
2.6179,-0.2618,-0.5236,-1.5708,1.0472,1.76089,0.7854
2.6179,-0.2618,-0.5236,-1.5708,1.0472,1.76169,0.7854
2.6179,-0.2618,-0.5236,-1.5708,1.0472,1.76249,0.7854
2.6179,-0.2618,-0.5236,-1.5708,1.0472,1.7633,0.7854
2.6179,-0.2618,-0.5236,-1.5708,1.0472,1.76411,0.7854
2.6179,-0.2618,-0.5236,-1.5708,1.0472,1.76493,0.7854
2.6179,-0.2618,-0.5236,-1.5708,1.0472,1.76575,0.7854
2.6179,-0.2618,-0.5236,-1.5708,1.0472,1.76658,0.7854
2.6179,-0.2618,-0.5236,-1.5708,1.0472,1.7674,0.7854
2.6179,-0.2618,-0.5236,-1.5708,1.0472,1.76824,0.7854
2.6179,-0.2618,-0.5236,-1.5708,1.0472,1.76907,0.7854
2.6179,-0.2618,-0.5236,-1.5708,1.0472,1.76991,0.7854
2.6179,-0.2618,-0.5236,-1.5708,1.0472,1.77076,0.7854
2.6179,-0.2618,-0.5236,-1.5708,1.0472,1.77161,0.7854
2.6179,-0.2618,-0.5236,-1.5708,1.0472,1.77246,0.7854
2.6179,-0.2618,-0.5236,-1.5708,1.0472,1.77331,0.7854
2.6179,-0.2618,-0.5236,-1.5708,1.0472,1.77417,0.7854
2.6179,-0.2618,-0.5236,-1.5708,1.0472,1.77504,0.7854
2.6179,-0.2618,-0.5236,-1.5708,1.0472,1.77591,0.7854
2.6179,-0.2618,-0.5236,-1.5708,1.0472,1.77678,0.7854
2.6179,-0.2618,-0.5236,-1.5708,1.0472,1.77765,0.7854
2.6179,-0.2618,-0.5236,-1.5708,1.0472,1.77853,0.7854
2.6179,-0.2618,-0.5236,-1.5708,1.0472,1.77942,0.7854
2.6179,-0.2618,-0.5236,-1.5708,1.0472,1.78031,0.7854
2.6179,-0.2618,-0.5236,-1.5708,1.0472,1.7812,0.7854
2.6179,-0.2618,-0.5236,-1.5708,1.0472,1.78209,0.7854
2.6179,-0.2618,-0.5236,-1.5708,1.0472,1.78299,0.7854
2.6179,-0.2618,-0.5236,-1.5708,1.0472,1.7839,0.7854
2.6179,-0.2618,-0.5236,-1.5708,1.0472,1.7848,0.7854
2.6179,-0.2618,-0.5236,-1.5708,1.0472,1.78572,0.7854
2.6179,-0.2618,-0.5236,-1.5708,1.0472,1.78663,0.7854
2.6179,-0.2618,-0.5236,-1.5708,1.0472,1.78755,0.7854
2.6179,-0.2618,-0.5236,-1.5708,1.0472,1.78848,0.7854
2.6179,-0.2618,-0.5236,-1.5708,1.0472,1.7894,0.7854
2.6179,-0.2618,-0.5236,-1.5708,1.0472,1.79033,0.7854
2.6179,-0.2618,-0.5236,-1.5708,1.0472,1.79127,0.7854
2.6179,-0.2618,-0.5236,-1.5708,1.0472,1.79221,0.7854
2.6179,-0.2618,-0.5236,-1.5708,1.0472,1.79315,0.7854
2.6179,-0.2618,-0.5236,-1.5708,1.0472,1.7941,0.7854
2.6179,-0.2618,-0.5236,-1.5708,1.0472,1.79505,0.7854
2.6179,-0.2618,-0.5236,-1.5708,1.0472,1.79601,0.7854
2.6179,-0.2618,-0.5236,-1.5708,1.0472,1.79697,0.7854
2.6179,-0.2618,-0.5236,-1.5708,1.0472,1.79793,0.7854
2.6179,-0.2618,-0.5236,-1.5708,1.0472,1.7989,0.7854
2.6179,-0.2618,-0.5236,-1.5708,1.0472,1.79987,0.7854
2.6179,-0.2618,-0.5236,-1.5708,1.0472,1.80085,0.7854
2.6179,-0.2618,-0.5236,-1.5708,1.0472,1.80183,0.7854
2.6179,-0.2618,-0.5236,-1.5708,1.0472,1.80281,0.7854
2.6179,-0.2618,-0.5236,-1.5708,1.0472,1.8038,0.7854
2.6179,-0.2618,-0.5236,-1.5708,1.0472,1.80479,0.7854
2.6179,-0.2618,-0.5236,-1.5708,1.0472,1.80578,0.7854
2.6179,-0.2618,-0.5236,-1.5708,1.0472,1.80678,0.7854
2.6179,-0.2618,-0.5236,-1.5708,1.0472,1.80779,0.7854
2.6179,-0.2618,-0.5236,-1.5708,1.0472,1.80879,0.7854
2.6179,-0.2618,-0.5236,-1.5708,1.0472,1.80981,0.7854
2.6179,-0.2618,-0.5236,-1.5708,1.0472,1.81082,0.7854
2.6179,-0.2618,-0.5236,-1.5708,1.0472,1.81184,0.7854
2.6179,-0.2618,-0.5236,-1.5708,1.0472,1.81286,0.7854
2.6179,-0.2618,-0.5236,-1.5708,1.0472,1.81389,0.7854
2.6179,-0.2618,-0.5236,-1.5708,1.0472,1.81492,0.7854
2.6179,-0.2618,-0.5236,-1.5708,1.0472,1.81596,0.7854
2.6179,-0.2618,-0.5236,-1.5708,1.0472,1.817,0.7854
2.6179,-0.2618,-0.5236,-1.5708,1.0472,1.81804,0.7854
2.6179,-0.2618,-0.5236,-1.5708,1.0472,1.81909,0.7854
2.6179,-0.2618,-0.5236,-1.5708,1.0472,1.82014,0.7854
2.6179,-0.2618,-0.5236,-1.5708,1.0472,1.82119,0.7854
2.6179,-0.2618,-0.5236,-1.5708,1.0472,1.82225,0.7854
2.6179,-0.2618,-0.5236,-1.5708,1.0472,1.82332,0.7854
2.6179,-0.2618,-0.5236,-1.5708,1.0472,1.82438,0.7854
2.6179,-0.2618,-0.5236,-1.5708,1.0472,1.82546,0.7854
2.6179,-0.2618,-0.5236,-1.5708,1.0472,1.82653,0.7854
2.6179,-0.2618,-0.5236,-1.5708,1.0472,1.82761,0.7854
2.6179,-0.2618,-0.5236,-1.5708,1.0472,1.82869,0.7854
2.6179,-0.2618,-0.5236,-1.5708,1.0472,1.82978,0.7854
2.6179,-0.2618,-0.5236,-1.5708,1.0472,1.83087,0.7854
2.6179,-0.2618,-0.5236,-1.5708,1.0472,1.83196,0.7854
2.6179,-0.2618,-0.5236,-1.5708,1.0472,1.83306,0.7854
2.6179,-0.2618,-0.5236,-1.5708,1.0472,1.83417,0.7854
2.6179,-0.2618,-0.5236,-1.5708,1.0472,1.83527,0.7854
2.6179,-0.2618,-0.5236,-1.5708,1.0472,1.83638,0.7854
2.6179,-0.2618,-0.5236,-1.5708,1.0472,1.8375,0.7854
2.6179,-0.2618,-0.5236,-1.5708,1.0472,1.83862,0.7854
2.6179,-0.2618,-0.5236,-1.5708,1.0472,1.83974,0.7854
2.6179,-0.2618,-0.5236,-1.5708,1.0472,1.84087,0.7854
2.6179,-0.2618,-0.5236,-1.5708,1.0472,1.842,0.7854
2.6179,-0.2618,-0.5236,-1.5708,1.0472,1.84313,0.7854
2.6179,-0.2618,-0.5236,-1.5708,1.0472,1.84427,0.7854
2.6179,-0.2618,-0.5236,-1.5708,1.0472,1.84541,0.7854
2.6179,-0.2618,-0.5236,-1.5708,1.0472,1.84656,0.7854
2.6179,-0.2618,-0.5236,-1.5708,1.0472,1.84771,0.7854
2.6179,-0.2618,-0.5236,-1.5708,1.0472,1.84886,0.7854
2.6179,-0.2618,-0.5236,-1.5708,1.0472,1.85002,0.7854
2.6179,-0.2618,-0.5236,-1.5708,1.0472,1.85118,0.7854
2.6179,-0.2618,-0.5236,-1.5708,1.0472,1.85234,0.7854
2.6179,-0.2618,-0.5236,-1.5708,1.0472,1.85351,0.7854
2.6179,-0.2618,-0.5236,-1.5708,1.0472,1.85469,0.7854
2.6179,-0.2618,-0.5236,-1.5708,1.0472,1.85586,0.7854
2.6179,-0.2618,-0.5236,-1.5708,1.0472,1.85704,0.7854
2.6179,-0.2618,-0.5236,-1.5708,1.0472,1.85823,0.7854
2.6179,-0.2618,-0.5236,-1.5708,1.0472,1.85942,0.7854
2.6179,-0.2618,-0.5236,-1.5708,1.0472,1.86061,0.7854
2.6179,-0.2618,-0.5236,-1.5708,1.0472,1.8618,0.7854
2.6179,-0.2618,-0.5236,-1.5708,1.0472,1.863,0.7854
2.6179,-0.2618,-0.5236,-1.5708,1.0472,1.86421,0.7854
2.6179,-0.2618,-0.5236,-1.5708,1.0472,1.86542,0.7854
2.6179,-0.2618,-0.5236,-1.5708,1.0472,1.86663,0.7854
2.6179,-0.2618,-0.5236,-1.5708,1.0472,1.86784,0.7854
2.6179,-0.2618,-0.5236,-1.5708,1.0472,1.86906,0.7854
2.6179,-0.2618,-0.5236,-1.5708,1.0472,1.87028,0.7854
2.6179,-0.2618,-0.5236,-1.5708,1.0472,1.87151,0.7854
2.6179,-0.2618,-0.5236,-1.5708,1.0472,1.87274,0.7854
2.6179,-0.2618,-0.5236,-1.5708,1.0472,1.87398,0.7854
2.6179,-0.2618,-0.5236,-1.5708,1.0472,1.87521,0.7854
2.6179,-0.2618,-0.5236,-1.5708,1.0472,1.87646,0.7854
2.6179,-0.2618,-0.5236,-1.5708,1.0472,1.8777,0.7854
2.6179,-0.2618,-0.5236,-1.5708,1.0472,1.87895,0.7854
2.6179,-0.2618,-0.5236,-1.5708,1.0472,1.8802,0.7854
2.6179,-0.2618,-0.5236,-1.5708,1.0472,1.88146,0.7854
2.6179,-0.2618,-0.5236,-1.5708,1.0472,1.88272,0.7854
2.6179,-0.2618,-0.5236,-1.5708,1.0472,1.88399,0.7854
2.6179,-0.2618,-0.5236,-1.5708,1.0472,1.88525,0.7854
2.6179,-0.2618,-0.5236,-1.5708,1.0472,1.88653,0.7854
2.6179,-0.2618,-0.5236,-1.5708,1.0472,1.8878,0.7854
2.6179,-0.2618,-0.5236,-1.5708,1.0472,1.88908,0.7854
2.6179,-0.2618,-0.5236,-1.5708,1.0472,1.89036,0.7854
2.6179,-0.2618,-0.5236,-1.5708,1.0472,1.89165,0.7854
2.6179,-0.2618,-0.5236,-1.5708,1.0472,1.89294,0.7854
2.6179,-0.2618,-0.5236,-1.5708,1.0472,1.89423,0.7854
2.6179,-0.2618,-0.5236,-1.5708,1.0472,1.89553,0.7854
2.6179,-0.2618,-0.5236,-1.5708,1.0472,1.89683,0.7854
2.6179,-0.2618,-0.5236,-1.5708,1.0472,1.89814,0.7854
2.6179,-0.2618,-0.5236,-1.5708,1.0472,1.89945,0.7854
2.6179,-0.2618,-0.5236,-1.5708,1.0472,1.90076,0.7854
2.6179,-0.2618,-0.5236,-1.5708,1.0472,1.90207,0.7854
2.6179,-0.2618,-0.5236,-1.5708,1.0472,1.90339,0.7854
2.6179,-0.2618,-0.5236,-1.5708,1.0472,1.90472,0.7854
2.6179,-0.2618,-0.5236,-1.5708,1.0472,1.90604,0.7854
2.6179,-0.2618,-0.5236,-1.5708,1.0472,1.90737,0.7854
2.6179,-0.2618,-0.5236,-1.5708,1.0472,1.90871,0.7854
2.6179,-0.2618,-0.5236,-1.5708,1.0472,1.91004,0.7854
2.6179,-0.2618,-0.5236,-1.5708,1.0472,1.91139,0.7854
2.6179,-0.2618,-0.5236,-1.5708,1.0472,1.91273,0.7854
2.6179,-0.2618,-0.5236,-1.5708,1.0472,1.91408,0.7854
2.6179,-0.2618,-0.5236,-1.5708,1.0472,1.91543,0.7854
2.6179,-0.2618,-0.5236,-1.5708,1.0472,1.91678,0.7854
2.6179,-0.2618,-0.5236,-1.5708,1.0472,1.91814,0.7854
2.6179,-0.2618,-0.5236,-1.5708,1.0472,1.9195,0.7854
2.6179,-0.2618,-0.5236,-1.5708,1.0472,1.92087,0.7854
2.6179,-0.2618,-0.5236,-1.5708,1.0472,1.92224,0.7854
2.6179,-0.2618,-0.5236,-1.5708,1.0472,1.92361,0.7854
2.6179,-0.2618,-0.5236,-1.5708,1.0472,1.92499,0.7854
2.6179,-0.2618,-0.5236,-1.5708,1.0472,1.92637,0.7854
2.6179,-0.2618,-0.5236,-1.5708,1.0472,1.92775,0.7854
2.6179,-0.2618,-0.5236,-1.5708,1.0472,1.92914,0.7854
2.6179,-0.2618,-0.5236,-1.5708,1.0472,1.93053,0.7854
2.6179,-0.2618,-0.5236,-1.5708,1.0472,1.93192,0.7854
2.6179,-0.2618,-0.5236,-1.5708,1.0472,1.93332,0.7854
2.6179,-0.2618,-0.5236,-1.5708,1.0472,1.93472,0.7854
2.6179,-0.2618,-0.5236,-1.5708,1.0472,1.93612,0.7854
2.6179,-0.2618,-0.5236,-1.5708,1.0472,1.93753,0.7854
2.6179,-0.2618,-0.5236,-1.5708,1.0472,1.93894,0.7854
2.6179,-0.2618,-0.5236,-1.5708,1.0472,1.94035,0.7854
2.6179,-0.2618,-0.5236,-1.5708,1.0472,1.94177,0.7854
2.6179,-0.2618,-0.5236,-1.5708,1.0472,1.94319,0.7854
2.6179,-0.2618,-0.5236,-1.5708,1.0472,1.94461,0.7854
2.6179,-0.2618,-0.5236,-1.5708,1.0472,1.94604,0.7854
2.6179,-0.2618,-0.5236,-1.5708,1.0472,1.94747,0.7854
2.6179,-0.2618,-0.5236,-1.5708,1.0472,1.9489,0.7854
2.6179,-0.2618,-0.5236,-1.5708,1.0472,1.95034,0.7854
2.6179,-0.2618,-0.5236,-1.5708,1.0472,1.95178,0.7854
2.6179,-0.2618,-0.5236,-1.5708,1.0472,1.95322,0.7854
2.6179,-0.2618,-0.5236,-1.5708,1.0472,1.95467,0.7854
2.6179,-0.2618,-0.5236,-1.5708,1.0472,1.95612,0.7854
2.6179,-0.2618,-0.5236,-1.5708,1.0472,1.95757,0.7854
2.6179,-0.2618,-0.5236,-1.5708,1.0472,1.95903,0.7854
2.6179,-0.2618,-0.5236,-1.5708,1.0472,1.96049,0.7854
2.6179,-0.2618,-0.5236,-1.5708,1.0472,1.96195,0.7854
2.6179,-0.2618,-0.5236,-1.5708,1.0472,1.96342,0.7854
2.6179,-0.2618,-0.5236,-1.5708,1.0472,1.96489,0.7854
2.6179,-0.2618,-0.5236,-1.5708,1.0472,1.96636,0.7854
2.6179,-0.2618,-0.5236,-1.5708,1.0472,1.96783,0.7854
2.6179,-0.2618,-0.5236,-1.5708,1.0472,1.96931,0.7854
2.6179,-0.2618,-0.5236,-1.5708,1.0472,1.97079,0.7854
2.6179,-0.2618,-0.5236,-1.5708,1.0472,1.97228,0.7854
2.6179,-0.2618,-0.5236,-1.5708,1.0472,1.97377,0.7854
2.6179,-0.2618,-0.5236,-1.5708,1.0472,1.97526,0.7854
2.6179,-0.2618,-0.5236,-1.5708,1.0472,1.97675,0.7854
2.6179,-0.2618,-0.5236,-1.5708,1.0472,1.97825,0.7854
2.6179,-0.2618,-0.5236,-1.5708,1.0472,1.97975,0.7854
2.6179,-0.2618,-0.5236,-1.5708,1.0472,1.98125,0.7854
2.6179,-0.2618,-0.5236,-1.5708,1.0472,1.98276,0.7854
2.6179,-0.2618,-0.5236,-1.5708,1.0472,1.98427,0.7854
2.6179,-0.2618,-0.5236,-1.5708,1.0472,1.98578,0.7854
2.6179,-0.2618,-0.5236,-1.5708,1.0472,1.98729,0.7854
2.6179,-0.2618,-0.5236,-1.5708,1.0472,1.98881,0.7854
2.6179,-0.2618,-0.5236,-1.5708,1.0472,1.99033,0.7854
2.6179,-0.2618,-0.5236,-1.5708,1.0472,1.99186,0.7854
2.6179,-0.2618,-0.5236,-1.5708,1.0472,1.99338,0.7854
2.6179,-0.2618,-0.5236,-1.5708,1.0472,1.99491,0.7854
2.6179,-0.2618,-0.5236,-1.5708,1.0472,1.99645,0.7854
2.6179,-0.2618,-0.5236,-1.5708,1.0472,1.99798,0.7854
2.6179,-0.2618,-0.5236,-1.5708,1.0472,1.99952,0.7854
2.6179,-0.2618,-0.5236,-1.5708,1.0472,2.00106,0.7854
2.6179,-0.2618,-0.5236,-1.5708,1.0472,2.00261,0.7854
2.6179,-0.2618,-0.5236,-1.5708,1.0472,2.00415,0.7854
2.6179,-0.2618,-0.5236,-1.5708,1.0472,2.0057,0.7854
2.6179,-0.2618,-0.5236,-1.5708,1.0472,2.00726,0.7854
2.6179,-0.2618,-0.5236,-1.5708,1.0472,2.00881,0.7854
2.6179,-0.2618,-0.5236,-1.5708,1.0472,2.01037,0.7854
2.6179,-0.2618,-0.5236,-1.5708,1.0472,2.01193,0.7854
2.6179,-0.2618,-0.5236,-1.5708,1.0472,2.01349,0.7854
2.6179,-0.2618,-0.5236,-1.5708,1.0472,2.01506,0.7854
2.6179,-0.2618,-0.5236,-1.5708,1.0472,2.01663,0.7854
2.6179,-0.2618,-0.5236,-1.5708,1.0472,2.0182,0.7854
2.6179,-0.2618,-0.5236,-1.5708,1.0472,2.01978,0.7854
2.6179,-0.2618,-0.5236,-1.5708,1.0472,2.02135,0.7854
2.6179,-0.2618,-0.5236,-1.5708,1.0472,2.02293,0.7854
2.6179,-0.2618,-0.5236,-1.5708,1.0472,2.02452,0.7854
2.6179,-0.2618,-0.5236,-1.5708,1.0472,2.0261,0.7854
2.6179,-0.2618,-0.5236,-1.5708,1.0472,2.02769,0.7854
2.6179,-0.2618,-0.5236,-1.5708,1.0472,2.02928,0.7854
2.6179,-0.2618,-0.5236,-1.5708,1.0472,2.03087,0.7854
2.6179,-0.2618,-0.5236,-1.5708,1.0472,2.03247,0.7854
2.6179,-0.2618,-0.5236,-1.5708,1.0472,2.03406,0.7854
2.6179,-0.2618,-0.5236,-1.5708,1.0472,2.03567,0.7854
2.6179,-0.2618,-0.5236,-1.5708,1.0472,2.03727,0.7854
2.6179,-0.2618,-0.5236,-1.5708,1.0472,2.03887,0.7854
2.6179,-0.2618,-0.5236,-1.5708,1.0472,2.04048,0.7854
2.6179,-0.2618,-0.5236,-1.5708,1.0472,2.04209,0.7854
2.6179,-0.2618,-0.5236,-1.5708,1.0472,2.0437,0.7854
2.6179,-0.2618,-0.5236,-1.5708,1.0472,2.04532,0.7854
2.6179,-0.2618,-0.5236,-1.5708,1.0472,2.04694,0.7854
2.6179,-0.2618,-0.5236,-1.5708,1.0472,2.04856,0.7854
2.6179,-0.2618,-0.5236,-1.5708,1.0472,2.05018,0.7854
2.6179,-0.2618,-0.5236,-1.5708,1.0472,2.05181,0.7854
2.6179,-0.2618,-0.5236,-1.5708,1.0472,2.05343,0.7854
2.6179,-0.2618,-0.5236,-1.5708,1.0472,2.05506,0.7854
2.6179,-0.2618,-0.5236,-1.5708,1.0472,2.05669,0.7854
2.6179,-0.2618,-0.5236,-1.5708,1.0472,2.05833,0.7854
2.6179,-0.2618,-0.5236,-1.5708,1.0472,2.05997,0.7854
2.6179,-0.2618,-0.5236,-1.5708,1.0472,2.0616,0.7854
2.6179,-0.2618,-0.5236,-1.5708,1.0472,2.06325,0.7854
2.6179,-0.2618,-0.5236,-1.5708,1.0472,2.06489,0.7854
2.6179,-0.2618,-0.5236,-1.5708,1.0472,2.06653,0.7854
2.6179,-0.2618,-0.5236,-1.5708,1.0472,2.06818,0.7854
2.6179,-0.2618,-0.5236,-1.5708,1.0472,2.06983,0.7854
2.6179,-0.2618,-0.5236,-1.5708,1.0472,2.07149,0.7854
2.6179,-0.2618,-0.5236,-1.5708,1.0472,2.07314,0.7854
2.6179,-0.2618,-0.5236,-1.5708,1.0472,2.0748,0.7854
2.6179,-0.2618,-0.5236,-1.5708,1.0472,2.07645,0.7854
2.6179,-0.2618,-0.5236,-1.5708,1.0472,2.07812,0.7854
2.6179,-0.2618,-0.5236,-1.5708,1.0472,2.07978,0.7854
2.6179,-0.2618,-0.5236,-1.5708,1.0472,2.08144,0.7854
2.6179,-0.2618,-0.5236,-1.5708,1.0472,2.08311,0.7854
2.6179,-0.2618,-0.5236,-1.5708,1.0472,2.08478,0.7854
2.6179,-0.2618,-0.5236,-1.5708,1.0472,2.08645,0.7854
2.6179,-0.2618,-0.5236,-1.5708,1.0472,2.08812,0.7854
2.6179,-0.2618,-0.5236,-1.5708,1.0472,2.0898,0.7854
2.6179,-0.2618,-0.5236,-1.5708,1.0472,2.09148,0.7854
2.6179,-0.2618,-0.5236,-1.5708,1.0472,2.09315,0.7854
2.6179,-0.2618,-0.5236,-1.5708,1.0472,2.09484,0.7854
2.6179,-0.2618,-0.5236,-1.5708,1.0472,2.09652,0.7854
2.6179,-0.2618,-0.5236,-1.5708,1.0472,2.0982,0.7854
2.6179,-0.2618,-0.5236,-1.5708,1.0472,2.09989,0.7854
2.6179,-0.2618,-0.5236,-1.5708,1.0472,2.10158,0.7854
2.6179,-0.2618,-0.5236,-1.5708,1.0472,2.10327,0.7854
2.6179,-0.2618,-0.5236,-1.5708,1.0472,2.10496,0.7854
2.6179,-0.2618,-0.5236,-1.5708,1.0472,2.10665,0.7854
2.6179,-0.2618,-0.5236,-1.5708,1.0472,2.10835,0.7854
2.6179,-0.2618,-0.5236,-1.5708,1.0472,2.11005,0.7854
2.6179,-0.2618,-0.5236,-1.5708,1.0472,2.11175,0.7854
2.6179,-0.2618,-0.5236,-1.5708,1.0472,2.11345,0.7854
2.6179,-0.2618,-0.5236,-1.5708,1.0472,2.11515,0.7854
2.6179,-0.2618,-0.5236,-1.5708,1.0472,2.11686,0.7854
2.6179,-0.2618,-0.5236,-1.5708,1.0472,2.11856,0.7854
2.6179,-0.2618,-0.5236,-1.5708,1.0472,2.12027,0.7854
2.6179,-0.2618,-0.5236,-1.5708,1.0472,2.12198,0.7854
2.6179,-0.2618,-0.5236,-1.5708,1.0472,2.12369,0.7854
2.6179,-0.2618,-0.5236,-1.5708,1.0472,2.1254,0.7854
2.6179,-0.2618,-0.5236,-1.5708,1.0472,2.12712,0.7854
2.6179,-0.2618,-0.5236,-1.5708,1.0472,2.12883,0.7854
2.6179,-0.2618,-0.5236,-1.5708,1.0472,2.13055,0.7854
2.6179,-0.2618,-0.5236,-1.5708,1.0472,2.13227,0.7854
2.6179,-0.2618,-0.5236,-1.5708,1.0472,2.13399,0.7854
2.6179,-0.2618,-0.5236,-1.5708,1.0472,2.13571,0.7854
2.6179,-0.2618,-0.5236,-1.5708,1.0472,2.13744,0.7854
2.6179,-0.2618,-0.5236,-1.5708,1.0472,2.13916,0.7854
2.6179,-0.2618,-0.5236,-1.5708,1.0472,2.14089,0.7854
2.6179,-0.2618,-0.5236,-1.5708,1.0472,2.14262,0.7854
2.6179,-0.2618,-0.5236,-1.5708,1.0472,2.14435,0.7854
2.6179,-0.2618,-0.5236,-1.5708,1.0472,2.14608,0.7854
2.6179,-0.2618,-0.5236,-1.5708,1.0472,2.14781,0.7854
2.6179,-0.2618,-0.5236,-1.5708,1.0472,2.14954,0.7854
2.6179,-0.2618,-0.5236,-1.5708,1.0472,2.15128,0.7854
2.6179,-0.2618,-0.5236,-1.5708,1.0472,2.15301,0.7854
2.6179,-0.2618,-0.5236,-1.5708,1.0472,2.15475,0.7854
2.6179,-0.2618,-0.5236,-1.5708,1.0472,2.15649,0.7854
2.6179,-0.2618,-0.5236,-1.5708,1.0472,2.15823,0.7854
2.6179,-0.2618,-0.5236,-1.5708,1.0472,2.15997,0.7854
2.6179,-0.2618,-0.5236,-1.5708,1.0472,2.16171,0.7854
2.6179,-0.2618,-0.5236,-1.5708,1.0472,2.16346,0.7854
2.6179,-0.2618,-0.5236,-1.5708,1.0472,2.1652,0.7854
2.6179,-0.2618,-0.5236,-1.5708,1.0472,2.16695,0.7854
2.6179,-0.2618,-0.5236,-1.5708,1.0472,2.16869,0.7854
2.6179,-0.2618,-0.5236,-1.5708,1.0472,2.17044,0.7854
2.6179,-0.2618,-0.5236,-1.5708,1.0472,2.17219,0.7854
2.6179,-0.2618,-0.5236,-1.5708,1.0472,2.17394,0.7854
2.6179,-0.2618,-0.5236,-1.5708,1.0472,2.17569,0.7854
2.6179,-0.2618,-0.5236,-1.5708,1.0472,2.17745,0.7854
2.6179,-0.2618,-0.5236,-1.5708,1.0472,2.1792,0.7854
2.6179,-0.2618,-0.5236,-1.5708,1.0472,2.18095,0.7854
2.6179,-0.2618,-0.5236,-1.5708,1.0472,2.18271,0.7854
2.6179,-0.2618,-0.5236,-1.5708,1.0472,2.18447,0.7854
2.6179,-0.2618,-0.5236,-1.5708,1.0472,2.18622,0.7854
2.6179,-0.2618,-0.5236,-1.5708,1.0472,2.18798,0.7854
2.6179,-0.2618,-0.5236,-1.5708,1.0472,2.18974,0.7854
2.6179,-0.2618,-0.5236,-1.5708,1.0472,2.1915,0.7854
2.6179,-0.2618,-0.5236,-1.5708,1.0472,2.19326,0.7854
2.6179,-0.2618,-0.5236,-1.5708,1.0472,2.19503,0.7854
2.6179,-0.2618,-0.5236,-1.5708,1.0472,2.19679,0.7854
2.6179,-0.2618,-0.5236,-1.5708,1.0472,2.19855,0.7854
2.6179,-0.2618,-0.5236,-1.5708,1.0472,2.20032,0.7854
2.6179,-0.2618,-0.5236,-1.5708,1.0472,2.20208,0.7854
2.6179,-0.2618,-0.5236,-1.5708,1.0472,2.20385,0.7854
2.6179,-0.2618,-0.5236,-1.5708,1.0472,2.20561,0.7854
2.6179,-0.2618,-0.5236,-1.5708,1.0472,2.20738,0.7854
2.6179,-0.2618,-0.5236,-1.5708,1.0472,2.20915,0.7854
2.6179,-0.2618,-0.5236,-1.5708,1.0472,2.21092,0.7854
2.6179,-0.2618,-0.5236,-1.5708,1.0472,2.21269,0.7854
2.6179,-0.2618,-0.5236,-1.5708,1.0472,2.21446,0.7854
2.6179,-0.2618,-0.5236,-1.5708,1.0472,2.21623,0.7854
2.6179,-0.2618,-0.5236,-1.5708,1.0472,2.218,0.7854
2.6179,-0.2618,-0.5236,-1.5708,1.0472,2.21977,0.7854
2.6179,-0.2618,-0.5236,-1.5708,1.0472,2.22154,0.7854
2.6179,-0.2618,-0.5236,-1.5708,1.0472,2.22332,0.7854
2.6179,-0.2618,-0.5236,-1.5708,1.0472,2.22509,0.7854
2.6179,-0.2618,-0.5236,-1.5708,1.0472,2.22686,0.7854
2.6179,-0.2618,-0.5236,-1.5708,1.0472,2.22864,0.7854
2.6179,-0.2618,-0.5236,-1.5708,1.0472,2.23041,0.7854
2.6179,-0.2618,-0.5236,-1.5708,1.0472,2.23219,0.7854
2.6179,-0.2618,-0.5236,-1.5708,1.0472,2.23396,0.7854
2.6179,-0.2618,-0.5236,-1.5708,1.0472,2.23574,0.7854
2.6179,-0.2618,-0.5236,-1.5708,1.0472,2.23752,0.7854
2.6179,-0.2618,-0.5236,-1.5708,1.0472,2.23929,0.7854
2.6179,-0.2618,-0.5236,-1.5708,1.0472,2.24107,0.7854
2.6179,-0.2618,-0.5236,-1.5708,1.0472,2.24285,0.7854
2.6179,-0.2618,-0.5236,-1.5708,1.0472,2.24463,0.7854
2.6179,-0.2618,-0.5236,-1.5708,1.0472,2.2464,0.7854
2.6179,-0.2618,-0.5236,-1.5708,1.0472,2.24818,0.7854
2.6179,-0.2618,-0.5236,-1.5708,1.0472,2.24996,0.7854
2.6179,-0.2618,-0.5236,-1.5708,1.0472,2.25174,0.7854
2.6179,-0.2618,-0.5236,-1.5708,1.0472,2.25352,0.7854
2.6179,-0.2618,-0.5236,-1.5708,1.0472,2.2553,0.7854
2.6179,-0.2618,-0.5236,-1.5708,1.0472,2.25708,0.7854
2.6179,-0.2618,-0.5236,-1.5708,1.0472,2.25886,0.7854
2.6179,-0.2618,-0.5236,-1.5708,1.0472,2.26064,0.7854
2.6179,-0.2618,-0.5236,-1.5708,1.0472,2.26242,0.7854
2.6179,-0.2618,-0.5236,-1.5708,1.0472,2.2642,0.7854
2.6179,-0.2618,-0.5236,-1.5708,1.0472,2.26598,0.7854
2.6179,-0.2618,-0.5236,-1.5708,1.0472,2.26776,0.7854
2.6179,-0.2618,-0.5236,-1.5708,1.0472,2.26954,0.7854
2.6179,-0.2618,-0.5236,-1.5708,1.0472,2.27131,0.7854
2.6179,-0.2618,-0.5236,-1.5708,1.0472,2.27309,0.7854
2.6179,-0.2618,-0.5236,-1.5708,1.0472,2.27487,0.7854
2.6179,-0.2618,-0.5236,-1.5708,1.0472,2.27665,0.7854
2.6179,-0.2618,-0.5236,-1.5708,1.0472,2.27843,0.7854
2.6179,-0.2618,-0.5236,-1.5708,1.0472,2.28021,0.7854
2.6179,-0.2618,-0.5236,-1.5708,1.0472,2.28199,0.7854
2.6179,-0.2618,-0.5236,-1.5708,1.0472,2.28377,0.7854
2.6179,-0.2618,-0.5236,-1.5708,1.0472,2.28555,0.7854
2.6179,-0.2618,-0.5236,-1.5708,1.0472,2.28733,0.7854
2.6179,-0.2618,-0.5236,-1.5708,1.0472,2.28911,0.7854
2.6179,-0.2618,-0.5236,-1.5708,1.0472,2.29089,0.7854
2.6179,-0.2618,-0.5236,-1.5708,1.0472,2.29266,0.7854
2.6179,-0.2618,-0.5236,-1.5708,1.0472,2.29444,0.7854
2.6179,-0.2618,-0.5236,-1.5708,1.0472,2.29622,0.7854
2.6179,-0.2618,-0.5236,-1.5708,1.0472,2.298,0.7854
2.6179,-0.2618,-0.5236,-1.5708,1.0472,2.29977,0.7854
2.6179,-0.2618,-0.5236,-1.5708,1.0472,2.30155,0.7854
2.6179,-0.2618,-0.5236,-1.5708,1.0472,2.30333,0.7854
2.6179,-0.2618,-0.5236,-1.5708,1.0472,2.3051,0.7854
2.6179,-0.2618,-0.5236,-1.5708,1.0472,2.30688,0.7854
2.6179,-0.2618,-0.5236,-1.5708,1.0472,2.30865,0.7854
2.6179,-0.2618,-0.5236,-1.5708,1.0472,2.31043,0.7854
2.6179,-0.2618,-0.5236,-1.5708,1.0472,2.3122,0.7854
2.6179,-0.2618,-0.5236,-1.5708,1.0472,2.31398,0.7854
2.6179,-0.2618,-0.5236,-1.5708,1.0472,2.31575,0.7854
2.6179,-0.2618,-0.5236,-1.5708,1.0472,2.31752,0.7854
2.6179,-0.2618,-0.5236,-1.5708,1.0472,2.31929,0.7854
2.6179,-0.2618,-0.5236,-1.5708,1.0472,2.32107,0.7854
2.6179,-0.2618,-0.5236,-1.5708,1.0472,2.32284,0.7854
2.6179,-0.2618,-0.5236,-1.5708,1.0472,2.32461,0.7854
2.6179,-0.2618,-0.5236,-1.5708,1.0472,2.32638,0.7854
2.6179,-0.2618,-0.5236,-1.5708,1.0472,2.32814,0.7854
2.6179,-0.2618,-0.5236,-1.5708,1.0472,2.32991,0.7854
2.6179,-0.2618,-0.5236,-1.5708,1.0472,2.33168,0.7854
2.6179,-0.2618,-0.5236,-1.5708,1.0472,2.33345,0.7854
2.6179,-0.2618,-0.5236,-1.5708,1.0472,2.33521,0.7854
2.6179,-0.2618,-0.5236,-1.5708,1.0472,2.33698,0.7854
2.6179,-0.2618,-0.5236,-1.5708,1.0472,2.33874,0.7854
2.6179,-0.2618,-0.5236,-1.5708,1.0472,2.34051,0.7854
2.6179,-0.2618,-0.5236,-1.5708,1.0472,2.34227,0.7854
2.6179,-0.2618,-0.5236,-1.5708,1.0472,2.34403,0.7854
2.6179,-0.2618,-0.5236,-1.5708,1.0472,2.34579,0.7854
2.6179,-0.2618,-0.5236,-1.5708,1.0472,2.34756,0.7854
2.6179,-0.2618,-0.5236,-1.5708,1.0472,2.34931,0.7854
2.6179,-0.2618,-0.5236,-1.5708,1.0472,2.35107,0.7854
2.6179,-0.2618,-0.5236,-1.5708,1.0472,2.35283,0.7854
2.6179,-0.2618,-0.5236,-1.5708,1.0472,2.35459,0.7854
2.6179,-0.2618,-0.5236,-1.5708,1.0472,2.35634,0.7854
2.6179,-0.2618,-0.5236,-1.5708,1.0472,2.3581,0.7854
2.6179,-0.2618,-0.5236,-1.5708,1.0472,2.35985,0.7854
2.6179,-0.2618,-0.5236,-1.5708,1.0472,2.36161,0.7854
2.6179,-0.2618,-0.5236,-1.5708,1.0472,2.36336,0.7854
2.6179,-0.2618,-0.5236,-1.5708,1.0472,2.36511,0.7854
2.6179,-0.2618,-0.5236,-1.5708,1.0472,2.36686,0.7854
2.6179,-0.2618,-0.5236,-1.5708,1.0472,2.36861,0.7854
2.6179,-0.2618,-0.5236,-1.5708,1.0472,2.37035,0.7854
2.6179,-0.2618,-0.5236,-1.5708,1.0472,2.3721,0.7854
2.6179,-0.2618,-0.5236,-1.5708,1.0472,2.37385,0.7854
2.6179,-0.2618,-0.5236,-1.5708,1.0472,2.37559,0.7854
2.6179,-0.2618,-0.5236,-1.5708,1.0472,2.37733,0.7854
2.6179,-0.2618,-0.5236,-1.5708,1.0472,2.37907,0.7854
2.6179,-0.2618,-0.5236,-1.5708,1.0472,2.38081,0.7854
2.6179,-0.2618,-0.5236,-1.5708,1.0472,2.38255,0.7854
2.6179,-0.2618,-0.5236,-1.5708,1.0472,2.38429,0.7854
2.6179,-0.2618,-0.5236,-1.5708,1.0472,2.38603,0.7854
2.6179,-0.2618,-0.5236,-1.5708,1.0472,2.38776,0.7854
2.6179,-0.2618,-0.5236,-1.5708,1.0472,2.3895,0.7854
2.6179,-0.2618,-0.5236,-1.5708,1.0472,2.39123,0.7854
2.6179,-0.2618,-0.5236,-1.5708,1.0472,2.39296,0.7854
2.6179,-0.2618,-0.5236,-1.5708,1.0472,2.39469,0.7854
2.6179,-0.2618,-0.5236,-1.5708,1.0472,2.39642,0.7854
2.6179,-0.2618,-0.5236,-1.5708,1.0472,2.39815,0.7854
2.6179,-0.2618,-0.5236,-1.5708,1.0472,2.39987,0.7854
2.6179,-0.2618,-0.5236,-1.5708,1.0472,2.4016,0.7854
2.6179,-0.2618,-0.5236,-1.5708,1.0472,2.40332,0.7854
2.6179,-0.2618,-0.5236,-1.5708,1.0472,2.40504,0.7854
2.6179,-0.2618,-0.5236,-1.5708,1.0472,2.40676,0.7854
2.6179,-0.2618,-0.5236,-1.5708,1.0472,2.40848,0.7854
2.6179,-0.2618,-0.5236,-1.5708,1.0472,2.41019,0.7854
2.6179,-0.2618,-0.5236,-1.5708,1.0472,2.41191,0.7854
2.6179,-0.2618,-0.5236,-1.5708,1.0472,2.41362,0.7854
2.6179,-0.2618,-0.5236,-1.5708,1.0472,2.41533,0.7854
2.6179,-0.2618,-0.5236,-1.5708,1.0472,2.41704,0.7854
2.6179,-0.2618,-0.5236,-1.5708,1.0472,2.41875,0.7854
2.6179,-0.2618,-0.5236,-1.5708,1.0472,2.42046,0.7854
2.6179,-0.2618,-0.5236,-1.5708,1.0472,2.42216,0.7854
2.6179,-0.2618,-0.5236,-1.5708,1.0472,2.42387,0.7854
2.6179,-0.2618,-0.5236,-1.5708,1.0472,2.42557,0.7854
2.6179,-0.2618,-0.5236,-1.5708,1.0472,2.42727,0.7854
2.6179,-0.2618,-0.5236,-1.5708,1.0472,2.42897,0.7854
2.6179,-0.2618,-0.5236,-1.5708,1.0472,2.43066,0.7854
2.6179,-0.2618,-0.5236,-1.5708,1.0472,2.43236,0.7854
2.6179,-0.2618,-0.5236,-1.5708,1.0472,2.43405,0.7854
2.6179,-0.2618,-0.5236,-1.5708,1.0472,2.43574,0.7854
2.6179,-0.2618,-0.5236,-1.5708,1.0472,2.43743,0.7854
2.6179,-0.2618,-0.5236,-1.5708,1.0472,2.43912,0.7854
2.6179,-0.2618,-0.5236,-1.5708,1.0472,2.4408,0.7854
2.6179,-0.2618,-0.5236,-1.5708,1.0472,2.44249,0.7854
2.6179,-0.2618,-0.5236,-1.5708,1.0472,2.44417,0.7854
2.6179,-0.2618,-0.5236,-1.5708,1.0472,2.44585,0.7854
2.6179,-0.2618,-0.5236,-1.5708,1.0472,2.44753,0.7854
2.6179,-0.2618,-0.5236,-1.5708,1.0472,2.4492,0.7854
2.6179,-0.2618,-0.5236,-1.5708,1.0472,2.45088,0.7854
2.6179,-0.2618,-0.5236,-1.5708,1.0472,2.45255,0.7854
2.6179,-0.2618,-0.5236,-1.5708,1.0472,2.45422,0.7854
2.6179,-0.2618,-0.5236,-1.5708,1.0472,2.45589,0.7854
2.6179,-0.2618,-0.5236,-1.5708,1.0472,2.45755,0.7854
2.6179,-0.2618,-0.5236,-1.5708,1.0472,2.45922,0.7854
2.6179,-0.2618,-0.5236,-1.5708,1.0472,2.46088,0.7854
2.6179,-0.2618,-0.5236,-1.5708,1.0472,2.46254,0.7854
2.6179,-0.2618,-0.5236,-1.5708,1.0472,2.46419,0.7854
2.6179,-0.2618,-0.5236,-1.5708,1.0472,2.46585,0.7854
2.6179,-0.2618,-0.5236,-1.5708,1.0472,2.4675,0.7854
2.6179,-0.2618,-0.5236,-1.5708,1.0472,2.46915,0.7854
2.6179,-0.2618,-0.5236,-1.5708,1.0472,2.4708,0.7854
2.6179,-0.2618,-0.5236,-1.5708,1.0472,2.47245,0.7854
2.6179,-0.2618,-0.5236,-1.5708,1.0472,2.47409,0.7854
2.6179,-0.2618,-0.5236,-1.5708,1.0472,2.47573,0.7854
2.6179,-0.2618,-0.5236,-1.5708,1.0472,2.47737,0.7854
2.6179,-0.2618,-0.5236,-1.5708,1.0472,2.47901,0.7854
2.6179,-0.2618,-0.5236,-1.5708,1.0472,2.48065,0.7854
2.6179,-0.2618,-0.5236,-1.5708,1.0472,2.48228,0.7854
2.6179,-0.2618,-0.5236,-1.5708,1.0472,2.48391,0.7854
2.6179,-0.2618,-0.5236,-1.5708,1.0472,2.48554,0.7854
2.6179,-0.2618,-0.5236,-1.5708,1.0472,2.48716,0.7854
2.6179,-0.2618,-0.5236,-1.5708,1.0472,2.48879,0.7854
2.6179,-0.2618,-0.5236,-1.5708,1.0472,2.49041,0.7854
2.6179,-0.2618,-0.5236,-1.5708,1.0472,2.49203,0.7854
2.6179,-0.2618,-0.5236,-1.5708,1.0472,2.49364,0.7854
2.6179,-0.2618,-0.5236,-1.5708,1.0472,2.49526,0.7854
2.6179,-0.2618,-0.5236,-1.5708,1.0472,2.49687,0.7854
2.6179,-0.2618,-0.5236,-1.5708,1.0472,2.49848,0.7854
2.6179,-0.2618,-0.5236,-1.5708,1.0472,2.50008,0.7854
2.6179,-0.2618,-0.5236,-1.5708,1.0472,2.50169,0.7854
2.6179,-0.2618,-0.5236,-1.5708,1.0472,2.50329,0.7854
2.6179,-0.2618,-0.5236,-1.5708,1.0472,2.50489,0.7854
2.6179,-0.2618,-0.5236,-1.5708,1.0472,2.50648,0.7854
2.6179,-0.2618,-0.5236,-1.5708,1.0472,2.50808,0.7854
2.6179,-0.2618,-0.5236,-1.5708,1.0472,2.50967,0.7854
2.6179,-0.2618,-0.5236,-1.5708,1.0472,2.51126,0.7854
2.6179,-0.2618,-0.5236,-1.5708,1.0472,2.51284,0.7854
2.6179,-0.2618,-0.5236,-1.5708,1.0472,2.51443,0.7854
2.6179,-0.2618,-0.5236,-1.5708,1.0472,2.51601,0.7854
2.6179,-0.2618,-0.5236,-1.5708,1.0472,2.51758,0.7854
2.6179,-0.2618,-0.5236,-1.5708,1.0472,2.51916,0.7854
2.6179,-0.2618,-0.5236,-1.5708,1.0472,2.52073,0.7854
2.6179,-0.2618,-0.5236,-1.5708,1.0472,2.5223,0.7854
2.6179,-0.2618,-0.5236,-1.5708,1.0472,2.52387,0.7854
2.6179,-0.2618,-0.5236,-1.5708,1.0472,2.52543,0.7854
2.6179,-0.2618,-0.5236,-1.5708,1.0472,2.527,0.7854
2.6179,-0.2618,-0.5236,-1.5708,1.0472,2.52856,0.7854
2.6179,-0.2618,-0.5236,-1.5708,1.0472,2.53011,0.7854
2.6179,-0.2618,-0.5236,-1.5708,1.0472,2.53167,0.7854
2.6179,-0.2618,-0.5236,-1.5708,1.0472,2.53322,0.7854
2.6179,-0.2618,-0.5236,-1.5708,1.0472,2.53476,0.7854
2.6179,-0.2618,-0.5236,-1.5708,1.0472,2.53631,0.7854
2.6179,-0.2618,-0.5236,-1.5708,1.0472,2.53785,0.7854
2.6179,-0.2618,-0.5236,-1.5708,1.0472,2.53939,0.7854
2.6179,-0.2618,-0.5236,-1.5708,1.0472,2.54093,0.7854
2.6179,-0.2618,-0.5236,-1.5708,1.0472,2.54246,0.7854
2.6179,-0.2618,-0.5236,-1.5708,1.0472,2.54399,0.7854
2.6179,-0.2618,-0.5236,-1.5708,1.0472,2.54552,0.7854
2.6179,-0.2618,-0.5236,-1.5708,1.0472,2.54704,0.7854
2.6179,-0.2618,-0.5236,-1.5708,1.0472,2.54857,0.7854
2.6179,-0.2618,-0.5236,-1.5708,1.0472,2.55009,0.7854
2.6179,-0.2618,-0.5236,-1.5708,1.0472,2.5516,0.7854
2.6179,-0.2618,-0.5236,-1.5708,1.0472,2.55311,0.7854
2.6179,-0.2618,-0.5236,-1.5708,1.0472,2.55462,0.7854
2.6179,-0.2618,-0.5236,-1.5708,1.0472,2.55613,0.7854
2.6179,-0.2618,-0.5236,-1.5708,1.0472,2.55764,0.7854
2.6179,-0.2618,-0.5236,-1.5708,1.0472,2.55914,0.7854
2.6179,-0.2618,-0.5236,-1.5708,1.0472,2.56064,0.7854
2.6179,-0.2618,-0.5236,-1.5708,1.0472,2.56213,0.7854
2.6179,-0.2618,-0.5236,-1.5708,1.0472,2.56362,0.7854
2.6179,-0.2618,-0.5236,-1.5708,1.0472,2.56511,0.7854
2.6179,-0.2618,-0.5236,-1.5708,1.0472,2.5666,0.7854
2.6179,-0.2618,-0.5236,-1.5708,1.0472,2.56808,0.7854
2.6179,-0.2618,-0.5236,-1.5708,1.0472,2.56956,0.7854
2.6179,-0.2618,-0.5236,-1.5708,1.0472,2.57104,0.7854
2.6179,-0.2618,-0.5236,-1.5708,1.0472,2.57251,0.7854
2.6179,-0.2618,-0.5236,-1.5708,1.0472,2.57398,0.7854
2.6179,-0.2618,-0.5236,-1.5708,1.0472,2.57545,0.7854
2.6179,-0.2618,-0.5236,-1.5708,1.0472,2.57691,0.7854
2.6179,-0.2618,-0.5236,-1.5708,1.0472,2.57837,0.7854
2.6179,-0.2618,-0.5236,-1.5708,1.0472,2.57983,0.7854
2.6179,-0.2618,-0.5236,-1.5708,1.0472,2.58128,0.7854
2.6179,-0.2618,-0.5236,-1.5708,1.0472,2.58273,0.7854
2.6179,-0.2618,-0.5236,-1.5708,1.0472,2.58418,0.7854
2.6179,-0.2618,-0.5236,-1.5708,1.0472,2.58563,0.7854
2.6179,-0.2618,-0.5236,-1.5708,1.0472,2.58707,0.7854
2.6179,-0.2618,-0.5236,-1.5708,1.0472,2.5885,0.7854
2.6179,-0.2618,-0.5236,-1.5708,1.0472,2.58994,0.7854
2.6179,-0.2618,-0.5236,-1.5708,1.0472,2.59137,0.7854
2.6179,-0.2618,-0.5236,-1.5708,1.0472,2.5928,0.7854
2.6179,-0.2618,-0.5236,-1.5708,1.0472,2.59422,0.7854
2.6179,-0.2618,-0.5236,-1.5708,1.0472,2.59565,0.7854
2.6179,-0.2618,-0.5236,-1.5708,1.0472,2.59706,0.7854
2.6179,-0.2618,-0.5236,-1.5708,1.0472,2.59848,0.7854
2.6179,-0.2618,-0.5236,-1.5708,1.0472,2.59989,0.7854
2.6179,-0.2618,-0.5236,-1.5708,1.0472,2.6013,0.7854
2.6179,-0.2618,-0.5236,-1.5708,1.0472,2.6027,0.7854
2.6179,-0.2618,-0.5236,-1.5708,1.0472,2.6041,0.7854
2.6179,-0.2618,-0.5236,-1.5708,1.0472,2.6055,0.7854
2.6179,-0.2618,-0.5236,-1.5708,1.0472,2.6069,0.7854
2.6179,-0.2618,-0.5236,-1.5708,1.0472,2.60829,0.7854
2.6179,-0.2618,-0.5236,-1.5708,1.0472,2.60967,0.7854
2.6179,-0.2618,-0.5236,-1.5708,1.0472,2.61106,0.7854
2.6179,-0.2618,-0.5236,-1.5708,1.0472,2.61244,0.7854
2.6179,-0.2618,-0.5236,-1.5708,1.0472,2.61382,0.7854
2.6179,-0.2618,-0.5236,-1.5708,1.0472,2.61519,0.7854
2.6179,-0.2618,-0.5236,-1.5708,1.0472,2.61656,0.7854
2.6179,-0.2618,-0.5236,-1.5708,1.0472,2.61793,0.7854
2.6179,-0.2618,-0.5236,-1.5708,1.0472,2.61929,0.7854
2.6179,-0.2618,-0.5236,-1.5708,1.0472,2.62065,0.7854
2.6179,-0.2618,-0.5236,-1.5708,1.0472,2.62201,0.7854
2.6179,-0.2618,-0.5236,-1.5708,1.0472,2.62336,0.7854
2.6179,-0.2618,-0.5236,-1.5708,1.0472,2.62471,0.7854
2.6179,-0.2618,-0.5236,-1.5708,1.0472,2.62605,0.7854
2.6179,-0.2618,-0.5236,-1.5708,1.0472,2.6274,0.7854
2.6179,-0.2618,-0.5236,-1.5708,1.0472,2.62874,0.7854
2.6179,-0.2618,-0.5236,-1.5708,1.0472,2.63007,0.7854
2.6179,-0.2618,-0.5236,-1.5708,1.0472,2.6314,0.7854
2.6179,-0.2618,-0.5236,-1.5708,1.0472,2.63273,0.7854
2.6179,-0.2618,-0.5236,-1.5708,1.0472,2.63405,0.7854
2.6179,-0.2618,-0.5236,-1.5708,1.0472,2.63537,0.7854
2.6179,-0.2618,-0.5236,-1.5708,1.0472,2.63669,0.7854
2.6179,-0.2618,-0.5236,-1.5708,1.0472,2.63801,0.7854
2.6179,-0.2618,-0.5236,-1.5708,1.0472,2.63931,0.7854
2.6179,-0.2618,-0.5236,-1.5708,1.0472,2.64062,0.7854
2.6179,-0.2618,-0.5236,-1.5708,1.0472,2.64192,0.7854
2.6179,-0.2618,-0.5236,-1.5708,1.0472,2.64322,0.7854
2.6179,-0.2618,-0.5236,-1.5708,1.0472,2.64452,0.7854
2.6179,-0.2618,-0.5236,-1.5708,1.0472,2.64581,0.7854
2.6179,-0.2618,-0.5236,-1.5708,1.0472,2.6471,0.7854
2.6179,-0.2618,-0.5236,-1.5708,1.0472,2.64838,0.7854
2.6179,-0.2618,-0.5236,-1.5708,1.0472,2.64966,0.7854
2.6179,-0.2618,-0.5236,-1.5708,1.0472,2.65094,0.7854
2.6179,-0.2618,-0.5236,-1.5708,1.0472,2.65221,0.7854
2.6179,-0.2618,-0.5236,-1.5708,1.0472,2.65348,0.7854
2.6179,-0.2618,-0.5236,-1.5708,1.0472,2.65475,0.7854
2.6179,-0.2618,-0.5236,-1.5708,1.0472,2.65601,0.7854
2.6179,-0.2618,-0.5236,-1.5708,1.0472,2.65727,0.7854
2.6179,-0.2618,-0.5236,-1.5708,1.0472,2.65852,0.7854
2.6179,-0.2618,-0.5236,-1.5708,1.0472,2.65977,0.7854
2.6179,-0.2618,-0.5236,-1.5708,1.0472,2.66102,0.7854
2.6179,-0.2618,-0.5236,-1.5708,1.0472,2.66226,0.7854
2.6179,-0.2618,-0.5236,-1.5708,1.0472,2.6635,0.7854
2.6179,-0.2618,-0.5236,-1.5708,1.0472,2.66474,0.7854
2.6179,-0.2618,-0.5236,-1.5708,1.0472,2.66597,0.7854
2.6179,-0.2618,-0.5236,-1.5708,1.0472,2.6672,0.7854
2.6179,-0.2618,-0.5236,-1.5708,1.0472,2.66842,0.7854
2.6179,-0.2618,-0.5236,-1.5708,1.0472,2.66964,0.7854
2.6179,-0.2618,-0.5236,-1.5708,1.0472,2.67086,0.7854
2.6179,-0.2618,-0.5236,-1.5708,1.0472,2.67207,0.7854
2.6179,-0.2618,-0.5236,-1.5708,1.0472,2.67328,0.7854
2.6179,-0.2618,-0.5236,-1.5708,1.0472,2.67448,0.7854
2.6179,-0.2618,-0.5236,-1.5708,1.0472,2.67569,0.7854
2.6179,-0.2618,-0.5236,-1.5708,1.0472,2.67688,0.7854
2.6179,-0.2618,-0.5236,-1.5708,1.0472,2.67808,0.7854
2.6179,-0.2618,-0.5236,-1.5708,1.0472,2.67927,0.7854
2.6179,-0.2618,-0.5236,-1.5708,1.0472,2.68045,0.7854
2.6179,-0.2618,-0.5236,-1.5708,1.0472,2.68163,0.7854
2.6179,-0.2618,-0.5236,-1.5708,1.0472,2.68281,0.7854
2.6179,-0.2618,-0.5236,-1.5708,1.0472,2.68399,0.7854
2.6179,-0.2618,-0.5236,-1.5708,1.0472,2.68516,0.7854
2.6179,-0.2618,-0.5236,-1.5708,1.0472,2.68632,0.7854
2.6179,-0.2618,-0.5236,-1.5708,1.0472,2.68749,0.7854
2.6179,-0.2618,-0.5236,-1.5708,1.0472,2.68865,0.7854
2.6179,-0.2618,-0.5236,-1.5708,1.0472,2.6898,0.7854
2.6179,-0.2618,-0.5236,-1.5708,1.0472,2.69095,0.7854
2.6179,-0.2618,-0.5236,-1.5708,1.0472,2.6921,0.7854
2.6179,-0.2618,-0.5236,-1.5708,1.0472,2.69324,0.7854
2.6179,-0.2618,-0.5236,-1.5708,1.0472,2.69438,0.7854
2.6179,-0.2618,-0.5236,-1.5708,1.0472,2.69552,0.7854
2.6179,-0.2618,-0.5236,-1.5708,1.0472,2.69665,0.7854
2.6179,-0.2618,-0.5236,-1.5708,1.0472,2.69778,0.7854
2.6179,-0.2618,-0.5236,-1.5708,1.0472,2.6989,0.7854
2.6179,-0.2618,-0.5236,-1.5708,1.0472,2.70002,0.7854
2.6179,-0.2618,-0.5236,-1.5708,1.0472,2.70114,0.7854
2.6179,-0.2618,-0.5236,-1.5708,1.0472,2.70225,0.7854
2.6179,-0.2618,-0.5236,-1.5708,1.0472,2.70336,0.7854
2.6179,-0.2618,-0.5236,-1.5708,1.0472,2.70446,0.7854
2.6179,-0.2618,-0.5236,-1.5708,1.0472,2.70556,0.7854
2.6179,-0.2618,-0.5236,-1.5708,1.0472,2.70666,0.7854
2.6179,-0.2618,-0.5236,-1.5708,1.0472,2.70775,0.7854
2.6179,-0.2618,-0.5236,-1.5708,1.0472,2.70884,0.7854
2.6179,-0.2618,-0.5236,-1.5708,1.0472,2.70992,0.7854
2.6179,-0.2618,-0.5236,-1.5708,1.0472,2.711,0.7854
2.6179,-0.2618,-0.5236,-1.5708,1.0472,2.71208,0.7854
2.6179,-0.2618,-0.5236,-1.5708,1.0472,2.71315,0.7854
2.6179,-0.2618,-0.5236,-1.5708,1.0472,2.71422,0.7854
2.6179,-0.2618,-0.5236,-1.5708,1.0472,2.71528,0.7854
2.6179,-0.2618,-0.5236,-1.5708,1.0472,2.71634,0.7854
2.6179,-0.2618,-0.5236,-1.5708,1.0472,2.7174,0.7854
2.6179,-0.2618,-0.5236,-1.5708,1.0472,2.71845,0.7854
2.6179,-0.2618,-0.5236,-1.5708,1.0472,2.7195,0.7854
2.6179,-0.2618,-0.5236,-1.5708,1.0472,2.72055,0.7854
2.6179,-0.2618,-0.5236,-1.5708,1.0472,2.72159,0.7854
2.6179,-0.2618,-0.5236,-1.5708,1.0472,2.72262,0.7854
2.6179,-0.2618,-0.5236,-1.5708,1.0472,2.72366,0.7854
2.6179,-0.2618,-0.5236,-1.5708,1.0472,2.72468,0.7854
2.6179,-0.2618,-0.5236,-1.5708,1.0472,2.72571,0.7854
2.6179,-0.2618,-0.5236,-1.5708,1.0472,2.72673,0.7854
2.6179,-0.2618,-0.5236,-1.5708,1.0472,2.72775,0.7854
2.6179,-0.2618,-0.5236,-1.5708,1.0472,2.72876,0.7854
2.6179,-0.2618,-0.5236,-1.5708,1.0472,2.72977,0.7854
2.6179,-0.2618,-0.5236,-1.5708,1.0472,2.73077,0.7854
2.6179,-0.2618,-0.5236,-1.5708,1.0472,2.73177,0.7854
2.6179,-0.2618,-0.5236,-1.5708,1.0472,2.73277,0.7854
2.6179,-0.2618,-0.5236,-1.5708,1.0472,2.73376,0.7854
2.6179,-0.2618,-0.5236,-1.5708,1.0472,2.73475,0.7854
2.6179,-0.2618,-0.5236,-1.5708,1.0472,2.73574,0.7854
2.6179,-0.2618,-0.5236,-1.5708,1.0472,2.73672,0.7854
2.6179,-0.2618,-0.5236,-1.5708,1.0472,2.7377,0.7854
2.6179,-0.2618,-0.5236,-1.5708,1.0472,2.73867,0.7854
2.6179,-0.2618,-0.5236,-1.5708,1.0472,2.73964,0.7854
2.6179,-0.2618,-0.5236,-1.5708,1.0472,2.7406,0.7854
2.6179,-0.2618,-0.5236,-1.5708,1.0472,2.74156,0.7854
2.6179,-0.2618,-0.5236,-1.5708,1.0472,2.74252,0.7854
2.6179,-0.2618,-0.5236,-1.5708,1.0472,2.74347,0.7854
2.6179,-0.2618,-0.5236,-1.5708,1.0472,2.74442,0.7854
2.6179,-0.2618,-0.5236,-1.5708,1.0472,2.74537,0.7854
2.6179,-0.2618,-0.5236,-1.5708,1.0472,2.74631,0.7854
2.6179,-0.2618,-0.5236,-1.5708,1.0472,2.74725,0.7854
2.6179,-0.2618,-0.5236,-1.5708,1.0472,2.74818,0.7854
2.6179,-0.2618,-0.5236,-1.5708,1.0472,2.74911,0.7854
2.6179,-0.2618,-0.5236,-1.5708,1.0472,2.75003,0.7854
2.6179,-0.2618,-0.5236,-1.5708,1.0472,2.75095,0.7854
2.6179,-0.2618,-0.5236,-1.5708,1.0472,2.75187,0.7854
2.6179,-0.2618,-0.5236,-1.5708,1.0472,2.75278,0.7854
2.6179,-0.2618,-0.5236,-1.5708,1.0472,2.75369,0.7854
2.6179,-0.2618,-0.5236,-1.5708,1.0472,2.7546,0.7854
2.6179,-0.2618,-0.5236,-1.5708,1.0472,2.7555,0.7854
2.6179,-0.2618,-0.5236,-1.5708,1.0472,2.7564,0.7854
2.6179,-0.2618,-0.5236,-1.5708,1.0472,2.75729,0.7854
2.6179,-0.2618,-0.5236,-1.5708,1.0472,2.75818,0.7854
2.6179,-0.2618,-0.5236,-1.5708,1.0472,2.75906,0.7854
2.6179,-0.2618,-0.5236,-1.5708,1.0472,2.75994,0.7854
2.6179,-0.2618,-0.5236,-1.5708,1.0472,2.76082,0.7854
2.6179,-0.2618,-0.5236,-1.5708,1.0472,2.7617,0.7854
2.6179,-0.2618,-0.5236,-1.5708,1.0472,2.76256,0.7854
2.6179,-0.2618,-0.5236,-1.5708,1.0472,2.76343,0.7854
2.6179,-0.2618,-0.5236,-1.5708,1.0472,2.76429,0.7854
2.6179,-0.2618,-0.5236,-1.5708,1.0472,2.76515,0.7854
2.6179,-0.2618,-0.5236,-1.5708,1.0472,2.766,0.7854
2.6179,-0.2618,-0.5236,-1.5708,1.0472,2.76685,0.7854
2.6179,-0.2618,-0.5236,-1.5708,1.0472,2.7677,0.7854
2.6179,-0.2618,-0.5236,-1.5708,1.0472,2.76854,0.7854
2.6179,-0.2618,-0.5236,-1.5708,1.0472,2.76938,0.7854
2.6179,-0.2618,-0.5236,-1.5708,1.0472,2.77021,0.7854
2.6179,-0.2618,-0.5236,-1.5708,1.0472,2.77104,0.7854
2.6179,-0.2618,-0.5236,-1.5708,1.0472,2.77187,0.7854
2.6179,-0.2618,-0.5236,-1.5708,1.0472,2.77269,0.7854
2.6179,-0.2618,-0.5236,-1.5708,1.0472,2.77351,0.7854
2.6179,-0.2618,-0.5236,-1.5708,1.0472,2.77432,0.7854
2.6179,-0.2618,-0.5236,-1.5708,1.0472,2.77513,0.7854
2.6179,-0.2618,-0.5236,-1.5708,1.0472,2.77594,0.7854
2.6179,-0.2618,-0.5236,-1.5708,1.0472,2.77674,0.7854
2.6179,-0.2618,-0.5236,-1.5708,1.0472,2.77754,0.7854
2.6179,-0.2618,-0.5236,-1.5708,1.0472,2.77833,0.7854
2.6179,-0.2618,-0.5236,-1.5708,1.0472,2.77912,0.7854
2.6179,-0.2618,-0.5236,-1.5708,1.0472,2.77991,0.7854
2.6179,-0.2618,-0.5236,-1.5708,1.0472,2.78069,0.7854
2.6179,-0.2618,-0.5236,-1.5708,1.0472,2.78147,0.7854
2.6179,-0.2618,-0.5236,-1.5708,1.0472,2.78225,0.7854
2.6179,-0.2618,-0.5236,-1.5708,1.0472,2.78302,0.7854
2.6179,-0.2618,-0.5236,-1.5708,1.0472,2.78379,0.7854
2.6179,-0.2618,-0.5236,-1.5708,1.0472,2.78455,0.7854
2.6179,-0.2618,-0.5236,-1.5708,1.0472,2.78531,0.7854
2.6179,-0.2618,-0.5236,-1.5708,1.0472,2.78606,0.7854
2.6179,-0.2618,-0.5236,-1.5708,1.0472,2.78682,0.7854
2.6179,-0.2618,-0.5236,-1.5708,1.0472,2.78756,0.7854
2.6179,-0.2618,-0.5236,-1.5708,1.0472,2.78831,0.7854
2.6179,-0.2618,-0.5236,-1.5708,1.0472,2.78905,0.7854
2.6179,-0.2618,-0.5236,-1.5708,1.0472,2.78978,0.7854
2.6179,-0.2618,-0.5236,-1.5708,1.0472,2.79052,0.7854
2.6179,-0.2618,-0.5236,-1.5708,1.0472,2.79125,0.7854
2.6179,-0.2618,-0.5236,-1.5708,1.0472,2.79197,0.7854
2.6179,-0.2618,-0.5236,-1.5708,1.0472,2.79269,0.7854
2.6179,-0.2618,-0.5236,-1.5708,1.0472,2.79341,0.7854
2.6179,-0.2618,-0.5236,-1.5708,1.0472,2.79412,0.7854
2.6179,-0.2618,-0.5236,-1.5708,1.0472,2.79483,0.7854
2.6179,-0.2618,-0.5236,-1.5708,1.0472,2.79554,0.7854
2.6179,-0.2618,-0.5236,-1.5708,1.0472,2.79624,0.7854
2.6179,-0.2618,-0.5236,-1.5708,1.0472,2.79694,0.7854
2.6179,-0.2618,-0.5236,-1.5708,1.0472,2.79763,0.7854
2.6179,-0.2618,-0.5236,-1.5708,1.0472,2.79832,0.7854
2.6179,-0.2618,-0.5236,-1.5708,1.0472,2.79901,0.7854
2.6179,-0.2618,-0.5236,-1.5708,1.0472,2.79969,0.7854
2.6179,-0.2618,-0.5236,-1.5708,1.0472,2.80037,0.7854
2.6179,-0.2618,-0.5236,-1.5708,1.0472,2.80105,0.7854
2.6179,-0.2618,-0.5236,-1.5708,1.0472,2.80172,0.7854
2.6179,-0.2618,-0.5236,-1.5708,1.0472,2.80239,0.7854
2.6179,-0.2618,-0.5236,-1.5708,1.0472,2.80305,0.7854
2.6179,-0.2618,-0.5236,-1.5708,1.0472,2.80371,0.7854
2.6179,-0.2618,-0.5236,-1.5708,1.0472,2.80437,0.7854
2.6179,-0.2618,-0.5236,-1.5708,1.0472,2.80502,0.7854
2.6179,-0.2618,-0.5236,-1.5708,1.0472,2.80567,0.7854
2.6179,-0.2618,-0.5236,-1.5708,1.0472,2.80632,0.7854
2.6179,-0.2618,-0.5236,-1.5708,1.0472,2.80696,0.7854
2.6179,-0.2618,-0.5236,-1.5708,1.0472,2.8076,0.7854
2.6179,-0.2618,-0.5236,-1.5708,1.0472,2.80823,0.7854
2.6179,-0.2618,-0.5236,-1.5708,1.0472,2.80887,0.7854
2.6179,-0.2618,-0.5236,-1.5708,1.0472,2.80949,0.7854
2.6179,-0.2618,-0.5236,-1.5708,1.0472,2.81012,0.7854
2.6179,-0.2618,-0.5236,-1.5708,1.0472,2.81074,0.7854
2.6179,-0.2618,-0.5236,-1.5708,1.0472,2.81135,0.7854
2.6179,-0.2618,-0.5236,-1.5708,1.0472,2.81197,0.7854
2.6179,-0.2618,-0.5236,-1.5708,1.0472,2.81258,0.7854
2.6179,-0.2618,-0.5236,-1.5708,1.0472,2.81318,0.7854
2.6179,-0.2618,-0.5236,-1.5708,1.0472,2.81378,0.7854
2.6179,-0.2618,-0.5236,-1.5708,1.0472,2.81438,0.7854
2.6179,-0.2618,-0.5236,-1.5708,1.0472,2.81498,0.7854
2.6179,-0.2618,-0.5236,-1.5708,1.0472,2.81557,0.7854
2.6179,-0.2618,-0.5236,-1.5708,1.0472,2.81616,0.7854
2.6179,-0.2618,-0.5236,-1.5708,1.0472,2.81674,0.7854
2.6179,-0.2618,-0.5236,-1.5708,1.0472,2.81732,0.7854
2.6179,-0.2618,-0.5236,-1.5708,1.0472,2.8179,0.7854
2.6179,-0.2618,-0.5236,-1.5708,1.0472,2.81847,0.7854
2.6179,-0.2618,-0.5236,-1.5708,1.0472,2.81904,0.7854
2.6179,-0.2618,-0.5236,-1.5708,1.0472,2.81961,0.7854
2.6179,-0.2618,-0.5236,-1.5708,1.0472,2.82017,0.7854
2.6179,-0.2618,-0.5236,-1.5708,1.0472,2.82073,0.7854
2.6179,-0.2618,-0.5236,-1.5708,1.0472,2.82128,0.7854
2.6179,-0.2618,-0.5236,-1.5708,1.0472,2.82184,0.7854
2.6179,-0.2618,-0.5236,-1.5708,1.0472,2.82238,0.7854
2.6179,-0.2618,-0.5236,-1.5708,1.0472,2.82293,0.7854
2.6179,-0.2618,-0.5236,-1.5708,1.0472,2.82347,0.7854
2.6179,-0.2618,-0.5236,-1.5708,1.0472,2.82401,0.7854
2.6179,-0.2618,-0.5236,-1.5708,1.0472,2.82454,0.7854
2.6179,-0.2618,-0.5236,-1.5708,1.0472,2.82508,0.7854
2.6179,-0.2618,-0.5236,-1.5708,1.0472,2.8256,0.7854
2.6179,-0.2618,-0.5236,-1.5708,1.0472,2.82613,0.7854
2.6179,-0.2618,-0.5236,-1.5708,1.0472,2.82665,0.7854
2.6179,-0.2618,-0.5236,-1.5708,1.0472,2.82717,0.7854
2.6179,-0.2618,-0.5236,-1.5708,1.0472,2.82768,0.7854
2.6179,-0.2618,-0.5236,-1.5708,1.0472,2.82819,0.7854
2.6179,-0.2618,-0.5236,-1.5708,1.0472,2.8287,0.7854
2.6179,-0.2618,-0.5236,-1.5708,1.0472,2.8292,0.7854
2.6179,-0.2618,-0.5236,-1.5708,1.0472,2.8297,0.7854
2.6179,-0.2618,-0.5236,-1.5708,1.0472,2.8302,0.7854
2.6179,-0.2618,-0.5236,-1.5708,1.0472,2.8307,0.7854
2.6179,-0.2618,-0.5236,-1.5708,1.0472,2.83119,0.7854
2.6179,-0.2618,-0.5236,-1.5708,1.0472,2.83167,0.7854
2.6179,-0.2618,-0.5236,-1.5708,1.0472,2.83216,0.7854
2.6179,-0.2618,-0.5236,-1.5708,1.0472,2.83264,0.7854
2.6179,-0.2618,-0.5236,-1.5708,1.0472,2.83312,0.7854
2.6179,-0.2618,-0.5236,-1.5708,1.0472,2.83359,0.7854
2.6179,-0.2618,-0.5236,-1.5708,1.0472,2.83406,0.7854
2.6179,-0.2618,-0.5236,-1.5708,1.0472,2.83453,0.7854
2.6179,-0.2618,-0.5236,-1.5708,1.0472,2.83499,0.7854
2.6179,-0.2618,-0.5236,-1.5708,1.0472,2.83545,0.7854
2.6179,-0.2618,-0.5236,-1.5708,1.0472,2.83591,0.7854
2.6179,-0.2618,-0.5236,-1.5708,1.0472,2.83637,0.7854
2.6179,-0.2618,-0.5236,-1.5708,1.0472,2.83682,0.7854
2.6179,-0.2618,-0.5236,-1.5708,1.0472,2.83727,0.7854
2.6179,-0.2618,-0.5236,-1.5708,1.0472,2.83771,0.7854
2.6179,-0.2618,-0.5236,-1.5708,1.0472,2.83815,0.7854
2.6179,-0.2618,-0.5236,-1.5708,1.0472,2.83859,0.7854
2.6179,-0.2618,-0.5236,-1.5708,1.0472,2.83903,0.7854
2.6179,-0.2618,-0.5236,-1.5708,1.0472,2.83946,0.7854
2.6179,-0.2618,-0.5236,-1.5708,1.0472,2.83989,0.7854
2.6179,-0.2618,-0.5236,-1.5708,1.0472,2.84031,0.7854
2.6179,-0.2618,-0.5236,-1.5708,1.0472,2.84074,0.7854
2.6179,-0.2618,-0.5236,-1.5708,1.0472,2.84116,0.7854
2.6179,-0.2618,-0.5236,-1.5708,1.0472,2.84157,0.7854
2.6179,-0.2618,-0.5236,-1.5708,1.0472,2.84199,0.7854
2.6179,-0.2618,-0.5236,-1.5708,1.0472,2.8424,0.7854
2.6179,-0.2618,-0.5236,-1.5708,1.0472,2.8428,0.7854
2.6179,-0.2618,-0.5236,-1.5708,1.0472,2.84321,0.7854
2.6179,-0.2618,-0.5236,-1.5708,1.0472,2.84361,0.7854
2.6179,-0.2618,-0.5236,-1.5708,1.0472,2.84401,0.7854
2.6179,-0.2618,-0.5236,-1.5708,1.0472,2.8444,0.7854
2.6179,-0.2618,-0.5236,-1.5708,1.0472,2.84479,0.7854
2.6179,-0.2618,-0.5236,-1.5708,1.0472,2.84518,0.7854
2.6179,-0.2618,-0.5236,-1.5708,1.0472,2.84557,0.7854
2.6179,-0.2618,-0.5236,-1.5708,1.0472,2.84595,0.7854
2.6179,-0.2618,-0.5236,-1.5708,1.0472,2.84633,0.7854
2.6179,-0.2618,-0.5236,-1.5708,1.0472,2.84671,0.7854
2.6179,-0.2618,-0.5236,-1.5708,1.0472,2.84708,0.7854
2.6179,-0.2618,-0.5236,-1.5708,1.0472,2.84746,0.7854
2.6179,-0.2618,-0.5236,-1.5708,1.0472,2.84782,0.7854
2.6179,-0.2618,-0.5236,-1.5708,1.0472,2.84819,0.7854
2.6179,-0.2618,-0.5236,-1.5708,1.0472,2.84855,0.7854
2.6179,-0.2618,-0.5236,-1.5708,1.0472,2.84891,0.7854
2.6179,-0.2618,-0.5236,-1.5708,1.0472,2.84927,0.7854
2.6179,-0.2618,-0.5236,-1.5708,1.0472,2.84962,0.7854
2.6179,-0.2618,-0.5236,-1.5708,1.0472,2.84997,0.7854
2.6179,-0.2618,-0.5236,-1.5708,1.0472,2.85032,0.7854
2.6179,-0.2618,-0.5236,-1.5708,1.0472,2.85067,0.7854
2.6179,-0.2618,-0.5236,-1.5708,1.0472,2.85101,0.7854
2.6179,-0.2618,-0.5236,-1.5708,1.0472,2.85135,0.7854
2.6179,-0.2618,-0.5236,-1.5708,1.0472,2.85169,0.7854
2.6179,-0.2618,-0.5236,-1.5708,1.0472,2.85202,0.7854
2.6179,-0.2618,-0.5236,-1.5708,1.0472,2.85235,0.7854
2.6179,-0.2618,-0.5236,-1.5708,1.0472,2.85268,0.7854
2.6179,-0.2618,-0.5236,-1.5708,1.0472,2.85301,0.7854
2.6179,-0.2618,-0.5236,-1.5708,1.0472,2.85333,0.7854
2.6179,-0.2618,-0.5236,-1.5708,1.0472,2.85365,0.7854
2.6179,-0.2618,-0.5236,-1.5708,1.0472,2.85397,0.7854
2.6179,-0.2618,-0.5236,-1.5708,1.0472,2.85428,0.7854
2.6179,-0.2618,-0.5236,-1.5708,1.0472,2.85459,0.7854
2.6179,-0.2618,-0.5236,-1.5708,1.0472,2.8549,0.7854
2.6179,-0.2618,-0.5236,-1.5708,1.0472,2.85521,0.7854
2.6179,-0.2618,-0.5236,-1.5708,1.0472,2.85551,0.7854
2.6179,-0.2618,-0.5236,-1.5708,1.0472,2.85582,0.7854
2.6179,-0.2618,-0.5236,-1.5708,1.0472,2.85611,0.7854
2.6179,-0.2618,-0.5236,-1.5708,1.0472,2.85641,0.7854
2.6179,-0.2618,-0.5236,-1.5708,1.0472,2.8567,0.7854
2.6179,-0.2618,-0.5236,-1.5708,1.0472,2.85699,0.7854
2.6179,-0.2618,-0.5236,-1.5708,1.0472,2.85728,0.7854
2.6179,-0.2618,-0.5236,-1.5708,1.0472,2.85757,0.7854
2.6179,-0.2618,-0.5236,-1.5708,1.0472,2.85785,0.7854
2.6179,-0.2618,-0.5236,-1.5708,1.0472,2.85813,0.7854
2.6179,-0.2618,-0.5236,-1.5708,1.0472,2.85841,0.7854
2.6179,-0.2618,-0.5236,-1.5708,1.0472,2.85869,0.7854
2.6179,-0.2618,-0.5236,-1.5708,1.0472,2.85896,0.7854
2.6179,-0.2618,-0.5236,-1.5708,1.0472,2.85923,0.7854
2.6179,-0.2618,-0.5236,-1.5708,1.0472,2.8595,0.7854
2.6179,-0.2618,-0.5236,-1.5708,1.0472,2.85976,0.7854
2.6179,-0.2618,-0.5236,-1.5708,1.0472,2.86003,0.7854
2.6179,-0.2618,-0.5236,-1.5708,1.0472,2.86029,0.7854
2.6179,-0.2618,-0.5236,-1.5708,1.0472,2.86055,0.7854
2.6179,-0.2618,-0.5236,-1.5708,1.0472,2.8608,0.7854
2.6179,-0.2618,-0.5236,-1.5708,1.0472,2.86106,0.7854
2.6179,-0.2618,-0.5236,-1.5708,1.0472,2.86131,0.7854
2.6179,-0.2618,-0.5236,-1.5708,1.0472,2.86156,0.7854
2.6179,-0.2618,-0.5236,-1.5708,1.0472,2.8618,0.7854
2.6179,-0.2618,-0.5236,-1.5708,1.0472,2.86205,0.7854
2.6179,-0.2618,-0.5236,-1.5708,1.0472,2.86229,0.7854
2.6179,-0.2618,-0.5236,-1.5708,1.0472,2.86253,0.7854
2.6179,-0.2618,-0.5236,-1.5708,1.0472,2.86276,0.7854
2.6179,-0.2618,-0.5236,-1.5708,1.0472,2.863,0.7854
2.6179,-0.2618,-0.5236,-1.5708,1.0472,2.86323,0.7854
2.6179,-0.2618,-0.5236,-1.5708,1.0472,2.86346,0.7854
2.6179,-0.2618,-0.5236,-1.5708,1.0472,2.86369,0.7854
2.6179,-0.2618,-0.5236,-1.5708,1.0472,2.86391,0.7854
2.6179,-0.2618,-0.5236,-1.5708,1.0472,2.86414,0.7854
2.6179,-0.2618,-0.5236,-1.5708,1.0472,2.86436,0.7854
2.6179,-0.2618,-0.5236,-1.5708,1.0472,2.86458,0.7854
2.6179,-0.2618,-0.5236,-1.5708,1.0472,2.86479,0.7854
2.6179,-0.2618,-0.5236,-1.5708,1.0472,2.86501,0.7854
2.6179,-0.2618,-0.5236,-1.5708,1.0472,2.86522,0.7854
2.6179,-0.2618,-0.5236,-1.5708,1.0472,2.86543,0.7854
2.6179,-0.2618,-0.5236,-1.5708,1.0472,2.86564,0.7854
2.6179,-0.2618,-0.5236,-1.5708,1.0472,2.86584,0.7854
2.6179,-0.2618,-0.5236,-1.5708,1.0472,2.86604,0.7854
2.6179,-0.2618,-0.5236,-1.5708,1.0472,2.86625,0.7854
2.6179,-0.2618,-0.5236,-1.5708,1.0472,2.86644,0.7854
2.6179,-0.2618,-0.5236,-1.5708,1.0472,2.86664,0.7854
2.6179,-0.2618,-0.5236,-1.5708,1.0472,2.86684,0.7854
2.6179,-0.2618,-0.5236,-1.5708,1.0472,2.86703,0.7854
2.6179,-0.2618,-0.5236,-1.5708,1.0472,2.86722,0.7854
2.6179,-0.2618,-0.5236,-1.5708,1.0472,2.86741,0.7854
2.6179,-0.2618,-0.5236,-1.5708,1.0472,2.8676,0.7854
2.6179,-0.2618,-0.5236,-1.5708,1.0472,2.86778,0.7854
2.6179,-0.2618,-0.5236,-1.5708,1.0472,2.86796,0.7854
2.6179,-0.2618,-0.5236,-1.5708,1.0472,2.86814,0.7854
2.6179,-0.2618,-0.5236,-1.5708,1.0472,2.86832,0.7854
2.6179,-0.2618,-0.5236,-1.5708,1.0472,2.8685,0.7854
2.6179,-0.2618,-0.5236,-1.5708,1.0472,2.86867,0.7854
2.6179,-0.2618,-0.5236,-1.5708,1.0472,2.86885,0.7854
2.6179,-0.2618,-0.5236,-1.5708,1.0472,2.86902,0.7854
2.6179,-0.2618,-0.5236,-1.5708,1.0472,2.86919,0.7854
2.6179,-0.2618,-0.5236,-1.5708,1.0472,2.86935,0.7854
2.6179,-0.2618,-0.5236,-1.5708,1.0472,2.86952,0.7854
2.6179,-0.2618,-0.5236,-1.5708,1.0472,2.86968,0.7854
2.6179,-0.2618,-0.5236,-1.5708,1.0472,2.86984,0.7854
2.6179,-0.2618,-0.5236,-1.5708,1.0472,2.87,0.7854
2.6179,-0.2618,-0.5236,-1.5708,1.0472,2.87016,0.7854
2.6179,-0.2618,-0.5236,-1.5708,1.0472,2.87032,0.7854
2.6179,-0.2618,-0.5236,-1.5708,1.0472,2.87047,0.7854
2.6179,-0.2618,-0.5236,-1.5708,1.0472,2.87062,0.7854
2.6179,-0.2618,-0.5236,-1.5708,1.0472,2.87077,0.7854
2.6179,-0.2618,-0.5236,-1.5708,1.0472,2.87092,0.7854
2.6179,-0.2618,-0.5236,-1.5708,1.0472,2.87107,0.7854
2.6179,-0.2618,-0.5236,-1.5708,1.0472,2.87121,0.7854
2.6179,-0.2618,-0.5236,-1.5708,1.0472,2.87136,0.7854
2.6179,-0.2618,-0.5236,-1.5708,1.0472,2.8715,0.7854
2.6179,-0.2618,-0.5236,-1.5708,1.0472,2.87164,0.7854
2.6179,-0.2618,-0.5236,-1.5708,1.0472,2.87178,0.7854
2.6179,-0.2618,-0.5236,-1.5708,1.0472,2.87191,0.7854
2.6179,-0.2618,-0.5236,-1.5708,1.0472,2.87205,0.7854
2.6179,-0.2618,-0.5236,-1.5708,1.0472,2.87218,0.7854
2.6179,-0.2618,-0.5236,-1.5708,1.0472,2.87231,0.7854
2.6179,-0.2618,-0.5236,-1.5708,1.0472,2.87244,0.7854
2.6179,-0.2618,-0.5236,-1.5708,1.0472,2.87257,0.7854
2.6179,-0.2618,-0.5236,-1.5708,1.0472,2.8727,0.7854
2.6179,-0.2618,-0.5236,-1.5708,1.0472,2.87282,0.7854
2.6179,-0.2618,-0.5236,-1.5708,1.0472,2.87294,0.7854
2.6179,-0.2618,-0.5236,-1.5708,1.0472,2.87306,0.7854
2.6179,-0.2618,-0.5236,-1.5708,1.0472,2.87319,0.7854
2.6179,-0.2618,-0.5236,-1.5708,1.0472,2.8733,0.7854
2.6179,-0.2618,-0.5236,-1.5708,1.0472,2.87342,0.7854
2.6179,-0.2618,-0.5236,-1.5708,1.0472,2.87354,0.7854
2.6179,-0.2618,-0.5236,-1.5708,1.0472,2.87365,0.7854
2.6179,-0.2618,-0.5236,-1.5708,1.0472,2.87376,0.7854
2.6179,-0.2618,-0.5236,-1.5708,1.0472,2.87387,0.7854
2.6179,-0.2618,-0.5236,-1.5708,1.0472,2.87398,0.7854
2.6179,-0.2618,-0.5236,-1.5708,1.0472,2.87409,0.7854
2.6179,-0.2618,-0.5236,-1.5708,1.0472,2.8742,0.7854
2.6179,-0.2618,-0.5236,-1.5708,1.0472,2.8743,0.7854
2.6179,-0.2618,-0.5236,-1.5708,1.0472,2.87441,0.7854
2.6179,-0.2618,-0.5236,-1.5708,1.0472,2.87451,0.7854
2.6179,-0.2618,-0.5236,-1.5708,1.0472,2.87461,0.7854
2.6179,-0.2618,-0.5236,-1.5708,1.0472,2.87471,0.7854
2.6179,-0.2618,-0.5236,-1.5708,1.0472,2.87481,0.7854
2.6179,-0.2618,-0.5236,-1.5708,1.0472,2.8749,0.7854
2.6179,-0.2618,-0.5236,-1.5708,1.0472,2.875,0.7854
2.6179,-0.2618,-0.5236,-1.5708,1.0472,2.87509,0.7854
2.6179,-0.2618,-0.5236,-1.5708,1.0472,2.87518,0.7854
2.6179,-0.2618,-0.5236,-1.5708,1.0472,2.87527,0.7854
2.6179,-0.2618,-0.5236,-1.5708,1.0472,2.87536,0.7854
2.6179,-0.2618,-0.5236,-1.5708,1.0472,2.87545,0.7854
2.6179,-0.2618,-0.5236,-1.5708,1.0472,2.87554,0.7854
2.6179,-0.2618,-0.5236,-1.5708,1.0472,2.87563,0.7854
2.6179,-0.2618,-0.5236,-1.5708,1.0472,2.87571,0.7854
2.6179,-0.2618,-0.5236,-1.5708,1.0472,2.87579,0.7854
2.6179,-0.2618,-0.5236,-1.5708,1.0472,2.87588,0.7854
2.6179,-0.2618,-0.5236,-1.5708,1.0472,2.87596,0.7854
2.6179,-0.2618,-0.5236,-1.5708,1.0472,2.87604,0.7854
2.6179,-0.2618,-0.5236,-1.5708,1.0472,2.87611,0.7854
2.6179,-0.2618,-0.5236,-1.5708,1.0472,2.87619,0.7854
2.6179,-0.2618,-0.5236,-1.5708,1.0472,2.87627,0.7854
2.6179,-0.2618,-0.5236,-1.5708,1.0472,2.87634,0.7854
2.6179,-0.2618,-0.5236,-1.5708,1.0472,2.87642,0.7854
2.6179,-0.2618,-0.5236,-1.5708,1.0472,2.87649,0.7854
2.6179,-0.2618,-0.5236,-1.5708,1.0472,2.87656,0.7854
2.6179,-0.2618,-0.5236,-1.5708,1.0472,2.87663,0.7854
2.6179,-0.2618,-0.5236,-1.5708,1.0472,2.8767,0.7854
2.6179,-0.2618,-0.5236,-1.5708,1.0472,2.87677,0.7854
2.6179,-0.2618,-0.5236,-1.5708,1.0472,2.87683,0.7854
2.6179,-0.2618,-0.5236,-1.5708,1.0472,2.8769,0.7854
2.6179,-0.2618,-0.5236,-1.5708,1.0472,2.87696,0.7854
2.6179,-0.2618,-0.5236,-1.5708,1.0472,2.87703,0.7854
2.6179,-0.2618,-0.5236,-1.5708,1.0472,2.87709,0.7854
2.6179,-0.2618,-0.5236,-1.5708,1.0472,2.87715,0.7854
2.6179,-0.2618,-0.5236,-1.5708,1.0472,2.87721,0.7854
2.6179,-0.2618,-0.5236,-1.5708,1.0472,2.87727,0.7854
2.6179,-0.2618,-0.5236,-1.5708,1.0472,2.87733,0.7854
2.6179,-0.2618,-0.5236,-1.5708,1.0472,2.87739,0.7854
2.6179,-0.2618,-0.5236,-1.5708,1.0472,2.87745,0.7854
2.6179,-0.2618,-0.5236,-1.5708,1.0472,2.8775,0.7854
2.6179,-0.2618,-0.5236,-1.5708,1.0472,2.87756,0.7854
2.6179,-0.2618,-0.5236,-1.5708,1.0472,2.87761,0.7854
2.6179,-0.2618,-0.5236,-1.5708,1.0472,2.87766,0.7854
2.6179,-0.2618,-0.5236,-1.5708,1.0472,2.87771,0.7854
2.6179,-0.2618,-0.5236,-1.5708,1.0472,2.87776,0.7854
2.6179,-0.2618,-0.5236,-1.5708,1.0472,2.87781,0.7854
2.6179,-0.2618,-0.5236,-1.5708,1.0472,2.87786,0.7854
2.6179,-0.2618,-0.5236,-1.5708,1.0472,2.87791,0.7854
2.6179,-0.2618,-0.5236,-1.5708,1.0472,2.87796,0.7854
2.6179,-0.2618,-0.5236,-1.5708,1.0472,2.878,0.7854
2.6179,-0.2618,-0.5236,-1.5708,1.0472,2.87805,0.7854
2.6179,-0.2618,-0.5236,-1.5708,1.0472,2.87809,0.7854
2.6179,-0.2618,-0.5236,-1.5708,1.0472,2.87814,0.7854
2.6179,-0.2618,-0.5236,-1.5708,1.0472,2.87818,0.7854
2.6179,-0.2618,-0.5236,-1.5708,1.0472,2.87822,0.7854
2.6179,-0.2618,-0.5236,-1.5708,1.0472,2.87826,0.7854
2.6179,-0.2618,-0.5236,-1.5708,1.0472,2.8783,0.7854
2.6179,-0.2618,-0.5236,-1.5708,1.0472,2.87834,0.7854
2.6179,-0.2618,-0.5236,-1.5708,1.0472,2.87838,0.7854
2.6179,-0.2618,-0.5236,-1.5708,1.0472,2.87842,0.7854
2.6179,-0.2618,-0.5236,-1.5708,1.0472,2.87846,0.7854
2.6179,-0.2618,-0.5236,-1.5708,1.0472,2.87849,0.7854
2.6179,-0.2618,-0.5236,-1.5708,1.0472,2.87853,0.7854
2.6179,-0.2618,-0.5236,-1.5708,1.0472,2.87857,0.7854
2.6179,-0.2618,-0.5236,-1.5708,1.0472,2.8786,0.7854
2.6179,-0.2618,-0.5236,-1.5708,1.0472,2.87863,0.7854
2.6179,-0.2618,-0.5236,-1.5708,1.0472,2.87867,0.7854
2.6179,-0.2618,-0.5236,-1.5708,1.0472,2.8787,0.7854
2.6179,-0.2618,-0.5236,-1.5708,1.0472,2.87873,0.7854
2.6179,-0.2618,-0.5236,-1.5708,1.0472,2.87876,0.7854
2.6179,-0.2618,-0.5236,-1.5708,1.0472,2.87879,0.7854
2.6179,-0.2618,-0.5236,-1.5708,1.0472,2.87882,0.7854
2.6179,-0.2618,-0.5236,-1.5708,1.0472,2.87885,0.7854
2.6179,-0.2618,-0.5236,-1.5708,1.0472,2.87888,0.7854
2.6179,-0.2618,-0.5236,-1.5708,1.0472,2.87891,0.7854
2.6179,-0.2618,-0.5236,-1.5708,1.0472,2.87893,0.7854
2.6179,-0.2618,-0.5236,-1.5708,1.0472,2.87896,0.7854
2.6179,-0.2618,-0.5236,-1.5708,1.0472,2.87899,0.7854
2.6179,-0.2618,-0.5236,-1.5708,1.0472,2.87901,0.7854
2.6179,-0.2618,-0.5236,-1.5708,1.0472,2.87904,0.7854
2.6179,-0.2618,-0.5236,-1.5708,1.0472,2.87906,0.7854
2.6179,-0.2618,-0.5236,-1.5708,1.0472,2.87908,0.7854
2.6179,-0.2618,-0.5236,-1.5708,1.0472,2.87911,0.7854
2.6179,-0.2618,-0.5236,-1.5708,1.0472,2.87913,0.7854
2.6179,-0.2618,-0.5236,-1.5708,1.0472,2.87915,0.7854
2.6179,-0.2618,-0.5236,-1.5708,1.0472,2.87917,0.7854
2.6179,-0.2618,-0.5236,-1.5708,1.0472,2.87919,0.7854
2.6179,-0.2618,-0.5236,-1.5708,1.0472,2.87921,0.7854
2.6179,-0.2618,-0.5236,-1.5708,1.0472,2.87923,0.7854
2.6179,-0.2618,-0.5236,-1.5708,1.0472,2.87925,0.7854
2.6179,-0.2618,-0.5236,-1.5708,1.0472,2.87927,0.7854
2.6179,-0.2618,-0.5236,-1.5708,1.0472,2.87929,0.7854
2.6179,-0.2618,-0.5236,-1.5708,1.0472,2.87931,0.7854
2.6179,-0.2618,-0.5236,-1.5708,1.0472,2.87932,0.7854
2.6179,-0.2618,-0.5236,-1.5708,1.0472,2.87934,0.7854
2.6179,-0.2618,-0.5236,-1.5708,1.0472,2.87936,0.7854
2.6179,-0.2618,-0.5236,-1.5708,1.0472,2.87937,0.7854
2.6179,-0.2618,-0.5236,-1.5708,1.0472,2.87939,0.7854
2.6179,-0.2618,-0.5236,-1.5708,1.0472,2.8794,0.7854
2.6179,-0.2618,-0.5236,-1.5708,1.0472,2.87942,0.7854
2.6179,-0.2618,-0.5236,-1.5708,1.0472,2.87943,0.7854
2.6179,-0.2618,-0.5236,-1.5708,1.0472,2.87945,0.7854
2.6179,-0.2618,-0.5236,-1.5708,1.0472,2.87946,0.7854
2.6179,-0.2618,-0.5236,-1.5708,1.0472,2.87947,0.7854
2.6179,-0.2618,-0.5236,-1.5708,1.0472,2.87949,0.7854
2.6179,-0.2618,-0.5236,-1.5708,1.0472,2.8795,0.7854
2.6179,-0.2618,-0.5236,-1.5708,1.0472,2.87951,0.7854
2.6179,-0.2618,-0.5236,-1.5708,1.0472,2.87952,0.7854
2.6179,-0.2618,-0.5236,-1.5708,1.0472,2.87953,0.7854
2.6179,-0.2618,-0.5236,-1.5708,1.0472,2.87954,0.7854
2.6179,-0.2618,-0.5236,-1.5708,1.0472,2.87956,0.7854
2.6179,-0.2618,-0.5236,-1.5708,1.0472,2.87957,0.7854
2.6179,-0.2618,-0.5236,-1.5708,1.0472,2.87958,0.7854
2.6179,-0.2618,-0.5236,-1.5708,1.0472,2.87958,0.7854
2.6179,-0.2618,-0.5236,-1.5708,1.0472,2.87959,0.7854
2.6179,-0.2618,-0.5236,-1.5708,1.0472,2.8796,0.7854
2.6179,-0.2618,-0.5236,-1.5708,1.0472,2.87961,0.7854
2.6179,-0.2618,-0.5236,-1.5708,1.0472,2.87962,0.7854
2.6179,-0.2618,-0.5236,-1.5708,1.0472,2.87963,0.7854
2.6179,-0.2618,-0.5236,-1.5708,1.0472,2.87964,0.7854
2.6179,-0.2618,-0.5236,-1.5708,1.0472,2.87964,0.7854
2.6179,-0.2618,-0.5236,-1.5708,1.0472,2.87965,0.7854
2.6179,-0.2618,-0.5236,-1.5708,1.0472,2.87966,0.7854
2.6179,-0.2618,-0.5236,-1.5708,1.0472,2.87967,0.7854
2.6179,-0.2618,-0.5236,-1.5708,1.0472,2.87967,0.7854
2.6179,-0.2618,-0.5236,-1.5708,1.0472,2.87968,0.7854
2.6179,-0.2618,-0.5236,-1.5708,1.0472,2.87968,0.7854
2.6179,-0.2618,-0.5236,-1.5708,1.0472,2.87969,0.7854
2.6179,-0.2618,-0.5236,-1.5708,1.0472,2.8797,0.7854
2.6179,-0.2618,-0.5236,-1.5708,1.0472,2.8797,0.7854
2.6179,-0.2618,-0.5236,-1.5708,1.0472,2.87971,0.7854
2.6179,-0.2618,-0.5236,-1.5708,1.0472,2.87971,0.7854
2.6179,-0.2618,-0.5236,-1.5708,1.0472,2.87972,0.7854
2.6179,-0.2618,-0.5236,-1.5708,1.0472,2.87972,0.7854
2.6179,-0.2618,-0.5236,-1.5708,1.0472,2.87973,0.7854
2.6179,-0.2618,-0.5236,-1.5708,1.0472,2.87973,0.7854
2.6179,-0.2618,-0.5236,-1.5708,1.0472,2.87973,0.7854
2.6179,-0.2618,-0.5236,-1.5708,1.0472,2.87974,0.7854
2.6179,-0.2618,-0.5236,-1.5708,1.0472,2.87974,0.7854
2.6179,-0.2618,-0.5236,-1.5708,1.0472,2.87974,0.7854
2.6179,-0.2618,-0.5236,-1.5708,1.0472,2.87975,0.7854
2.6179,-0.2618,-0.5236,-1.5708,1.0472,2.87975,0.7854
2.6179,-0.2618,-0.5236,-1.5708,1.0472,2.87975,0.7854
2.6179,-0.2618,-0.5236,-1.5708,1.0472,2.87976,0.7854
2.6179,-0.2618,-0.5236,-1.5708,1.0472,2.87976,0.7854
2.6179,-0.2618,-0.5236,-1.5708,1.0472,2.87976,0.7854
2.6179,-0.2618,-0.5236,-1.5708,1.0472,2.87976,0.7854
2.6179,-0.2618,-0.5236,-1.5708,1.0472,2.87977,0.7854
2.6179,-0.2618,-0.5236,-1.5708,1.0472,2.87977,0.7854
2.6179,-0.2618,-0.5236,-1.5708,1.0472,2.87977,0.7854
2.6179,-0.2618,-0.5236,-1.5708,1.0472,2.87977,0.7854
2.6179,-0.2618,-0.5236,-1.5708,1.0472,2.87978,0.7854
2.6179,-0.2618,-0.5236,-1.5708,1.0472,2.87978,0.7854
2.6179,-0.2618,-0.5236,-1.5708,1.0472,2.87978,0.7854
2.6179,-0.2618,-0.5236,-1.5708,1.0472,2.87978,0.7854
2.6179,-0.2618,-0.5236,-1.5708,1.0472,2.87978,0.7854
2.6179,-0.2618,-0.5236,-1.5708,1.0472,2.87978,0.7854
2.6179,-0.2618,-0.5236,-1.5708,1.0472,2.87978,0.7854
2.6179,-0.2618,-0.5236,-1.5708,1.0472,2.87979,0.7854
2.6179,-0.2618,-0.5236,-1.5708,1.0472,2.87979,0.7854
2.6179,-0.2618,-0.5236,-1.5708,1.0472,2.87979,0.7854
2.6179,-0.2618,-0.5236,-1.5708,1.0472,2.87979,0.7854
2.6179,-0.2618,-0.5236,-1.5708,1.0472,2.87979,0.7854
2.6179,-0.2618,-0.5236,-1.5708,1.0472,2.87979,0.7854
2.6179,-0.2618,-0.5236,-1.5708,1.0472,2.87979,0.7854
2.6179,-0.2618,-0.5236,-1.5708,1.0472,2.87979,0.7854
2.6179,-0.2618,-0.5236,-1.5708,1.0472,2.87979,0.7854
2.6179,-0.2618,-0.5236,-1.5708,1.0472,2.87979,0.7854
2.6179,-0.2618,-0.5236,-1.5708,1.0472,2.87979,0.7854
2.6179,-0.2618,-0.5236,-1.5708,1.0472,2.8798,0.7854
2.6179,-0.2618,-0.5236,-1.5708,1.0472,2.8798,0.7854
2.6179,-0.2618,-0.5236,-1.5708,1.0472,2.8798,0.7854
2.6179,-0.2618,-0.5236,-1.5708,1.0472,2.8798,0.7854
2.6179,-0.2618,-0.5236,-1.5708,1.0472,2.8798,0.7854
2.6179,-0.2618,-0.5236,-1.5708,1.0472,2.8798,0.7854
2.6179,-0.2618,-0.5236,-1.5708,1.0472,2.8798,0.7854
2.6179,-0.2618,-0.5236,-1.5708,1.0472,2.8798,0.7854
2.6179,-0.2618,-0.5236,-1.5708,1.0472,2.8798,0.7854
2.6179,-0.2618,-0.5236,-1.5708,1.0472,2.8798,0.7854
2.6179,-0.2618,-0.5236,-1.5708,1.0472,2.8798,0.7854
2.6179,-0.2618,-0.5236,-1.5708,1.0472,2.8798,0.7854
2.6179,-0.2618,-0.5236,-1.5708,1.0472,2.8798,0.7854
2.6179,-0.2618,-0.5236,-1.5708,1.0472,2.8798,0.7854
2.6179,-0.2618,-0.5236,-1.5708,1.0472,2.8798,0.7854
2.6179,-0.2618,-0.5236,-1.5708,1.0472,2.8798,0.7854
2.6179,-0.2618,-0.5236,-1.5708,1.0472,2.8798,0.7854
2.6179,-0.2618,-0.5236,-1.5708,1.0472,2.8798,0.7854
2.6179,-0.2618,-0.5236,-1.5708,1.0472,2.8798,0.7854
2.6179,-0.2618,-0.5236,-1.5708,1.0472,2.8798,0.7854
2.6179,-0.2618,-0.5236,-1.5708,1.0472,2.8798,0.7854
2.6179,-0.2618,-0.5236,-1.5708,1.0472,2.8798,0.7854
2.6179,-0.2618,-0.5236,-1.5708,1.0472,2.8798,0.7854
2.6179,-0.2618,-0.5236,-1.5708,1.0472,2.8798,0.7854
2.6179,-0.2618,-0.5236,-1.5708,1.0472,2.8798,0.7854
2.6179,-0.2618,-0.5236,-1.5708,1.0472,2.8798,0.7854
2.6179,-0.2618,-0.5236,-1.5708,1.0472,2.8798,0.7854
2.6179,-0.2618,-0.5236,-1.5708,1.0472,2.8798,0.7854
2.6179,-0.2618,-0.5236,-1.5708,1.0472,2.8798,0.7854
2.6179,-0.2618,-0.5236,-1.5708,1.0472,2.8798,0.7854
2.6179,-0.2618,-0.5236,-1.5708,1.0472,2.8798,0.7854
2.6179,-0.2618,-0.5236,-1.5708,1.0472,2.8798,0.7854
2.6179,-0.2618,-0.5236,-1.5708,1.0472,2.8798,0.7854
2.6179,-0.2618,-0.5236,-1.5708,1.0472,2.8798,0.7854
2.6179,-0.2618,-0.5236,-1.5708,1.0472,2.8798,0.7854
