0,0,0,0,0,0,0
0,0,0,-2.10218e-09,0,0,0
0,0,0,-1.68174e-08,0,0,0
0,0,0,-5.67586e-08,0,0,0
0,0,0,-1.34538e-07,0,0,0
0,0,0,-2.62769e-07,0,0,0
0,0,0,-4.54062e-07,0,0,0
0,0,0,-7.21029e-07,0,0,0
0,0,0,-1.07628e-06,0,0,0
0,0,0,-1.53242e-06,0,0,0
0,0,0,-2.10207e-06,0,0,0
0,0,0,-2.79782e-06,0,0,0
0,0,0,-3.63229e-06,0,0,0
0,0,0,-4.61807e-06,0,0,0
0,0,0,-5.76778e-06,0,0,0
0,0,0,-7.094e-06,0,0,0
0,0,0,-8.60935e-06,0,0,0
0,0,0,-1.03264e-05,0,0,0
0,0,0,-1.22578e-05,0,0,0
0,0,0,-1.44161e-05,0,0,0
0,0,0,-1.68138e-05,0,0,0
0,0,0,-1.94637e-05,0,0,0
0,0,0,-2.23782e-05,0,0,0
0,0,0,-2.557e-05,0,0,0
0,0,0,-2.90516e-05,0,0,0
0,0,0,-3.28356e-05,0,0,0
0,0,0,-3.69346e-05,0,0,0
0,0,0,-4.13611e-05,0,0,0
0,0,0,-4.61277e-05,0,0,0
0,0,0,-5.1247e-05,0,0,0
0,0,0,-5.67315e-05,0,0,0
0,0,0,-6.25938e-05,0,0,0
0,0,0,-6.88465e-05,0,0,0
0,0,0,-7.5502e-05,0,0,0
0,0,0,-8.2573e-05,0,0,0
0,0,0,-9.00719e-05,0,0,0
0,0,0,-9.80113e-05,0,0,0
0,0,0,-0.000106404,0,0,0
0,0,0,-0.000115262,0,0,0
0,0,0,-0.000124598,0,0,0
0,0,0,-0.000134424,0,0,0
0,0,0,-0.000144754,0,0,0
0,0,0,-0.000155599,0,0,0
0,0,0,-0.000166973,0,0,0
0,0,0,-0.000178887,0,0,0
0,0,0,-0.000191354,0,0,0
0,0,0,-0.000204386,0,0,0
0,0,0,-0.000217997,0,0,0
0,0,0,-0.000232198,0,0,0
0,0,0,-0.000247002,0,0,0
0,0,0,-0.000262421,0,0,0
0,0,0,-0.000278468,0,0,0
0,0,0,-0.000295156,0,0,0
0,0,0,-0.000312496,0,0,0
0,0,0,-0.000330501,0,0,0
0,0,0,-0.000349184,0,0,0
0,0,0,-0.000368557,0,0,0
0,0,0,-0.000388633,0,0,0
0,0,0,-0.000409423,0,0,0
0,0,0,-0.00043094,0,0,0
0,0,0,-0.000453197,0,0,0
0,0,0,-0.000476205,0,0,0
0,0,0,-0.000499979,0,0,0
0,0,0,-0.000524528,0,0,0
0,0,0,-0.000549867,0,0,0
0,0,0,-0.000576007,0,0,0
0,0,0,-0.000602961,0,0,0
0,0,0,-0.000630741,0,0,0
0,0,0,-0.000659359,0,0,0
0,0,0,-0.000688827,0,0,0
0,0,0,-0.000719159,0,0,0
0,0,0,-0.000750366,0,0,0
0,0,0,-0.00078246,0,0,0
0,0,0,-0.000815454,0,0,0
0,0,0,-0.00084936,0,0,0
0,0,0,-0.000884191,0,0,0
0,0,0,-0.000919958,0,0,0
0,0,0,-0.000956673,0,0,0
0,0,0,-0.00099435,0,0,0
0,0,0,-0.001033,0,0,0
0,0,0,-0.00107263,0,0,0
0,0,0,-0.00111327,0,0,0
0,0,0,-0.00115491,0,0,0
0,0,0,-0.00119757,0,0,0
0,0,0,-0.00124127,0,0,0
0,0,0,-0.00128602,0,0,0
0,0,0,-0.00133182,0,0,0
0,0,0,-0.00137869,0,0,0
0,0,0,-0.00142665,0,0,0
0,0,0,-0.0014757,0,0,0
0,0,0,-0.00152586,0,0,0
0,0,0,-0.00157713,0,0,0
0,0,0,-0.00162954,0,0,0
0,0,0,-0.00168309,0,0,0
0,0,0,-0.0017378,0,0,0
0,0,0,-0.00179367,0,0,0
0,0,0,-0.00185072,0,0,0
0,0,0,-0.00190896,0,0,0
0,0,0,-0.00196841,0,0,0
0,0,0,-0.00202907,0,0,0
0,0,0,-0.00209095,0,0,0
0,0,0,-0.00215408,0,0,0
0,0,0,-0.00221846,0,0,0
0,0,0,-0.0022841,0,0,0
0,0,0,-0.00235101,0,0,0
0,0,0,-0.00241921,0,0,0
0,0,0,-0.00248871,0,0,0
0,0,0,-0.00255952,0,0,0
0,0,0,-0.00263165,0,0,0
0,0,0,-0.00270512,0,0,0
0,0,0,-0.00277993,0,0,0
0,0,0,-0.0028561,0,0,0
0,0,0,-0.00293364,0,0,0
0,0,0,-0.00301256,0,0,0
0,0,0,-0.00309287,0,0,0
0,0,0,-0.00317459,0,0,0
0,0,0,-0.00325773,0,0,0
0,0,0,-0.00334229,0,0,0
0,0,0,-0.00342829,0,0,0
0,0,0,-0.00351575,0,0,0
0,0,0,-0.00360466,0,0,0
0,0,0,-0.00369506,0,0,0
0,0,0,-0.00378694,0,0,0
0,0,0,-0.00388031,0,0,0
0,0,0,-0.0039752,0,0,0
0,0,0,-0.00407161,0,0,0
0,0,0,-0.00416955,0,0,0
0,0,0,-0.00426904,0,0,0
0,0,0,-0.00437008,0,0,0
0,0,0,-0.00447269,0,0,0
0,0,0,-0.00457688,0,0,0
0,0,0,-0.00468266,0,0,0
0,0,0,-0.00479004,0,0,0
0,0,0,-0.00489903,0,0,0
0,0,0,-0.00500966,0,0,0
0,0,0,-0.00512191,0,0,0
0,0,0,-0.00523582,0,0,0
0,0,0,-0.00535138,0,0,0
0,0,0,-0.00546862,0,0,0
0,0,0,-0.00558753,0,0,0
0,0,0,-0.00570814,0,0,0
0,0,0,-0.00583046,0,0,0
0,0,0,-0.00595449,0,0,0
0,0,0,-0.00608025,0,0,0
0,0,0,-0.00620774,0,0,0
0,0,0,-0.00633699,0,0,0
0,0,0,-0.006468,0,0,0
0,0,0,-0.00660078,0,0,0
0,0,0,-0.00673534,0,0,0
0,0,0,-0.0068717,0,0,0
0,0,0,-0.00700986,0,0,0
0,0,0,-0.00714984,0,0,0
0,0,0,-0.00729165,0,0,0
0,0,0,-0.0074353,0,0,0
0,0,0,-0.00758079,0,0,0
0,0,0,-0.00772815,0,0,0
0,0,0,-0.00787738,0,0,0
0,0,0,-0.0080285,0,0,0
0,0,0,-0.00818151,0,0,0
0,0,0,-0.00833642,0,0,0
0,0,0,-0.00849325,0,0,0
0,0,0,-0.00865201,0,0,0
0,0,0,-0.0088127,0,0,0
0,0,0,-0.00897534,0,0,0
0,0,0,-0.00913995,0,0,0
0,0,0,-0.00930652,0,0,0
0,0,0,-0.00947507,0,0,0
0,0,0,-0.00964562,0,0,0
0,0,0,-0.00981817,0,0,0
0,0,0,-0.00999274,0,0,0
0,0,0,-0.0101693,0,0,0
0,0,0,-0.0103479,0,0,0
0,0,0,-0.0105286,0,0,0
0,0,0,-0.0107113,0,0,0
0,0,0,-0.0108961,0,0,0
0,0,0,-0.011083,0,0,0
0,0,0,-0.011272,0,0,0
0,0,0,-0.011463,0,0,0
0,0,0,-0.0116562,0,0,0
0,0,0,-0.0118515,0,0,0
0,0,0,-0.0120489,0,0,0
0,0,0,-0.0122485,0,0,0
0,0,0,-0.0124502,0,0,0
0,0,0,-0.012654,0,0,0
0,0,0,-0.0128601,0,0,0
0,0,0,-0.0130683,0,0,0
0,0,0,-0.0132787,0,0,0
0,0,0,-0.0134914,0,0,0
0,0,0,-0.0137062,0,0,0
0,0,0,-0.0139233,0,0,0
0,0,0,-0.0141426,0,0,0
0,0,0,-0.0143641,0,0,0
0,0,0,-0.0145879,0,0,0
0,0,0,-0.014814,0,0,0
0,0,0,-0.0150423,0,0,0
0,0,0,-0.015273,0,0,0
0,0,0,-0.0155059,0,0,0
0,0,0,-0.0157411,0,0,0
0,0,0,-0.0159786,0,0,0
0,0,0,-0.0162185,0,0,0
0,0,0,-0.0164607,0,0,0
0,0,0,-0.0167053,0,0,0
0,0,0,-0.0169522,0,0,0
0,0,0,-0.0172015,0,0,0
0,0,0,-0.0174531,0,0,0
0,0,0,-0.0177071,0,0,0
0,0,0,-0.0179636,0,0,0
0,0,0,-0.0182224,0,0,0
0,0,0,-0.0184837,0,0,0
0,0,0,-0.0187473,0,0,0
0,0,0,-0.0190134,0,0,0
0,0,0,-0.019282,0,0,0
0,0,0,-0.019553,0,0,0
0,0,0,-0.0198265,0,0,0
0,0,0,-0.0201024,0,0,0
0,0,0,-0.0203809,0,0,0
0,0,0,-0.0206618,0,0,0
0,0,0,-0.0209452,0,0,0
0,0,0,-0.0212312,0,0,0
0,0,0,-0.0215196,0,0,0
0,0,0,-0.0218106,0,0,0
0,0,0,-0.0221042,0,0,0
0,0,0,-0.0224002,0,0,0
0,0,0,-0.0226989,0,0,0
0,0,0,-0.0230001,0,0,0
0,0,0,-0.0233039,0,0,0
0,0,0,-0.0236103,0,0,0
0,0,0,-0.0239193,0,0,0
0,0,0,-0.0242308,0,0,0
0,0,0,-0.024545,0,0,0
0,0,0,-0.0248619,0,0,0
0,0,0,-0.0251813,0,0,0
0,0,0,-0.0255034,0,0,0
0,0,0,-0.0258282,0,0,0
0,0,0,-0.0261556,0,0,0
0,0,0,-0.0264857,0,0,0
0,0,0,-0.0268185,0,0,0
0,0,0,-0.0271539,0,0,0
0,0,0,-0.0274921,0,0,0
0,0,0,-0.0278329,0,0,0
0,0,0,-0.0281765,0,0,0
0,0,0,-0.0285228,0,0,0
0,0,0,-0.0288718,0,0,0
0,0,0,-0.0292236,0,0,0
0,0,0,-0.0295782,0,0,0
0,0,0,-0.0299354,0,0,0
0,0,0,-0.0302955,0,0,0
0,0,0,-0.0306583,0,0,0
0,0,0,-0.031024,0,0,0
0,0,0,-0.0313924,0,0,0
0,0,0,-0.0317636,0,0,0
0,0,0,-0.0321376,0,0,0
0,0,0,-0.0325145,0,0,0
0,0,0,-0.0328942,0,0,0
0,0,0,-0.0332767,0,0,0
0,0,0,-0.033662,0,0,0
0,0,0,-0.0340503,0,0,0
0,0,0,-0.0344413,0,0,0
0,0,0,-0.0348353,0,0,0
0,0,0,-0.0352321,0,0,0
0,0,0,-0.0356319,0,0,0
0,0,0,-0.0360345,0,0,0
0,0,0,-0.03644,0,0,0
0,0,0,-0.0368485,0,0,0
0,0,0,-0.0372598,0,0,0
0,0,0,-0.0376741,0,0,0
0,0,0,-0.0380913,0,0,0
0,0,0,-0.0385115,0,0,0
0,0,0,-0.0389346,0,0,0
0,0,0,-0.0393607,0,0,0
0,0,0,-0.0397898,0,0,0
0,0,0,-0.0402218,0,0,0
0,0,0,-0.0406569,0,0,0
0,0,0,-0.0410949,0,0,0
0,0,0,-0.0415359,0,0,0
0,0,0,-0.0419799,0,0,0
0,0,0,-0.042427,0,0,0
0,0,0,-0.042877,0,0,0
0,0,0,-0.0433302,0,0,0
0,0,0,-0.0437863,0,0,0
0,0,0,-0.0442455,0,0,0
0,0,0,-0.0447077,0,0,0
0,0,0,-0.0451731,0,0,0
0,0,0,-0.0456414,0,0,0
0,0,0,-0.0461129,0,0,0
0,0,0,-0.0465875,0,0,0
0,0,0,-0.0470651,0,0,0
0,0,0,-0.0475459,0,0,0
0,0,0,-0.0480297,0,0,0
0,0,0,-0.0485167,0,0,0
0,0,0,-0.0490068,0,0,0
0,0,0,-0.0495,0,0,0
0,0,0,-0.0499964,0,0,0
0,0,0,-0.0504959,0,0,0
0,0,0,-0.0509986,0,0,0
0,0,0,-0.0515044,0,0,0
0,0,0,-0.0520134,0,0,0
0,0,0,-0.0525255,0,0,0
0,0,0,-0.0530409,0,0,0
0,0,0,-0.0535594,0,0,0
0,0,0,-0.0540812,0,0,0
0,0,0,-0.0546061,0,0,0
0,0,0,-0.0551342,0,0,0
0,0,0,-0.0556656,0,0,0
0,0,0,-0.0562002,0,0,0
0,0,0,-0.056738,0,0,0
0,0,0,-0.057279,0,0,0
0,0,0,-0.0578233,0,0,0
0,0,0,-0.0583709,0,0,0
0,0,0,-0.0589217,0,0,0
0,0,0,-0.0594757,0,0,0
0,0,0,-0.0600331,0,0,0
0,0,0,-0.0605937,0,0,0
0,0,0,-0.0611576,0,0,0
0,0,0,-0.0617248,0,0,0
0,0,0,-0.0622953,0,0,0
0,0,0,-0.062869,0,0,0
0,0,0,-0.0634461,0,0,0
0,0,0,-0.0640265,0,0,0
0,0,0,-0.0646103,0,0,0
0,0,0,-0.0651973,0,0,0
0,0,0,-0.0657877,0,0,0
0,0,0,-0.0663815,0,0,0
0,0,0,-0.0669786,0,0,0
0,0,0,-0.067579,0,0,0
0,0,0,-0.0681828,0,0,0
0,0,0,-0.0687899,0,0,0
0,0,0,-0.0694005,0,0,0
0,0,0,-0.0700144,0,0,0
0,0,0,-0.0706317,0,0,0
0,0,0,-0.0712524,0,0,0
0,0,0,-0.0718765,0,0,0
0,0,0,-0.0725039,0,0,0
0,0,0,-0.0731348,0,0,0
0,0,0,-0.0737691,0,0,0
0,0,0,-0.0744068,0,0,0
0,0,0,-0.075048,0,0,0
0,0,0,-0.0756926,0,0,0
0,0,0,-0.0763406,0,0,0
0,0,0,-0.076992,0,0,0
0,0,0,-0.0776469,0,0,0
0,0,0,-0.0783053,0,0,0
0,0,0,-0.0789671,0,0,0
0,0,0,-0.0796324,0,0,0
0,0,0,-0.0803011,0,0,0
0,0,0,-0.0809733,0,0,0
0,0,0,-0.081649,0,0,0
0,0,0,-0.0823282,0,0,0
0,0,0,-0.0830109,0,0,0
0,0,0,-0.083697,0,0,0
0,0,0,-0.0843867,0,0,0
0,0,0,-0.0850799,0,0,0
0,0,0,-0.0857765,0,0,0
0,0,0,-0.0864767,0,0,0
0,0,0,-0.0871805,0,0,0
0,0,0,-0.0878877,0,0,0
0,0,0,-0.0885985,0,0,0
0,0,0,-0.0893128,0,0,0
0,0,0,-0.0900307,0,0,0
0,0,0,-0.0907521,0,0,0
0,0,0,-0.091477,0,0,0
0,0,0,-0.0922055,0,0,0
0,0,0,-0.0929376,0,0,0
0,0,0,-0.0936732,0,0,0
0,0,0,-0.0944124,0,0,0
0,0,0,-0.0951552,0,0,0
0,0,0,-0.0959015,0,0,0
0,0,0,-0.0966515,0,0,0
0,0,0,-0.097405,0,0,0
0,0,0,-0.0981621,0,0,0
0,0,0,-0.0989228,0,0,0
0,0,0,-0.0996871,0,0,0
0,0,0,-0.100455,0,0,0
0,0,0,-0.101227,0,0,0
0,0,0,-0.102002,0,0,0
0,0,0,-0.10278,0,0,0
0,0,0,-0.103563,0,0,0
0,0,0,-0.104349,0,0,0
0,0,0,-0.105138,0,0,0
0,0,0,-0.105932,0,0,0
0,0,0,-0.106729,0,0,0
0,0,0,-0.107529,0,0,0
0,0,0,-0.108333,0,0,0
0,0,0,-0.109141,0,0,0
0,0,0,-0.109953,0,0,0
0,0,0,-0.110768,0,0,0
0,0,0,-0.111587,0,0,0
0,0,0,-0.112409,0,0,0
0,0,0,-0.113235,0,0,0
0,0,0,-0.114065,0,0,0
0,0,0,-0.114899,0,0,0
0,0,0,-0.115736,0,0,0
0,0,0,-0.116577,0,0,0
0,0,0,-0.117421,0,0,0
0,0,0,-0.118269,0,0,0
0,0,0,-0.119121,0,0,0
0,0,0,-0.119977,0,0,0
0,0,0,-0.120836,0,0,0
0,0,0,-0.121699,0,0,0
0,0,0,-0.122566,0,0,0
0,0,0,-0.123437,0,0,0
0,0,0,-0.124311,0,0,0
0,0,0,-0.125189,0,0,0
0,0,0,-0.12607,0,0,0
0,0,0,-0.126956,0,0,0
0,0,0,-0.127845,0,0,0
0,0,0,-0.128737,0,0,0
0,0,0,-0.129634,0,0,0
0,0,0,-0.130534,0,0,0
0,0,0,-0.131438,0,0,0
0,0,0,-0.132346,0,0,0
0,0,0,-0.133257,0,0,0
0,0,0,-0.134173,0,0,0
0,0,0,-0.135091,0,0,0
0,0,0,-0.136014,0,0,0
0,0,0,-0.136941,0,0,0
0,0,0,-0.137871,0,0,0
0,0,0,-0.138805,0,0,0
0,0,0,-0.139743,0,0,0
0,0,0,-0.140684,0,0,0
0,0,0,-0.141629,0,0,0
0,0,0,-0.142578,0,0,0
0,0,0,-0.143531,0,0,0
0,0,0,-0.144488,0,0,0
0,0,0,-0.145448,0,0,0
0,0,0,-0.146412,0,0,0
0,0,0,-0.14738,0,0,0
0,0,0,-0.148352,0,0,0
0,0,0,-0.149327,0,0,0
0,0,0,-0.150307,0,0,0
0,0,0,-0.15129,0,0,0
0,0,0,-0.152276,0,0,0
0,0,0,-0.153267,0,0,0
0,0,0,-0.154261,0,0,0
0,0,0,-0.15526,0,0,0
0,0,0,-0.156262,0,0,0
0,0,0,-0.157267,0,0,0
0,0,0,-0.158277,0,0,0
0,0,0,-0.15929,0,0,0
0,0,0,-0.160308,0,0,0
0,0,0,-0.161329,0,0,0
0,0,0,-0.162353,0,0,0
0,0,0,-0.163382,0,0,0
0,0,0,-0.164415,0,0,0
0,0,0,-0.165451,0,0,0
0,0,0,-0.166491,0,0,0
0,0,0,-0.167535,0,0,0
0,0,0,-0.168582,0,0,0
0,0,0,-0.169634,0,0,0
0,0,0,-0.170689,0,0,0
0,0,0,-0.171748,0,0,0
0,0,0,-0.172811,0,0,0
0,0,0,-0.173878,0,0,0
0,0,0,-0.174949,0,0,0
0,0,0,-0.176023,0,0,0
0,0,0,-0.177101,0,0,0
0,0,0,-0.178183,0,0,0
0,0,0,-0.179269,0,0,0
0,0,0,-0.180359,0,0,0
0,0,0,-0.181452,0,0,0
0,0,0,-0.18255,0,0,0
0,0,0,-0.183651,0,0,0
0,0,0,-0.184756,0,0,0
0,0,0,-0.185865,0,0,0
0,0,0,-0.186977,0,0,0
0,0,0,-0.188094,0,0,0
0,0,0,-0.189214,0,0,0
0,0,0,-0.190338,0,0,0
0,0,0,-0.191466,0,0,0
0,0,0,-0.192598,0,0,0
0,0,0,-0.193734,0,0,0
0,0,0,-0.194873,0,0,0
0,0,0,-0.196017,0,0,0
0,0,0,-0.197164,0,0,0
0,0,0,-0.198315,0,0,0
0,0,0,-0.199469,0,0,0
0,0,0,-0.200628,0,0,0
0,0,0,-0.201791,0,0,0
0,0,0,-0.202957,0,0,0
0,0,0,-0.204127,0,0,0
0,0,0,-0.205301,0,0,0
0,0,0,-0.206479,0,0,0
0,0,0,-0.20766,0,0,0
0,0,0,-0.208846,0,0,0
0,0,0,-0.210035,0,0,0
0,0,0,-0.211228,0,0,0
0,0,0,-0.212425,0,0,0
0,0,0,-0.213626,0,0,0
0,0,0,-0.21483,0,0,0
0,0,0,-0.216039,0,0,0
0,0,0,-0.217251,0,0,0
0,0,0,-0.218467,0,0,0
0,0,0,-0.219687,0,0,0
0,0,0,-0.220911,0,0,0
0,0,0,-0.222138,0,0,0
0,0,0,-0.22337,0,0,0
0,0,0,-0.224605,0,0,0
0,0,0,-0.225844,0,0,0
0,0,0,-0.227087,0,0,0
0,0,0,-0.228333,0,0,0
0,0,0,-0.229584,0,0,0
0,0,0,-0.230838,0,0,0
0,0,0,-0.232096,0,0,0
0,0,0,-0.233358,0,0,0
0,0,0,-0.234624,0,0,0
0,0,0,-0.235893,0,0,0
0,0,0,-0.237167,0,0,0
0,0,0,-0.238444,0,0,0
0,0,0,-0.239725,0,0,0
0,0,0,-0.24101,0,0,0
0,0,0,-0.242298,0,0,0
0,0,0,-0.243591,0,0,0
0,0,0,-0.244887,0,0,0
0,0,0,-0.246187,0,0,0
0,0,0,-0.24749,0,0,0
0,0,0,-0.248798,0,0,0
0,0,0,-0.250109,0,0,0
0,0,0,-0.251425,0,0,0
0,0,0,-0.252744,0,0,0
0,0,0,-0.254066,0,0,0
0,0,0,-0.255393,0,0,0
0,0,0,-0.256723,0,0,0
0,0,0,-0.258057,0,0,0
0,0,0,-0.259395,0,0,0
0,0,0,-0.260737,0,0,0
0,0,0,-0.262082,0,0,0
0,0,0,-0.263432,0,0,0
0,0,0,-0.264785,0,0,0
0,0,0,-0.266141,0,0,0
0,0,0,-0.267502,0,0,0
0,0,0,-0.268866,0,0,0
0,0,0,-0.270234,0,0,0
0,0,0,-0.271606,0,0,0
0,0,0,-0.272982,0,0,0
0,0,0,-0.274361,0,0,0
0,0,0,-0.275744,0,0,0
0,0,0,-0.277131,0,0,0
0,0,0,-0.278522,0,0,0
0,0,0,-0.279916,0,0,0
0,0,0,-0.281314,0,0,0
0,0,0,-0.282716,0,0,0
0,0,0,-0.284122,0,0,0
0,0,0,-0.285531,0,0,0
0,0,0,-0.286944,0,0,0
0,0,0,-0.288361,0,0,0
0,0,0,-0.289781,0,0,0
0,0,0,-0.291206,0,0,0
0,0,0,-0.292634,0,0,0
0,0,0,-0.294065,0,0,0
0,0,0,-0.295501,0,0,0
0,0,0,-0.29694,0,0,0
0,0,0,-0.298382,0,0,0
0,0,0,-0.299829,0,0,0
0,0,0,-0.301279,0,0,0
0,0,0,-0.302733,0,0,0
0,0,0,-0.304191,0,0,0
0,0,0,-0.305652,0,0,0
0,0,0,-0.307117,0,0,0
0,0,0,-0.308586,0,0,0
0,0,0,-0.310058,0,0,0
0,0,0,-0.311534,0,0,0
0,0,0,-0.313014,0,0,0
0,0,0,-0.314497,0,0,0
0,0,0,-0.315984,0,0,0
0,0,0,-0.317475,0,0,0
0,0,0,-0.318969,0,0,0
0,0,0,-0.320467,0,0,0
0,0,0,-0.321969,0,0,0
0,0,0,-0.323474,0,0,0
0,0,0,-0.324983,0,0,0
0,0,0,-0.326496,0,0,0
0,0,0,-0.328012,0,0,0
0,0,0,-0.329532,0,0,0
0,0,0,-0.331055,0,0,0
0,0,0,-0.332582,0,0,0
0,0,0,-0.334113,0,0,0
0,0,0,-0.335647,0,0,0
0,0,0,-0.337185,0,0,0
0,0,0,-0.338727,0,0,0
0,0,0,-0.340272,0,0,0
0,0,0,-0.341821,0,0,0
0,0,0,-0.343373,0,0,0
0,0,0,-0.344929,0,0,0
0,0,0,-0.346489,0,0,0
0,0,0,-0.348052,0,0,0
0,0,0,-0.349618,0,0,0
0,0,0,-0.351189,0,0,0
0,0,0,-0.352762,0,0,0
0,0,0,-0.35434,0,0,0
0,0,0,-0.355921,0,0,0
0,0,0,-0.357505,0,0,0
0,0,0,-0.359093,0,0,0
0,0,0,-0.360685,0,0,0
0,0,0,-0.36228,0,0,0
0,0,0,-0.363878,0,0,0
0,0,0,-0.36548,0,0,0
0,0,0,-0.367086,0,0,0
0,0,0,-0.368695,0,0,0
0,0,0,-0.370308,0,0,0
0,0,0,-0.371924,0,0,0
0,0,0,-0.373544,0,0,0
0,0,0,-0.375167,0,0,0
0,0,0,-0.376793,0,0,0
0,0,0,-0.378423,0,0,0
0,0,0,-0.380057,0,0,0
0,0,0,-0.381694,0,0,0
0,0,0,-0.383335,0,0,0
0,0,0,-0.384979,0,0,0
0,0,0,-0.386626,0,0,0
0,0,0,-0.388277,0,0,0
0,0,0,-0.389931,0,0,0
0,0,0,-0.391589,0,0,0
0,0,0,-0.39325,0,0,0
0,0,0,-0.394915,0,0,0
0,0,0,-0.396583,0,0,0
0,0,0,-0.398254,0,0,0
0,0,0,-0.399929,0,0,0
0,0,0,-0.401607,0,0,0
0,0,0,-0.403289,0,0,0
0,0,0,-0.404974,0,0,0
0,0,0,-0.406663,0,0,0
0,0,0,-0.408354,0,0,0
0,0,0,-0.41005,0,0,0
0,0,0,-0.411748,0,0,0
0,0,0,-0.41345,0,0,0
0,0,0,-0.415155,0,0,0
0,0,0,-0.416864,0,0,0
0,0,0,-0.418576,0,0,0
0,0,0,-0.420291,0,0,0
0,0,0,-0.42201,0,0,0
0,0,0,-0.423732,0,0,0
0,0,0,-0.425457,0,0,0
0,0,0,-0.427185,0,0,0
0,0,0,-0.428917,0,0,0
0,0,0,-0.430652,0,0,0
0,0,0,-0.432391,0,0,0
0,0,0,-0.434133,0,0,0
0,0,0,-0.435877,0,0,0
0,0,0,-0.437626,0,0,0
0,0,0,-0.439377,0,0,0
0,0,0,-0.441132,0,0,0
0,0,0,-0.44289,0,0,0
0,0,0,-0.444651,0,0,0
0,0,0,-0.446416,0,0,0
0,0,0,-0.448183,0,0,0
0,0,0,-0.449954,0,0,0
0,0,0,-0.451728,0,0,0
0,0,0,-0.453506,0,0,0
0,0,0,-0.455286,0,0,0
0,0,0,-0.45707,0,0,0
0,0,0,-0.458857,0,0,0
0,0,0,-0.460647,0,0,0
0,0,0,-0.46244,0,0,0
0,0,0,-0.464236,0,0,0
0,0,0,-0.466036,0,0,0
0,0,0,-0.467839,0,0,0
0,0,0,-0.469644,0,0,0
0,0,0,-0.471453,0,0,0
0,0,0,-0.473265,0,0,0
0,0,0,-0.475081,0,0,0
0,0,0,-0.476899,0,0,0
0,0,0,-0.47872,0,0,0
0,0,0,-0.480545,0,0,0
0,0,0,-0.482372,0,0,0
0,0,0,-0.484203,0,0,0
0,0,0,-0.486037,0,0,0
0,0,0,-0.487873,0,0,0
0,0,0,-0.489713,0,0,0
0,0,0,-0.491556,0,0,0
0,0,0,-0.493402,0,0,0
0,0,0,-0.495251,0,0,0
0,0,0,-0.497103,0,0,0
0,0,0,-0.498958,0,0,0
0,0,0,-0.500816,0,0,0
0,0,0,-0.502677,0,0,0
0,0,0,-0.50454,0,0,0
0,0,0,-0.506407,0,0,0
0,0,0,-0.508277,0,0,0
0,0,0,-0.51015,0,0,0
0,0,0,-0.512026,0,0,0
0,0,0,-0.513905,0,0,0
0,0,0,-0.515786,0,0,0
0,0,0,-0.517671,0,0,0
0,0,0,-0.519558,0,0,0
0,0,0,-0.521449,0,0,0
0,0,0,-0.523342,0,0,0
0,0,0,-0.525238,0,0,0
0,0,0,-0.527137,0,0,0
0,0,0,-0.529039,0,0,0
0,0,0,-0.530944,0,0,0
0,0,0,-0.532852,0,0,0
0,0,0,-0.534762,0,0,0
0,0,0,-0.536676,0,0,0
0,0,0,-0.538592,0,0,0
0,0,0,-0.540511,0,0,0
0,0,0,-0.542433,0,0,0
0,0,0,-0.544358,0,0,0
0,0,0,-0.546285,0,0,0
0,0,0,-0.548215,0,0,0
0,0,0,-0.550148,0,0,0
0,0,0,-0.552084,0,0,0
0,0,0,-0.554023,0,0,0
0,0,0,-0.555964,0,0,0
0,0,0,-0.557908,0,0,0
0,0,0,-0.559855,0,0,0
0,0,0,-0.561804,0,0,0
0,0,0,-0.563756,0,0,0
0,0,0,-0.565711,0,0,0
0,0,0,-0.567669,0,0,0
0,0,0,-0.569629,0,0,0
0,0,0,-0.571592,0,0,0
0,0,0,-0.573558,0,0,0
0,0,0,-0.575526,0,0,0
0,0,0,-0.577497,0,0,0
0,0,0,-0.57947,0,0,0
0,0,0,-0.581447,0,0,0
0,0,0,-0.583425,0,0,0
0,0,0,-0.585407,0,0,0
0,0,0,-0.587391,0,0,0
0,0,0,-0.589377,0,0,0
0,0,0,-0.591366,0,0,0
0,0,0,-0.593358,0,0,0
0,0,0,-0.595352,0,0,0
0,0,0,-0.597349,0,0,0
0,0,0,-0.599349,0,0,0
0,0,0,-0.601351,0,0,0
0,0,0,-0.603355,0,0,0
0,0,0,-0.605362,0,0,0
0,0,0,-0.607371,0,0,0
0,0,0,-0.609383,0,0,0
0,0,0,-0.611398,0,0,0
0,0,0,-0.613414,0,0,0
0,0,0,-0.615434,0,0,0
0,0,0,-0.617455,0,0,0
0,0,0,-0.61948,0,0,0
0,0,0,-0.621506,0,0,0
0,0,0,-0.623535,0,0,0
0,0,0,-0.625567,0,0,0
0,0,0,-0.627601,0,0,0
0,0,0,-0.629637,0,0,0
0,0,0,-0.631675,0,0,0
0,0,0,-0.633716,0,0,0
0,0,0,-0.63576,0,0,0
0,0,0,-0.637805,0,0,0
0,0,0,-0.639853,0,0,0
0,0,0,-0.641903,0,0,0
0,0,0,-0.643956,0,0,0
0,0,0,-0.646011,0,0,0
0,0,0,-0.648068,0,0,0
0,0,0,-0.650128,0,0,0
0,0,0,-0.652189,0,0,0
0,0,0,-0.654253,0,0,0
0,0,0,-0.656319,0,0,0
0,0,0,-0.658388,0,0,0
0,0,0,-0.660459,0,0,0
0,0,0,-0.662531,0,0,0
0,0,0,-0.664607,0,0,0
0,0,0,-0.666684,0,0,0
0,0,0,-0.668763,0,0,0
0,0,0,-0.670845,0,0,0
0,0,0,-0.672929,0,0,0
0,0,0,-0.675015,0,0,0
0,0,0,-0.677103,0,0,0
0,0,0,-0.679193,0,0,0
0,0,0,-0.681285,0,0,0
0,0,0,-0.68338,0,0,0
0,0,0,-0.685476,0,0,0
0,0,0,-0.687575,0,0,0
0,0,0,-0.689675,0,0,0
0,0,0,-0.691778,0,0,0
0,0,0,-0.693883,0,0,0
0,0,0,-0.695989,0,0,0
0,0,0,-0.698098,0,0,0
0,0,0,-0.700209,0,0,0
0,0,0,-0.702322,0,0,0
0,0,0,-0.704437,0,0,0
0,0,0,-0.706553,0,0,0
0,0,0,-0.708672,0,0,0
0,0,0,-0.710793,0,0,0
0,0,0,-0.712915,0,0,0
0,0,0,-0.71504,0,0,0
0,0,0,-0.717166,0,0,0
0,0,0,-0.719295,0,0,0
0,0,0,-0.721425,0,0,0
0,0,0,-0.723557,0,0,0
0,0,0,-0.725691,0,0,0
0,0,0,-0.727827,0,0,0
0,0,0,-0.729964,0,0,0
0,0,0,-0.732104,0,0,0
0,0,0,-0.734245,0,0,0
0,0,0,-0.736389,0,0,0
0,0,0,-0.738533,0,0,0
0,0,0,-0.74068,0,0,0
0,0,0,-0.742829,0,0,0
0,0,0,-0.744979,0,0,0
0,0,0,-0.747131,0,0,0
0,0,0,-0.749285,0,0,0
0,0,0,-0.75144,0,0,0
0,0,0,-0.753597,0,0,0
0,0,0,-0.755756,0,0,0
0,0,0,-0.757917,0,0,0
0,0,0,-0.760079,0,0,0
0,0,0,-0.762243,0,0,0
0,0,0,-0.764409,0,0,0
0,0,0,-0.766576,0,0,0
0,0,0,-0.768745,0,0,0
0,0,0,-0.770915,0,0,0
0,0,0,-0.773087,0,0,0
0,0,0,-0.775261,0,0,0
0,0,0,-0.777436,0,0,0
0,0,0,-0.779613,0,0,0
0,0,0,-0.781791,0,0,0
0,0,0,-0.783971,0,0,0
0,0,0,-0.786152,0,0,0
0,0,0,-0.788335,0,0,0
0,0,0,-0.79052,0,0,0
0,0,0,-0.792706,0,0,0
0,0,0,-0.794893,0,0,0
0,0,0,-0.797082,0,0,0
0,0,0,-0.799272,0,0,0
0,0,0,-0.801464,0,0,0
0,0,0,-0.803657,0,0,0
0,0,0,-0.805851,0,0,0
0,0,0,-0.808047,0,0,0
0,0,0,-0.810245,0,0,0
0,0,0,-0.812443,0,0,0
0,0,0,-0.814644,0,0,0
0,0,0,-0.816845,0,0,0
0,0,0,-0.819048,0,0,0
0,0,0,-0.821252,0,0,0
0,0,0,-0.823457,0,0,0
0,0,0,-0.825664,0,0,0
0,0,0,-0.827872,0,0,0
0,0,0,-0.830081,0,0,0
0,0,0,-0.832292,0,0,0
0,0,0,-0.834503,0,0,0
0,0,0,-0.836716,0,0,0
0,0,0,-0.83893,0,0,0
0,0,0,-0.841146,0,0,0
0,0,0,-0.843362,0,0,0
0,0,0,-0.84558,0,0,0
0,0,0,-0.847799,0,0,0
0,0,0,-0.850019,0,0,0
0,0,0,-0.85224,0,0,0
0,0,0,-0.854463,0,0,0
0,0,0,-0.856686,0,0,0
0,0,0,-0.858911,0,0,0
0,0,0,-0.861136,0,0,0
0,0,0,-0.863363,0,0,0
0,0,0,-0.865591,0,0,0
0,0,0,-0.867819,0,0,0
0,0,0,-0.870049,0,0,0
0,0,0,-0.87228,0,0,0
0,0,0,-0.874512,0,0,0
0,0,0,-0.876745,0,0,0
0,0,0,-0.878979,0,0,0
0,0,0,-0.881213,0,0,0
0,0,0,-0.883449,0,0,0
0,0,0,-0.885686,0,0,0
0,0,0,-0.887923,0,0,0
0,0,0,-0.890162,0,0,0
0,0,0,-0.892401,0,0,0
0,0,0,-0.894642,0,0,0
0,0,0,-0.896883,0,0,0
0,0,0,-0.899125,0,0,0
0,0,0,-0.901368,0,0,0
0,0,0,-0.903611,0,0,0
0,0,0,-0.905856,0,0,0
0,0,0,-0.908101,0,0,0
0,0,0,-0.910347,0,0,0
0,0,0,-0.912594,0,0,0
0,0,0,-0.914841,0,0,0
0,0,0,-0.91709,0,0,0
0,0,0,-0.919339,0,0,0
0,0,0,-0.921589,0,0,0
0,0,0,-0.923839,0,0,0
0,0,0,-0.92609,0,0,0
0,0,0,-0.928342,0,0,0
0,0,0,-0.930595,0,0,0
0,0,0,-0.932848,0,0,0
0,0,0,-0.935102,0,0,0
0,0,0,-0.937356,0,0,0
0,0,0,-0.939611,0,0,0
0,0,0,-0.941867,0,0,0
0,0,0,-0.944123,0,0,0
0,0,0,-0.94638,0,0,0
0,0,0,-0.948637,0,0,0
0,0,0,-0.950895,0,0,0
0,0,0,-0.953153,0,0,0
0,0,0,-0.955412,0,0,0
0,0,0,-0.957671,0,0,0
0,0,0,-0.959931,0,0,0
0,0,0,-0.962192,0,0,0
0,0,0,-0.964452,0,0,0
0,0,0,-0.966714,0,0,0
0,0,0,-0.968975,0,0,0
0,0,0,-0.971237,0,0,0
0,0,0,-0.9735,0,0,0
0,0,0,-0.975762,0,0,0
0,0,0,-0.978026,0,0,0
0,0,0,-0.980289,0,0,0
0,0,0,-0.982553,0,0,0
0,0,0,-0.984817,0,0,0
0,0,0,-0.987082,0,0,0
0,0,0,-0.989346,0,0,0
0,0,0,-0.991611,0,0,0
0,0,0,-0.993877,0,0,0
0,0,0,-0.996142,0,0,0
0,0,0,-0.998408,0,0,0
0,0,0,-1.00067,0,0,0
0,0,0,-1.00294,0,0,0
0,0,0,-1.00521,0,0,0
0,0,0,-1.00747,0,0,0
0,0,0,-1.00974,0,0,0
0,0,0,-1.01201,0,0,0
0,0,0,-1.01427,0,0,0
0,0,0,-1.01654,0,0,0
0,0,0,-1.01881,0,0,0
0,0,0,-1.02108,0,0,0
0,0,0,-1.02334,0,0,0
0,0,0,-1.02561,0,0,0
0,0,0,-1.02788,0,0,0
0,0,0,-1.03015,0,0,0
0,0,0,-1.03241,0,0,0
0,0,0,-1.03468,0,0,0
0,0,0,-1.03695,0,0,0
0,0,0,-1.03922,0,0,0
0,0,0,-1.04148,0,0,0
0,0,0,-1.04375,0,0,0
0,0,0,-1.04602,0,0,0
0,0,0,-1.04829,0,0,0
0,0,0,-1.05055,0,0,0
0,0,0,-1.05282,0,0,0
0,0,0,-1.05509,0,0,0
0,0,0,-1.05735,0,0,0
0,0,0,-1.05962,0,0,0
0,0,0,-1.06189,0,0,0
0,0,0,-1.06415,0,0,0
0,0,0,-1.06642,0,0,0
0,0,0,-1.06869,0,0,0
0,0,0,-1.07095,0,0,0
0,0,0,-1.07322,0,0,0
0,0,0,-1.07548,0,0,0
0,0,0,-1.07775,0,0,0
0,0,0,-1.08001,0,0,0
0,0,0,-1.08228,0,0,0
0,0,0,-1.08454,0,0,0
0,0,0,-1.0868,0,0,0
0,0,0,-1.08907,0,0,0
0,0,0,-1.09133,0,0,0
0,0,0,-1.09359,0,0,0
0,0,0,-1.09586,0,0,0
0,0,0,-1.09812,0,0,0
0,0,0,-1.10038,0,0,0
0,0,0,-1.10264,0,0,0
0,0,0,-1.1049,0,0,0
0,0,0,-1.10716,0,0,0
0,0,0,-1.10942,0,0,0
0,0,0,-1.11168,0,0,0
0,0,0,-1.11394,0,0,0
0,0,0,-1.1162,0,0,0
0,0,0,-1.11845,0,0,0
0,0,0,-1.12071,0,0,0
0,0,0,-1.12297,0,0,0
0,0,0,-1.12522,0,0,0
0,0,0,-1.12748,0,0,0
0,0,0,-1.12973,0,0,0
0,0,0,-1.13199,0,0,0
0,0,0,-1.13424,0,0,0
0,0,0,-1.13649,0,0,0
0,0,0,-1.13874,0,0,0
0,0,0,-1.141,0,0,0
0,0,0,-1.14325,0,0,0
0,0,0,-1.1455,0,0,0
0,0,0,-1.14774,0,0,0
0,0,0,-1.14999,0,0,0
0,0,0,-1.15224,0,0,0
0,0,0,-1.15449,0,0,0
0,0,0,-1.15673,0,0,0
0,0,0,-1.15898,0,0,0
0,0,0,-1.16122,0,0,0
0,0,0,-1.16347,0,0,0
0,0,0,-1.16571,0,0,0
0,0,0,-1.16795,0,0,0
0,0,0,-1.17019,0,0,0
0,0,0,-1.17243,0,0,0
0,0,0,-1.17467,0,0,0
0,0,0,-1.17691,0,0,0
0,0,0,-1.17915,0,0,0
0,0,0,-1.18138,0,0,0
0,0,0,-1.18362,0,0,0
0,0,0,-1.18585,0,0,0
0,0,0,-1.18809,0,0,0
0,0,0,-1.19032,0,0,0
0,0,0,-1.19255,0,0,0
0,0,0,-1.19478,0,0,0
0,0,0,-1.19701,0,0,0
0,0,0,-1.19924,0,0,0
0,0,0,-1.20146,0,0,0
0,0,0,-1.20369,0,0,0
0,0,0,-1.20592,0,0,0
0,0,0,-1.20814,0,0,0
0,0,0,-1.21036,0,0,0
0,0,0,-1.21258,0,0,0
0,0,0,-1.2148,0,0,0
0,0,0,-1.21702,0,0,0
0,0,0,-1.21924,0,0,0
0,0,0,-1.22146,0,0,0
0,0,0,-1.22367,0,0,0
0,0,0,-1.22589,0,0,0
0,0,0,-1.2281,0,0,0
0,0,0,-1.23031,0,0,0
0,0,0,-1.23252,0,0,0
0,0,0,-1.23473,0,0,0
0,0,0,-1.23694,0,0,0
0,0,0,-1.23914,0,0,0
0,0,0,-1.24135,0,0,0
0,0,0,-1.24355,0,0,0
0,0,0,-1.24575,0,0,0
0,0,0,-1.24795,0,0,0
0,0,0,-1.25015,0,0,0
0,0,0,-1.25235,0,0,0
0,0,0,-1.25455,0,0,0
0,0,0,-1.25674,0,0,0
0,0,0,-1.25893,0,0,0
0,0,0,-1.26113,0,0,0
0,0,0,-1.26332,0,0,0
0,0,0,-1.26551,0,0,0
0,0,0,-1.26769,0,0,0
0,0,0,-1.26988,0,0,0
0,0,0,-1.27206,0,0,0
0,0,0,-1.27425,0,0,0
0,0,0,-1.27643,0,0,0
0,0,0,-1.27861,0,0,0
0,0,0,-1.28078,0,0,0
0,0,0,-1.28296,0,0,0
0,0,0,-1.28513,0,0,0
0,0,0,-1.28731,0,0,0
0,0,0,-1.28948,0,0,0
0,0,0,-1.29165,0,0,0
0,0,0,-1.29381,0,0,0
0,0,0,-1.29598,0,0,0
0,0,0,-1.29814,0,0,0
0,0,0,-1.30031,0,0,0
0,0,0,-1.30247,0,0,0
0,0,0,-1.30463,0,0,0
0,0,0,-1.30678,0,0,0
0,0,0,-1.30894,0,0,0
0,0,0,-1.31109,0,0,0
0,0,0,-1.31324,0,0,0
0,0,0,-1.31539,0,0,0
0,0,0,-1.31754,0,0,0
0,0,0,-1.31969,0,0,0
0,0,0,-1.32183,0,0,0
0,0,0,-1.32397,0,0,0
0,0,0,-1.32611,0,0,0
0,0,0,-1.32825,0,0,0
0,0,0,-1.33039,0,0,0
0,0,0,-1.33252,0,0,0
0,0,0,-1.33465,0,0,0
0,0,0,-1.33678,0,0,0
0,0,0,-1.33891,0,0,0
0,0,0,-1.34104,0,0,0
0,0,0,-1.34316,0,0,0
0,0,0,-1.34528,0,0,0
0,0,0,-1.3474,0,0,0
0,0,0,-1.34952,0,0,0
0,0,0,-1.35164,0,0,0
0,0,0,-1.35375,0,0,0
0,0,0,-1.35586,0,0,0
0,0,0,-1.35797,0,0,0
0,0,0,-1.36008,0,0,0
0,0,0,-1.36218,0,0,0
0,0,0,-1.36428,0,0,0
0,0,0,-1.36638,0,0,0
0,0,0,-1.36848,0,0,0
0,0,0,-1.37058,0,0,0
0,0,0,-1.37267,0,0,0
0,0,0,-1.37476,0,0,0
0,0,0,-1.37685,0,0,0
0,0,0,-1.37894,0,0,0
0,0,0,-1.38102,0,0,0
0,0,0,-1.3831,0,0,0
0,0,0,-1.38518,0,0,0
0,0,0,-1.38726,0,0,0
0,0,0,-1.38934,0,0,0
0,0,0,-1.39141,0,0,0
0,0,0,-1.39348,0,0,0
0,0,0,-1.39555,0,0,0
0,0,0,-1.39761,0,0,0
0,0,0,-1.39967,0,0,0
0,0,0,-1.40173,0,0,0
0,0,0,-1.40379,0,0,0
0,0,0,-1.40585,0,0,0
0,0,0,-1.4079,0,0,0
0,0,0,-1.40995,0,0,0
0,0,0,-1.412,0,0,0
0,0,0,-1.41404,0,0,0
0,0,0,-1.41609,0,0,0
0,0,0,-1.41813,0,0,0
0,0,0,-1.42016,0,0,0
0,0,0,-1.4222,0,0,0
0,0,0,-1.42423,0,0,0
0,0,0,-1.42626,0,0,0
0,0,0,-1.42829,0,0,0
0,0,0,-1.43031,0,0,0
0,0,0,-1.43233,0,0,0
0,0,0,-1.43435,0,0,0
0,0,0,-1.43637,0,0,0
0,0,0,-1.43838,0,0,0
0,0,0,-1.44039,0,0,0
0,0,0,-1.4424,0,0,0
0,0,0,-1.4444,0,0,0
0,0,0,-1.44641,0,0,0
0,0,0,-1.44841,0,0,0
0,0,0,-1.4504,0,0,0
0,0,0,-1.4524,0,0,0
0,0,0,-1.45439,0,0,0
0,0,0,-1.45638,0,0,0
0,0,0,-1.45836,0,0,0
0,0,0,-1.46034,0,0,0
0,0,0,-1.46232,0,0,0
0,0,0,-1.4643,0,0,0
0,0,0,-1.46627,0,0,0
0,0,0,-1.46824,0,0,0
0,0,0,-1.47021,0,0,0
0,0,0,-1.47218,0,0,0
0,0,0,-1.47414,0,0,0
0,0,0,-1.4761,0,0,0
0,0,0,-1.47805,0,0,0
0,0,0,-1.48,0,0,0
0,0,0,-1.48195,0,0,0
0,0,0,-1.4839,0,0,0
0,0,0,-1.48584,0,0,0
0,0,0,-1.48779,0,0,0
0,0,0,-1.48972,0,0,0
0,0,0,-1.49166,0,0,0
0,0,0,-1.49359,0,0,0
0,0,0,-1.49552,0,0,0
0,0,0,-1.49744,0,0,0
0,0,0,-1.49936,0,0,0
0,0,0,-1.50128,0,0,0
0,0,0,-1.5032,0,0,0
0,0,0,-1.50511,0,0,0
0,0,0,-1.50702,0,0,0
0,0,0,-1.50892,0,0,0
0,0,0,-1.51083,0,0,0
0,0,0,-1.51273,0,0,0
0,0,0,-1.51462,0,0,0
0,0,0,-1.51651,0,0,0
0,0,0,-1.5184,0,0,0
0,0,0,-1.52029,0,0,0
0,0,0,-1.52217,0,0,0
0,0,0,-1.52405,0,0,0
0,0,0,-1.52593,0,0,0
0,0,0,-1.5278,0,0,0
0,0,0,-1.52967,0,0,0
0,0,0,-1.53154,0,0,0
0,0,0,-1.5334,0,0,0
0,0,0,-1.53526,0,0,0
0,0,0,-1.53711,0,0,0
0,0,0,-1.53897,0,0,0
0,0,0,-1.54081,0,0,0
0,0,0,-1.54266,0,0,0
0,0,0,-1.5445,0,0,0
0,0,0,-1.54634,0,0,0
0,0,0,-1.54817,0,0,0
0,0,0,-1.55001,0,0,0
0,0,0,-1.55183,0,0,0
0,0,0,-1.55366,0,0,0
0,0,0,-1.55548,0,0,0
0,0,0,-1.5573,0,0,0
0,0,0,-1.55911,0,0,0
0,0,0,-1.56092,0,0,0
0,0,0,-1.56273,0,0,0
0,0,0,-1.56453,0,0,0
0,0,0,-1.56633,0,0,0
0,0,0,-1.56812,0,0,0
0,0,0,-1.56991,0,0,0
0,0,0,-1.5717,0,0,0
0,0,0,-1.57349,0,0,0
0,0,0,-1.57527,0,0,0
0,0,0,-1.57704,0,0,0
0,0,0,-1.57882,0,0,0
0,0,0,-1.58059,0,0,0
0,0,0,-1.58235,0,0,0
0,0,0,-1.58411,0,0,0
0,0,0,-1.58587,0,0,0
0,0,0,-1.58763,0,0,0
0,0,0,-1.58938,0,0,0
0,0,0,-1.59112,0,0,0
0,0,0,-1.59287,0,0,0
0,0,0,-1.5946,0,0,0
0,0,0,-1.59634,0,0,0
0,0,0,-1.59807,0,0,0
0,0,0,-1.5998,0,0,0
0,0,0,-1.60152,0,0,0
0,0,0,-1.60324,0,0,0
0,0,0,-1.60496,0,0,0
0,0,0,-1.60667,0,0,0
0,0,0,-1.60838,0,0,0
0,0,0,-1.61008,0,0,0
0,0,0,-1.61178,0,0,0
0,0,0,-1.61348,0,0,0
0,0,0,-1.61517,0,0,0
0,0,0,-1.61685,0,0,0
0,0,0,-1.61854,0,0,0
0,0,0,-1.62022,0,0,0
0,0,0,-1.62189,0,0,0
0,0,0,-1.62357,0,0,0
0,0,0,-1.62523,0,0,0
0,0,0,-1.6269,0,0,0
0,0,0,-1.62856,0,0,0
0,0,0,-1.63021,0,0,0
0,0,0,-1.63186,0,0,0
0,0,0,-1.63351,0,0,0
0,0,0,-1.63515,0,0,0
0,0,0,-1.63679,0,0,0
0,0,0,-1.63843,0,0,0
0,0,0,-1.64006,0,0,0
0,0,0,-1.64168,0,0,0
0,0,0,-1.6433,0,0,0
0,0,0,-1.64492,0,0,0
0,0,0,-1.64654,0,0,0
0,0,0,-1.64815,0,0,0
0,0,0,-1.64975,0,0,0
0,0,0,-1.65135,0,0,0
0,0,0,-1.65295,0,0,0
0,0,0,-1.65454,0,0,0
0,0,0,-1.65613,0,0,0
0,0,0,-1.65771,0,0,0
0,0,0,-1.65929,0,0,0
0,0,0,-1.66087,0,0,0
0,0,0,-1.66244,0,0,0
0,0,0,-1.664,0,0,0
0,0,0,-1.66557,0,0,0
0,0,0,-1.66712,0,0,0
0,0,0,-1.66868,0,0,0
0,0,0,-1.67022,0,0,0
0,0,0,-1.67177,0,0,0
0,0,0,-1.67331,0,0,0
0,0,0,-1.67484,0,0,0
0,0,0,-1.67638,0,0,0
0,0,0,-1.6779,0,0,0
0,0,0,-1.67942,0,0,0
0,0,0,-1.68094,0,0,0
0,0,0,-1.68246,0,0,0
0,0,0,-1.68396,0,0,0
0,0,0,-1.68547,0,0,0
0,0,0,-1.68697,0,0,0
0,0,0,-1.68846,0,0,0
0,0,0,-1.68995,0,0,0
0,0,0,-1.69144,0,0,0
0,0,0,-1.69292,0,0,0
0,0,0,-1.6944,0,0,0
0,0,0,-1.69587,0,0,0
0,0,0,-1.69734,0,0,0
0,0,0,-1.6988,0,0,0
0,0,0,-1.70026,0,0,0
0,0,0,-1.70171,0,0,0
0,0,0,-1.70316,0,0,0
0,0,0,-1.70461,0,0,0
0,0,0,-1.70605,0,0,0
0,0,0,-1.70748,0,0,0
0,0,0,-1.70891,0,0,0
0,0,0,-1.71034,0,0,0
0,0,0,-1.71176,0,0,0
0,0,0,-1.71318,0,0,0
0,0,0,-1.71459,0,0,0
0,0,0,-1.716,0,0,0
0,0,0,-1.7174,0,0,0
0,0,0,-1.7188,0,0,0
0,0,0,-1.72019,0,0,0
0,0,0,-1.72158,0,0,0
0,0,0,-1.72296,0,0,0
0,0,0,-1.72434,0,0,0
0,0,0,-1.72571,0,0,0
0,0,0,-1.72708,0,0,0
0,0,0,-1.72845,0,0,0
0,0,0,-1.7298,0,0,0
0,0,0,-1.73116,0,0,0
0,0,0,-1.73251,0,0,0
0,0,0,-1.73385,0,0,0
0,0,0,-1.73519,0,0,0
0,0,0,-1.73653,0,0,0
0,0,0,-1.73786,0,0,0
0,0,0,-1.73918,0,0,0
0,0,0,-1.7405,0,0,0
0,0,0,-1.74182,0,0,0
0,0,0,-1.74313,0,0,0
0,0,0,-1.74443,0,0,0
0,0,0,-1.74573,0,0,0
0,0,0,-1.74703,0,0,0
0,0,0,-1.74832,0,0,0
0,0,0,-1.7496,0,0,0
0,0,0,-1.75089,0,0,0
0,0,0,-1.75216,0,0,0
0,0,0,-1.75343,0,0,0
0,0,0,-1.7547,0,0,0
0,0,0,-1.75596,0,0,0
0,0,0,-1.75721,0,0,0
0,0,0,-1.75846,0,0,0
0,0,0,-1.75971,0,0,0
0,0,0,-1.76095,0,0,0
0,0,0,-1.76218,0,0,0
0,0,0,-1.76341,0,0,0
0,0,0,-1.76464,0,0,0
0,0,0,-1.76586,0,0,0
0,0,0,-1.76707,0,0,0
0,0,0,-1.76828,0,0,0
0,0,0,-1.76949,0,0,0
0,0,0,-1.77069,0,0,0
0,0,0,-1.77188,0,0,0
0,0,0,-1.77307,0,0,0
0,0,0,-1.77425,0,0,0
0,0,0,-1.77543,0,0,0
0,0,0,-1.7766,0,0,0
0,0,0,-1.77777,0,0,0
0,0,0,-1.77894,0,0,0
0,0,0,-1.78009,0,0,0
0,0,0,-1.78125,0,0,0
0,0,0,-1.78239,0,0,0
0,0,0,-1.78354,0,0,0
0,0,0,-1.78467,0,0,0
0,0,0,-1.78581,0,0,0
0,0,0,-1.78693,0,0,0
0,0,0,-1.78805,0,0,0
0,0,0,-1.78917,0,0,0
0,0,0,-1.79028,0,0,0
0,0,0,-1.79138,0,0,0
0,0,0,-1.79248,0,0,0
0,0,0,-1.79358,0,0,0
0,0,0,-1.79467,0,0,0
0,0,0,-1.79575,0,0,0
0,0,0,-1.79683,0,0,0
0,0,0,-1.79791,0,0,0
0,0,0,-1.79897,0,0,0
0,0,0,-1.80004,0,0,0
0,0,0,-1.80109,0,0,0
0,0,0,-1.80215,0,0,0
0,0,0,-1.80319,0,0,0
0,0,0,-1.80423,0,0,0
0,0,0,-1.80527,0,0,0
0,0,0,-1.8063,0,0,0
0,0,0,-1.80732,0,0,0
0,0,0,-1.80834,0,0,0
0,0,0,-1.80936,0,0,0
0,0,0,-1.81037,0,0,0
0,0,0,-1.81137,0,0,0
0,0,0,-1.81237,0,0,0
0,0,0,-1.81336,0,0,0
0,0,0,-1.81435,0,0,0
0,0,0,-1.81533,0,0,0
0,0,0,-1.8163,0,0,0
0,0,0,-1.81728,0,0,0
0,0,0,-1.81824,0,0,0
0,0,0,-1.8192,0,0,0
0,0,0,-1.82015,0,0,0
0,0,0,-1.8211,0,0,0
0,0,0,-1.82205,0,0,0
0,0,0,-1.82298,0,0,0
0,0,0,-1.82391,0,0,0
0,0,0,-1.82484,0,0,0
0,0,0,-1.82576,0,0,0
0,0,0,-1.82668,0,0,0
0,0,0,-1.82759,0,0,0
0,0,0,-1.82849,0,0,0
0,0,0,-1.82939,0,0,0
0,0,0,-1.83028,0,0,0
0,0,0,-1.83117,0,0,0
0,0,0,-1.83205,0,0,0
0,0,0,-1.83293,0,0,0
0,0,0,-1.8338,0,0,0
0,0,0,-1.83466,0,0,0
0,0,0,-1.83552,0,0,0
0,0,0,-1.83638,0,0,0
0,0,0,-1.83722,0,0,0
0,0,0,-1.83807,0,0,0
0,0,0,-1.8389,0,0,0
0,0,0,-1.83973,0,0,0
0,0,0,-1.84056,0,0,0
0,0,0,-1.84138,0,0,0
0,0,0,-1.84219,0,0,0
0,0,0,-1.843,0,0,0
0,0,0,-1.8438,0,0,0
0,0,0,-1.8446,0,0,0
0,0,0,-1.84539,0,0,0
0,0,0,-1.84618,0,0,0
0,0,0,-1.84696,0,0,0
0,0,0,-1.84773,0,0,0
0,0,0,-1.8485,0,0,0
0,0,0,-1.84926,0,0,0
0,0,0,-1.85002,0,0,0
0,0,0,-1.85077,0,0,0
0,0,0,-1.85152,0,0,0
0,0,0,-1.85226,0,0,0
0,0,0,-1.85299,0,0,0
0,0,0,-1.85372,0,0,0
0,0,0,-1.85444,0,0,0
0,0,0,-1.85516,0,0,0
0,0,0,-1.85587,0,0,0
0,0,0,-1.85658,0,0,0
0,0,0,-1.85728,0,0,0
0,0,0,-1.85797,0,0,0
0,0,0,-1.85866,0,0,0
0,0,0,-1.85934,0,0,0
0,0,0,-1.86002,0,0,0
0,0,0,-1.86069,0,0,0
0,0,0,-1.86135,0,0,0
0,0,0,-1.86201,0,0,0
0,0,0,-1.86266,0,0,0
0,0,0,-1.86331,0,0,0
0,0,0,-1.86395,0,0,0
0,0,0,-1.86459,0,0,0
0,0,0,-1.86522,0,0,0
0,0,0,-1.86584,0,0,0
0,0,0,-1.86646,0,0,0
0,0,0,-1.86707,0,0,0
0,0,0,-1.86768,0,0,0
0,0,0,-1.86828,0,0,0
0,0,0,-1.86887,0,0,0
0,0,0,-1.86946,0,0,0
0,0,0,-1.87004,0,0,0
0,0,0,-1.87062,0,0,0
0,0,0,-1.87119,0,0,0
0,0,0,-1.87176,0,0,0
0,0,0,-1.87231,0,0,0
0,0,0,-1.87287,0,0,0
0,0,0,-1.87342,0,0,0
0,0,0,-1.87396,0,0,0
0,0,0,-1.87449,0,0,0
0,0,0,-1.87502,0,0,0
0,0,0,-1.87555,0,0,0
0,0,0,-1.87606,0,0,0
0,0,0,-1.87658,0,0,0
0,0,0,-1.87708,0,0,0
0,0,0,-1.87758,0,0,0
0,0,0,-1.87808,0,0,0
0,0,0,-1.87856,0,0,0
0,0,0,-1.87905,0,0,0
0,0,0,-1.87952,0,0,0
0,0,0,-1.87999,0,0,0
0,0,0,-1.88046,0,0,0
0,0,0,-1.88091,0,0,0
0,0,0,-1.88137,0,0,0
0,0,0,-1.88181,0,0,0
0,0,0,-1.88225,0,0,0
0,0,0,-1.88269,0,0,0
0,0,0,-1.88312,0,0,0
0,0,0,-1.88354,0,0,0
0,0,0,-1.88395,0,0,0
0,0,0,-1.88437,0,0,0
0,0,0,-1.88477,0,0,0
0,0,0,-1.88517,0,0,0
0,0,0,-1.88556,0,0,0
0,0,0,-1.88595,0,0,0
0,0,0,-1.88633,0,0,0
0,0,0,-1.8867,0,0,0
0,0,0,-1.88707,0,0,0
0,0,0,-1.88743,0,0,0
0,0,0,-1.88779,0,0,0
0,0,0,-1.88814,0,0,0
0,0,0,-1.88848,0,0,0
0,0,0,-1.88882,0,0,0
0,0,0,-1.88915,0,0,0
0,0,0,-1.88948,0,0,0
0,0,0,-1.8898,0,0,0
0,0,0,-1.89012,0,0,0
0,0,0,-1.89042,0,0,0
0,0,0,-1.89073,0,0,0
0,0,0,-1.89102,0,0,0
0,0,0,-1.89131,0,0,0
0,0,0,-1.8916,0,0,0
0,0,0,-1.89187,0,0,0
0,0,0,-1.89215,0,0,0
0,0,0,-1.89241,0,0,0
0,0,0,-1.89267,0,0,0
0,0,0,-1.89293,0,0,0
0,0,0,-1.89317,0,0,0
0,0,0,-1.89342,0,0,0
0,0,0,-1.89365,0,0,0
0,0,0,-1.89388,0,0,0
0,0,0,-1.8941,0,0,0
0,0,0,-1.89432,0,0,0
0,0,0,-1.89453,0,0,0
0,0,0,-1.89474,0,0,0
0,0,0,-1.89494,0,0,0
0,0,0,-1.89513,0,0,0
0,0,0,-1.89532,0,0,0
0,0,0,-1.8955,0,0,0
0,0,0,-1.89567,0,0,0
0,0,0,-1.89584,0,0,0
0,0,0,-1.896,0,0,0
0,0,0,-1.89616,0,0,0
0,0,0,-1.89631,0,0,0
0,0,0,-1.89646,0,0,0
0,0,0,-1.89659,0,0,0
0,0,0,-1.89673,0,0,0
0,0,0,-1.89685,0,0,0
0,0,0,-1.89697,0,0,0
0,0,0,-1.89709,0,0,0
0,0,0,-1.8972,0,0,0
0,0,0,-1.8973,0,0,0
0,0,0,-1.89739,0,0,0
0,0,0,-1.89748,0,0,0
0,0,0,-1.89757,0,0,0
0,0,0,-1.89764,0,0,0
0,0,0,-1.89772,0,0,0
0,0,0,-1.89778,0,0,0
0,0,0,-1.89784,0,0,0
0,0,0,-1.89789,0,0,0
0,0,0,-1.89794,0,0,0
0,0,0,-1.89798,0,0,0
0,0,0,-1.89802,0,0,0
0,0,0,-1.89805,0,0,0
0,0,0,-1.89807,0,0,0
0,0,0,-1.89808,0,0,0
0,0,0,-1.8981,0,0,0
0,0,0,-1.8981,0,0,0
0,0,0,-1.8981,0,0,0
0,0,0,-1.89809,0,0,0
0,0,0,-1.89808,0,0,0
0,0,0,-1.89806,0,0,0
0,0,0,-1.89803,0,0,0
0,0,0,-1.898,0,0,0
0,0,0,-1.89796,0,0,0
0,0,0,-1.89792,0,0,0
0,0,0,-1.89787,0,0,0
0,0,0,-1.89781,0,0,0
0,0,0,-1.89775,0,0,0
0,0,0,-1.89768,0,0,0
0,0,0,-1.8976,0,0,0
0,0,0,-1.89752,0,0,0
0,0,0,-1.89743,0,0,0
0,0,0,-1.89734,0,0,0
0,0,0,-1.89724,0,0,0
0,0,0,-1.89714,0,0,0
0,0,0,-1.89703,0,0,0
0,0,0,-1.89691,0,0,0
0,0,0,-1.89679,0,0,0
0,0,0,-1.89666,0,0,0
0,0,0,-1.89652,0,0,0
0,0,0,-1.89638,0,0,0
0,0,0,-1.89623,0,0,0
0,0,0,-1.89608,0,0,0
0,0,0,-1.89592,0,0,0
0,0,0,-1.89575,0,0,0
0,0,0,-1.89558,0,0,0
0,0,0,-1.8954,0,0,0
0,0,0,-1.89522,0,0,0
0,0,0,-1.89502,0,0,0
0,0,0,-1.89483,0,0,0
0,0,0,-1.89463,0,0,0
0,0,0,-1.89442,0,0,0
0,0,0,-1.8942,0,0,0
0,0,0,-1.89398,0,0,0
0,0,0,-1.89375,0,0,0
0,0,0,-1.89352,0,0,0
0,0,0,-1.89328,0,0,0
0,0,0,-1.89304,0,0,0
0,0,0,-1.89279,0,0,0
0,0,0,-1.89253,0,0,0
0,0,0,-1.89227,0,0,0
0,0,0,-1.892,0,0,0
0,0,0,-1.89172,0,0,0
0,0,0,-1.89144,0,0,0
0,0,0,-1.89115,0,0,0
0,0,0,-1.89086,0,0,0
0,0,0,-1.89056,0,0,0
0,0,0,-1.89026,0,0,0
0,0,0,-1.88994,0,0,0
0,0,0,-1.88963,0,0,0
0,0,0,-1.8893,0,0,0
0,0,0,-1.88897,0,0,0
0,0,0,-1.88864,0,0,0
0,0,0,-1.8883,0,0,0
0,0,0,-1.88795,0,0,0
0,0,0,-1.88759,0,0,0
0,0,0,-1.88723,0,0,0
0,0,0,-1.88687,0,0,0
0,0,0,-1.8865,0,0,0
0,0,0,-1.88612,0,0,0
0,0,0,-1.88574,0,0,0
0,0,0,-1.88535,0,0,0
0,0,0,-1.88495,0,0,0
0,0,0,-1.88455,0,0,0
0,0,0,-1.88414,0,0,0
0,0,0,-1.88373,0,0,0
0,0,0,-1.88331,0,0,0
0,0,0,-1.88288,0,0,0
0,0,0,-1.88245,0,0,0
0,0,0,-1.88201,0,0,0
0,0,0,-1.88157,0,0,0
0,0,0,-1.88112,0,0,0
0,0,0,-1.88066,0,0,0
0,0,0,-1.8802,0,0,0
0,0,0,-1.87973,0,0,0
0,0,0,-1.87926,0,0,0
0,0,0,-1.87878,0,0,0
0,0,0,-1.8783,0,0,0
0,0,0,-1.8778,0,0,0
0,0,0,-1.87731,0,0,0
0,0,0,-1.8768,0,0,0
0,0,0,-1.87629,0,0,0
0,0,0,-1.87578,0,0,0
0,0,0,-1.87526,0,0,0
0,0,0,-1.87473,0,0,0
0,0,0,-1.8742,0,0,0
0,0,0,-1.87366,0,0,0
0,0,0,-1.87312,0,0,0
0,0,0,-1.87256,0,0,0
0,0,0,-1.87201,0,0,0
0,0,0,-1.87145,0,0,0
0,0,0,-1.87088,0,0,0
0,0,0,-1.8703,0,0,0
0,0,0,-1.86972,0,0,0
0,0,0,-1.86914,0,0,0
0,0,0,-1.86855,0,0,0
0,0,0,-1.86795,0,0,0
0,0,0,-1.86734,0,0,0
0,0,0,-1.86673,0,0,0
0,0,0,-1.86612,0,0,0
0,0,0,-1.8655,0,0,0
0,0,0,-1.86487,0,0,0
0,0,0,-1.86424,0,0,0
0,0,0,-1.8636,0,0,0
0,0,0,-1.86296,0,0,0
0,0,0,-1.8623,0,0,0
0,0,0,-1.86165,0,0,0
0,0,0,-1.86099,0,0,0
0,0,0,-1.86032,0,0,0
0,0,0,-1.85965,0,0,0
0,0,0,-1.85897,0,0,0
0,0,0,-1.85828,0,0,0
0,0,0,-1.85759,0,0,0
0,0,0,-1.85689,0,0,0
0,0,0,-1.85619,0,0,0
0,0,0,-1.85548,0,0,0
0,0,0,-1.85477,0,0,0
0,0,0,-1.85405,0,0,0
0,0,0,-1.85332,0,0,0
0,0,0,-1.85259,0,0,0
0,0,0,-1.85185,0,0,0
0,0,0,-1.85111,0,0,0
0,0,0,-1.85036,0,0,0
0,0,0,-1.84961,0,0,0
0,0,0,-1.84885,0,0,0
0,0,0,-1.84808,0,0,0
0,0,0,-1.84731,0,0,0
0,0,0,-1.84653,0,0,0
0,0,0,-1.84575,0,0,0
0,0,0,-1.84496,0,0,0
0,0,0,-1.84416,0,0,0
0,0,0,-1.84336,0,0,0
0,0,0,-1.84256,0,0,0
0,0,0,-1.84175,0,0,0
0,0,0,-1.84093,0,0,0
0,0,0,-1.84011,0,0,0
0,0,0,-1.83928,0,0,0
0,0,0,-1.83844,0,0,0
0,0,0,-1.8376,0,0,0
0,0,0,-1.83676,0,0,0
0,0,0,-1.83591,0,0,0
0,0,0,-1.83505,0,0,0
0,0,0,-1.83419,0,0,0
0,0,0,-1.83332,0,0,0
0,0,0,-1.83245,0,0,0
0,0,0,-1.83157,0,0,0
0,0,0,-1.83068,0,0,0
0,0,0,-1.82979,0,0,0
0,0,0,-1.8289,0,0,0
0,0,0,-1.82799,0,0,0
0,0,0,-1.82709,0,0,0
0,0,0,-1.82617,0,0,0
0,0,0,-1.82526,0,0,0
0,0,0,-1.82433,0,0,0
0,0,0,-1.8234,0,0,0
0,0,0,-1.82247,0,0,0
0,0,0,-1.82153,0,0,0
0,0,0,-1.82058,0,0,0
0,0,0,-1.81963,0,0,0
0,0,0,-1.81867,0,0,0
0,0,0,-1.81771,0,0,0
0,0,0,-1.81674,0,0,0
0,0,0,-1.81577,0,0,0
0,0,0,-1.81479,0,0,0
0,0,0,-1.81381,0,0,0
0,0,0,-1.81282,0,0,0
0,0,0,-1.81182,0,0,0
0,0,0,-1.81082,0,0,0
0,0,0,-1.80981,0,0,0
0,0,0,-1.8088,0,0,0
0,0,0,-1.80778,0,0,0
0,0,0,-1.80676,0,0,0
0,0,0,-1.80573,0,0,0
0,0,0,-1.8047,0,0,0
0,0,0,-1.80366,0,0,0
0,0,0,-1.80262,0,0,0
0,0,0,-1.80157,0,0,0
0,0,0,-1.80051,0,0,0
0,0,0,-1.79945,0,0,0
0,0,0,-1.79839,0,0,0
0,0,0,-1.79732,0,0,0
0,0,0,-1.79624,0,0,0
0,0,0,-1.79516,0,0,0
0,0,0,-1.79407,0,0,0
0,0,0,-1.79298,0,0,0
0,0,0,-1.79188,0,0,0
0,0,0,-1.79078,0,0,0
0,0,0,-1.78967,0,0,0
0,0,0,-1.78856,0,0,0
0,0,0,-1.78744,0,0,0
0,0,0,-1.78631,0,0,0
0,0,0,-1.78518,0,0,0
0,0,0,-1.78405,0,0,0
0,0,0,-1.78291,0,0,0
0,0,0,-1.78176,0,0,0
0,0,0,-1.78061,0,0,0
0,0,0,-1.77946,0,0,0
0,0,0,-1.7783,0,0,0
0,0,0,-1.77713,0,0,0
0,0,0,-1.77596,0,0,0
0,0,0,-1.77478,0,0,0
0,0,0,-1.7736,0,0,0
0,0,0,-1.77242,0,0,0
0,0,0,-1.77122,0,0,0
0,0,0,-1.77003,0,0,0
0,0,0,-1.76883,0,0,0
0,0,0,-1.76762,0,0,0
0,0,0,-1.76641,0,0,0
0,0,0,-1.76519,0,0,0
0,0,0,-1.76397,0,0,0
0,0,0,-1.76274,0,0,0
0,0,0,-1.76151,0,0,0
0,0,0,-1.76027,0,0,0
0,0,0,-1.75902,0,0,0
0,0,0,-1.75778,0,0,0
0,0,0,-1.75652,0,0,0
0,0,0,-1.75527,0,0,0
0,0,0,-1.754,0,0,0
0,0,0,-1.75273,0,0,0
0,0,0,-1.75146,0,0,0
0,0,0,-1.75018,0,0,0
0,0,0,-1.7489,0,0,0
0,0,0,-1.74761,0,0,0
0,0,0,-1.74632,0,0,0
0,0,0,-1.74502,0,0,0
0,0,0,-1.74372,0,0,0
0,0,0,-1.74241,0,0,0
0,0,0,-1.7411,0,0,0
0,0,0,-1.73978,0,0,0
0,0,0,-1.73846,0,0,0
0,0,0,-1.73713,0,0,0
0,0,0,-1.7358,0,0,0
0,0,0,-1.73446,0,0,0
0,0,0,-1.73312,0,0,0
0,0,0,-1.73177,0,0,0
0,0,0,-1.73042,0,0,0
0,0,0,-1.72906,0,0,0
0,0,0,-1.7277,0,0,0
0,0,0,-1.72633,0,0,0
0,0,0,-1.72496,0,0,0
0,0,0,-1.72358,0,0,0
0,0,0,-1.7222,0,0,0
0,0,0,-1.72082,0,0,0
0,0,0,-1.71943,0,0,0
0,0,0,-1.71803,0,0,0
0,0,0,-1.71663,0,0,0
0,0,0,-1.71522,0,0,0
0,0,0,-1.71382,0,0,0
0,0,0,-1.7124,0,0,0
0,0,0,-1.71098,0,0,0
0,0,0,-1.70956,0,0,0
0,0,0,-1.70813,0,0,0
0,0,0,-1.7067,0,0,0
0,0,0,-1.70526,0,0,0
0,0,0,-1.70382,0,0,0
0,0,0,-1.70237,0,0,0
0,0,0,-1.70092,0,0,0
0,0,0,-1.69946,0,0,0
0,0,0,-1.698,0,0,0
0,0,0,-1.69653,0,0,0
0,0,0,-1.69506,0,0,0
0,0,0,-1.69359,0,0,0
0,0,0,-1.69211,0,0,0
0,0,0,-1.69062,0,0,0
0,0,0,-1.68914,0,0,0
0,0,0,-1.68764,0,0,0
0,0,0,-1.68615,0,0,0
0,0,0,-1.68464,0,0,0
0,0,0,-1.68314,0,0,0
0,0,0,-1.68163,0,0,0
0,0,0,-1.68011,0,0,0
0,0,0,-1.67859,0,0,0
0,0,0,-1.67706,0,0,0
0,0,0,-1.67554,0,0,0
0,0,0,-1.674,0,0,0
0,0,0,-1.67246,0,0,0
0,0,0,-1.67092,0,0,0
0,0,0,-1.66937,0,0,0
0,0,0,-1.66782,0,0,0
0,0,0,-1.66627,0,0,0
0,0,0,-1.66471,0,0,0
0,0,0,-1.66314,0,0,0
0,0,0,-1.66157,0,0,0
0,0,0,-1.66,0,0,0
0,0,0,-1.65842,0,0,0
0,0,0,-1.65684,0,0,0
0,0,0,-1.65526,0,0,0
0,0,0,-1.65367,0,0,0
0,0,0,-1.65207,0,0,0
0,0,0,-1.65047,0,0,0
0,0,0,-1.64887,0,0,0
0,0,0,-1.64726,0,0,0
0,0,0,-1.64565,0,0,0
0,0,0,-1.64403,0,0,0
0,0,0,-1.64241,0,0,0
0,0,0,-1.64079,0,0,0
0,0,0,-1.63916,0,0,0
0,0,0,-1.63753,0,0,0
0,0,0,-1.63589,0,0,0
0,0,0,-1.63425,0,0,0
0,0,0,-1.63261,0,0,0
0,0,0,-1.63096,0,0,0
0,0,0,-1.6293,0,0,0
0,0,0,-1.62765,0,0,0
0,0,0,-1.62598,0,0,0
0,0,0,-1.62432,0,0,0
0,0,0,-1.62265,0,0,0
0,0,0,-1.62097,0,0,0
0,0,0,-1.6193,0,0,0
0,0,0,-1.61761,0,0,0
0,0,0,-1.61593,0,0,0
0,0,0,-1.61424,0,0,0
0,0,0,-1.61254,0,0,0
0,0,0,-1.61085,0,0,0
0,0,0,-1.60914,0,0,0
0,0,0,-1.60744,0,0,0
0,0,0,-1.60573,0,0,0
0,0,0,-1.60401,0,0,0
0,0,0,-1.6023,0,0,0
0,0,0,-1.60058,0,0,0
0,0,0,-1.59885,0,0,0
0,0,0,-1.59712,0,0,0
0,0,0,-1.59539,0,0,0
0,0,0,-1.59365,0,0,0
0,0,0,-1.59191,0,0,0
0,0,0,-1.59016,0,0,0
0,0,0,-1.58842,0,0,0
0,0,0,-1.58666,0,0,0
0,0,0,-1.58491,0,0,0
0,0,0,-1.58315,0,0,0
0,0,0,-1.58138,0,0,0
0,0,0,-1.57961,0,0,0
0,0,0,-1.57784,0,0,0
0,0,0,-1.57607,0,0,0
0,0,0,-1.57429,0,0,0
0,0,0,-1.57251,0,0,0
0,0,0,-1.57072,0,0,0
0,0,0,-1.56893,0,0,0
0,0,0,-1.56714,0,0,0
0,0,0,-1.56534,0,0,0
0,0,0,-1.56354,0,0,0
0,0,0,-1.56173,0,0,0
0,0,0,-1.55993,0,0,0
0,0,0,-1.55811,0,0,0
0,0,0,-1.5563,0,0,0
0,0,0,-1.55448,0,0,0
0,0,0,-1.55266,0,0,0
0,0,0,-1.55083,0,0,0
0,0,0,-1.549,0,0,0
0,0,0,-1.54717,0,0,0
0,0,0,-1.54533,0,0,0
0,0,0,-1.54349,0,0,0
0,0,0,-1.54165,0,0,0
0,0,0,-1.5398,0,0,0
0,0,0,-1.53795,0,0,0
0,0,0,-1.53609,0,0,0
0,0,0,-1.53424,0,0,0
0,0,0,-1.53238,0,0,0
0,0,0,-1.53051,0,0,0
0,0,0,-1.52864,0,0,0
0,0,0,-1.52677,0,0,0
0,0,0,-1.5249,0,0,0
0,0,0,-1.52302,0,0,0
0,0,0,-1.52114,0,0,0
0,0,0,-1.51925,0,0,0
0,0,0,-1.51737,0,0,0
0,0,0,-1.51548,0,0,0
0,0,0,-1.51358,0,0,0
0,0,0,-1.51168,0,0,0
0,0,0,-1.50978,0,0,0
0,0,0,-1.50788,0,0,0
0,0,0,-1.50597,0,0,0
0,0,0,-1.50406,0,0,0
0,0,0,-1.50215,0,0,0
0,0,0,-1.50023,0,0,0
0,0,0,-1.49831,0,0,0
0,0,0,-1.49638,0,0,0
0,0,0,-1.49446,0,0,0
0,0,0,-1.49253,0,0,0
0,0,0,-1.4906,0,0,0
0,0,0,-1.48866,0,0,0
0,0,0,-1.48672,0,0,0
0,0,0,-1.48478,0,0,0
0,0,0,-1.48283,0,0,0
0,0,0,-1.48088,0,0,0
0,0,0,-1.47893,0,0,0
0,0,0,-1.47698,0,0,0
0,0,0,-1.47502,0,0,0
0,0,0,-1.47306,0,0,0
0,0,0,-1.4711,0,0,0
0,0,0,-1.46913,0,0,0
0,0,0,-1.46716,0,0,0
0,0,0,-1.46519,0,0,0
0,0,0,-1.46321,0,0,0
0,0,0,-1.46124,0,0,0
0,0,0,-1.45925,0,0,0
0,0,0,-1.45727,0,0,0
0,0,0,-1.45528,0,0,0
0,0,0,-1.45329,0,0,0
0,0,0,-1.4513,0,0,0
0,0,0,-1.44931,0,0,0
0,0,0,-1.44731,0,0,0
0,0,0,-1.44531,0,0,0
0,0,0,-1.4433,0,0,0
0,0,0,-1.4413,0,0,0
0,0,0,-1.43929,0,0,0
0,0,0,-1.43727,0,0,0
0,0,0,-1.43526,0,0,0
0,0,0,-1.43324,0,0,0
0,0,0,-1.43122,0,0,0
0,0,0,-1.4292,0,0,0
0,0,0,-1.42717,0,0,0
0,0,0,-1.42515,0,0,0
0,0,0,-1.42311,0,0,0
0,0,0,-1.42108,0,0,0
0,0,0,-1.41904,0,0,0
0,0,0,-1.41701,0,0,0
0,0,0,-1.41496,0,0,0
0,0,0,-1.41292,0,0,0
0,0,0,-1.41087,0,0,0
0,0,0,-1.40882,0,0,0
0,0,0,-1.40677,0,0,0
0,0,0,-1.40472,0,0,0
0,0,0,-1.40266,0,0,0
0,0,0,-1.4006,0,0,0
0,0,0,-1.39854,0,0,0
0,0,0,-1.39648,0,0,0
0,0,0,-1.39441,0,0,0
0,0,0,-1.39234,0,0,0
0,0,0,-1.39027,0,0,0
0,0,0,-1.3882,0,0,0
0,0,0,-1.38612,0,0,0
0,0,0,-1.38404,0,0,0
0,0,0,-1.38196,0,0,0
0,0,0,-1.37988,0,0,0
0,0,0,-1.37779,0,0,0
0,0,0,-1.3757,0,0,0
0,0,0,-1.37361,0,0,0
0,0,0,-1.37152,0,0,0
0,0,0,-1.36943,0,0,0
0,0,0,-1.36733,0,0,0
0,0,0,-1.36523,0,0,0
0,0,0,-1.36313,0,0,0
0,0,0,-1.36103,0,0,0
0,0,0,-1.35892,0,0,0
0,0,0,-1.35681,0,0,0
0,0,0,-1.3547,0,0,0
0,0,0,-1.35259,0,0,0
0,0,0,-1.35047,0,0,0
0,0,0,-1.34836,0,0,0
0,0,0,-1.34624,0,0,0
0,0,0,-1.34412,0,0,0
0,0,0,-1.34199,0,0,0
0,0,0,-1.33987,0,0,0
0,0,0,-1.33774,0,0,0
0,0,0,-1.33561,0,0,0
0,0,0,-1.33348,0,0,0
0,0,0,-1.33135,0,0,0
0,0,0,-1.32921,0,0,0
0,0,0,-1.32708,0,0,0
0,0,0,-1.32494,0,0,0
0,0,0,-1.3228,0,0,0
0,0,0,-1.32065,0,0,0
0,0,0,-1.31851,0,0,0
0,0,0,-1.31636,0,0,0
0,0,0,-1.31421,0,0,0
0,0,0,-1.31206,0,0,0
0,0,0,-1.30991,0,0,0
0,0,0,-1.30776,0,0,0
0,0,0,-1.3056,0,0,0
0,0,0,-1.30344,0,0,0
0,0,0,-1.30128,0,0,0
0,0,0,-1.29912,0,0,0
0,0,0,-1.29696,0,0,0
0,0,0,-1.29479,0,0,0
0,0,0,-1.29262,0,0,0
0,0,0,-1.29046,0,0,0
0,0,0,-1.28829,0,0,0
0,0,0,-1.28611,0,0,0
0,0,0,-1.28394,0,0,0
0,0,0,-1.28176,0,0,0
0,0,0,-1.27959,0,0,0
0,0,0,-1.27741,0,0,0
0,0,0,-1.27523,0,0,0
0,0,0,-1.27305,0,0,0
0,0,0,-1.27086,0,0,0
0,0,0,-1.26868,0,0,0
0,0,0,-1.26649,0,0,0
0,0,0,-1.2643,0,0,0
0,0,0,-1.26211,0,0,0
0,0,0,-1.25992,0,0,0
0,0,0,-1.25773,0,0,0
0,0,0,-1.25554,0,0,0
0,0,0,-1.25334,0,0,0
0,0,0,-1.25114,0,0,0
0,0,0,-1.24895,0,0,0
0,0,0,-1.24675,0,0,0
0,0,0,-1.24454,0,0,0
0,0,0,-1.24234,0,0,0
0,0,0,-1.24014,0,0,0
0,0,0,-1.23793,0,0,0
0,0,0,-1.23572,0,0,0
0,0,0,-1.23352,0,0,0
0,0,0,-1.23131,0,0,0
0,0,0,-1.2291,0,0,0
0,0,0,-1.22688,0,0,0
0,0,0,-1.22467,0,0,0
0,0,0,-1.22246,0,0,0
0,0,0,-1.22024,0,0,0
0,0,0,-1.21802,0,0,0
0,0,0,-1.2158,0,0,0
0,0,0,-1.21358,0,0,0
0,0,0,-1.21136,0,0,0
0,0,0,-1.20914,0,0,0
0,0,0,-1.20692,0,0,0
0,0,0,-1.20469,0,0,0
0,0,0,-1.20247,0,0,0
0,0,0,-1.20024,0,0,0
0,0,0,-1.19801,0,0,0
0,0,0,-1.19579,0,0,0
0,0,0,-1.19356,0,0,0
0,0,0,-1.19132,0,0,0
0,0,0,-1.18909,0,0,0
0,0,0,-1.18686,0,0,0
0,0,0,-1.18463,0,0,0
0,0,0,-1.18239,0,0,0
0,0,0,-1.18016,0,0,0
0,0,0,-1.17792,0,0,0
0,0,0,-1.17568,0,0,0
0,0,0,-1.17344,0,0,0
0,0,0,-1.1712,0,0,0
0,0,0,-1.16896,0,0,0
0,0,0,-1.16672,0,0,0
0,0,0,-1.16448,0,0,0
0,0,0,-1.16223,0,0,0
0,0,0,-1.15999,0,0,0
0,0,0,-1.15775,0,0,0
0,0,0,-1.1555,0,0,0
0,0,0,-1.15325,0,0,0
0,0,0,-1.15101,0,0,0
0,0,0,-1.14876,0,0,0
0,0,0,-1.14651,0,0,0
0,0,0,-1.14426,0,0,0
0,0,0,-1.14201,0,0,0
0,0,0,-1.13976,0,0,0
0,0,0,-1.13751,0,0,0
0,0,0,-1.13526,0,0,0
0,0,0,-1.133,0,0,0
0,0,0,-1.13075,0,0,0
0,0,0,-1.12849,0,0,0
0,0,0,-1.12624,0,0,0
0,0,0,-1.12398,0,0,0
0,0,0,-1.12173,0,0,0
0,0,0,-1.11947,0,0,0
0,0,0,-1.11721,0,0,0
0,0,0,-1.11496,0,0,0
0,0,0,-1.1127,0,0,0
0,0,0,-1.11044,0,0,0
0,0,0,-1.10818,0,0,0
0,0,0,-1.10592,0,0,0
0,0,0,-1.10366,0,0,0
0,0,0,-1.1014,0,0,0
0,0,0,-1.09914,0,0,0
0,0,0,-1.09688,0,0,0
0,0,0,-1.09461,0,0,0
0,0,0,-1.09235,0,0,0
0,0,0,-1.09009,0,0,0
0,0,0,-1.08783,0,0,0
0,0,0,-1.08556,0,0,0
0,0,0,-1.0833,0,0,0
0,0,0,-1.08103,0,0,0
0,0,0,-1.07877,0,0,0
0,0,0,-1.0765,0,0,0
0,0,0,-1.07424,0,0,0
0,0,0,-1.07197,0,0,0
0,0,0,-1.06971,0,0,0
0,0,0,-1.06744,0,0,0
0,0,0,-1.06518,0,0,0
0,0,0,-1.06291,0,0,0
0,0,0,-1.06064,0,0,0
0,0,0,-1.05838,0,0,0
0,0,0,-1.05611,0,0,0
0,0,0,-1.05384,0,0,0
0,0,0,-1.05158,0,0,0
0,0,0,-1.04931,0,0,0
0,0,0,-1.04704,0,0,0
0,0,0,-1.04477,0,0,0
0,0,0,-1.04251,0,0,0
0,0,0,-1.04024,0,0,0
0,0,0,-1.03797,0,0,0
0,0,0,-1.0357,0,0,0
0,0,0,-1.03344,0,0,0
0,0,0,-1.03117,0,0,0
0,0,0,-1.0289,0,0,0
0,0,0,-1.02663,0,0,0
0,0,0,-1.02437,0,0,0
0,0,0,-1.0221,0,0,0
0,0,0,-1.01983,0,0,0
0,0,0,-1.01756,0,0,0
0,0,0,-1.0153,0,0,0
0,0,0,-1.01303,0,0,0
0,0,0,-1.01076,0,0,0
0,0,0,-1.0085,0,0,0
0,0,0,-1.00623,0,0,0
0,0,0,-1.00396,0,0,0
0,0,0,-1.0017,0,0,0
0,0,0,-0.99943,0,0,0
0,0,0,-0.997164,0,0,0
0,0,0,-0.994898,0,0,0
0,0,0,-0.992633,0,0,0
0,0,0,-0.990368,0,0,0
0,0,0,-0.988103,0,0,0
0,0,0,-0.985838,0,0,0
0,0,0,-0.983574,0,0,0
0,0,0,-0.98131,0,0,0
0,0,0,-0.979046,0,0,0
0,0,0,-0.976783,0,0,0
0,0,0,-0.97452,0,0,0
0,0,0,-0.972257,0,0,0
0,0,0,-0.969995,0,0,0
0,0,0,-0.967733,0,0,0
0,0,0,-0.965472,0,0,0
0,0,0,-0.963211,0,0,0
0,0,0,-0.96095,0,0,0
0,0,0,-0.95869,0,0,0
0,0,0,-0.956431,0,0,0
0,0,0,-0.954172,0,0,0
0,0,0,-0.951913,0,0,0
0,0,0,-0.949655,0,0,0
0,0,0,-0.947397,0,0,0
0,0,0,-0.94514,0,0,0
0,0,0,-0.942884,0,0,0
0,0,0,-0.940628,0,0,0
0,0,0,-0.938373,0,0,0
0,0,0,-0.936118,0,0,0
0,0,0,-0.933864,0,0,0
0,0,0,-0.93161,0,0,0
0,0,0,-0.929358,0,0,0
0,0,0,-0.927106,0,0,0
0,0,0,-0.924854,0,0,0
0,0,0,-0.922603,0,0,0
0,0,0,-0.920353,0,0,0
0,0,0,-0.918104,0,0,0
0,0,0,-0.915855,0,0,0
0,0,0,-0.913607,0,0,0
0,0,0,-0.91136,0,0,0
0,0,0,-0.909113,0,0,0
0,0,0,-0.906868,0,0,0
0,0,0,-0.904623,0,0,0
0,0,0,-0.902379,0,0,0
0,0,0,-0.900136,0,0,0
0,0,0,-0.897893,0,0,0
0,0,0,-0.895652,0,0,0
0,0,0,-0.893411,0,0,0
0,0,0,-0.891171,0,0,0
0,0,0,-0.888932,0,0,0
0,0,0,-0.886694,0,0,0
0,0,0,-0.884457,0,0,0
0,0,0,-0.882221,0,0,0
0,0,0,-0.879986,0,0,0
0,0,0,-0.877752,0,0,0
0,0,0,-0.875518,0,0,0
0,0,0,-0.873286,0,0,0
0,0,0,-0.871055,0,0,0
0,0,0,-0.868825,0,0,0
0,0,0,-0.866595,0,0,0
0,0,0,-0.864367,0,0,0
0,0,0,-0.86214,0,0,0
0,0,0,-0.859914,0,0,0
0,0,0,-0.857689,0,0,0
0,0,0,-0.855465,0,0,0
0,0,0,-0.853242,0,0,0
0,0,0,-0.85102,0,0,0
0,0,0,-0.8488,0,0,0
0,0,0,-0.84658,0,0,0
0,0,0,-0.844362,0,0,0
0,0,0,-0.842145,0,0,0
0,0,0,-0.839929,0,0,0
0,0,0,-0.837714,0,0,0
0,0,0,-0.835501,0,0,0
0,0,0,-0.833288,0,0,0
0,0,0,-0.831077,0,0,0
0,0,0,-0.828868,0,0,0
0,0,0,-0.826659,0,0,0
0,0,0,-0.824452,0,0,0
0,0,0,-0.822246,0,0,0
0,0,0,-0.820041,0,0,0
0,0,0,-0.817838,0,0,0
0,0,0,-0.815636,0,0,0
0,0,0,-0.813435,0,0,0
0,0,0,-0.811236,0,0,0
0,0,0,-0.809038,0,0,0
0,0,0,-0.806841,0,0,0
0,0,0,-0.804646,0,0,0
0,0,0,-0.802452,0,0,0
0,0,0,-0.80026,0,0,0
0,0,0,-0.798069,0,0,0
0,0,0,-0.79588,0,0,0
0,0,0,-0.793692,0,0,0
0,0,0,-0.791505,0,0,0
0,0,0,-0.78932,0,0,0
0,0,0,-0.787136,0,0,0
0,0,0,-0.784954,0,0,0
0,0,0,-0.782774,0,0,0
0,0,0,-0.780595,0,0,0
0,0,0,-0.778417,0,0,0
0,0,0,-0.776241,0,0,0
0,0,0,-0.774067,0,0,0
0,0,0,-0.771894,0,0,0
0,0,0,-0.769723,0,0,0
0,0,0,-0.767553,0,0,0
0,0,0,-0.765385,0,0,0
0,0,0,-0.763219,0,0,0
0,0,0,-0.761055,0,0,0
0,0,0,-0.758892,0,0,0
0,0,0,-0.75673,0,0,0
0,0,0,-0.754571,0,0,0
0,0,0,-0.752413,0,0,0
0,0,0,-0.750256,0,0,0
0,0,0,-0.748102,0,0,0
0,0,0,-0.745949,0,0,0
0,0,0,-0.743798,0,0,0
0,0,0,-0.741649,0,0,0
0,0,0,-0.739501,0,0,0
0,0,0,-0.737355,0,0,0
0,0,0,-0.735211,0,0,0
0,0,0,-0.733069,0,0,0
0,0,0,-0.730929,0,0,0
0,0,0,-0.72879,0,0,0
0,0,0,-0.726654,0,0,0
0,0,0,-0.724519,0,0,0
0,0,0,-0.722386,0,0,0
0,0,0,-0.720255,0,0,0
0,0,0,-0.718126,0,0,0
0,0,0,-0.715998,0,0,0
0,0,0,-0.713873,0,0,0
0,0,0,-0.711749,0,0,0
0,0,0,-0.709628,0,0,0
0,0,0,-0.707508,0,0,0
0,0,0,-0.705391,0,0,0
0,0,0,-0.703275,0,0,0
0,0,0,-0.701161,0,0,0
0,0,0,-0.69905,0,0,0
0,0,0,-0.69694,0,0,0
0,0,0,-0.694832,0,0,0
0,0,0,-0.692727,0,0,0
0,0,0,-0.690623,0,0,0
0,0,0,-0.688521,0,0,0
0,0,0,-0.686422,0,0,0
0,0,0,-0.684325,0,0,0
0,0,0,-0.682229,0,0,0
0,0,0,-0.680136,0,0,0
0,0,0,-0.678045,0,0,0
0,0,0,-0.675956,0,0,0
0,0,0,-0.673869,0,0,0
0,0,0,-0.671784,0,0,0
0,0,0,-0.669702,0,0,0
0,0,0,-0.667621,0,0,0
0,0,0,-0.665543,0,0,0
0,0,0,-0.663467,0,0,0
0,0,0,-0.661393,0,0,0
0,0,0,-0.659321,0,0,0
0,0,0,-0.657252,0,0,0
0,0,0,-0.655184,0,0,0
0,0,0,-0.653119,0,0,0
0,0,0,-0.651057,0,0,0
0,0,0,-0.648996,0,0,0
0,0,0,-0.646938,0,0,0
0,0,0,-0.644882,0,0,0
0,0,0,-0.642829,0,0,0
0,0,0,-0.640777,0,0,0
0,0,0,-0.638728,0,0,0
0,0,0,-0.636681,0,0,0
0,0,0,-0.634637,0,0,0
0,0,0,-0.632595,0,0,0
0,0,0,-0.630555,0,0,0
0,0,0,-0.628518,0,0,0
0,0,0,-0.626483,0,0,0
0,0,0,-0.624451,0,0,0
0,0,0,-0.622421,0,0,0
0,0,0,-0.620393,0,0,0
0,0,0,-0.618368,0,0,0
0,0,0,-0.616345,0,0,0
0,0,0,-0.614324,0,0,0
0,0,0,-0.612307,0,0,0
0,0,0,-0.610291,0,0,0
0,0,0,-0.608278,0,0,0
0,0,0,-0.606267,0,0,0
0,0,0,-0.604259,0,0,0
0,0,0,-0.602254,0,0,0
0,0,0,-0.600251,0,0,0
0,0,0,-0.59825,0,0,0
0,0,0,-0.596252,0,0,0
0,0,0,-0.594257,0,0,0
0,0,0,-0.592264,0,0,0
0,0,0,-0.590274,0,0,0
0,0,0,-0.588286,0,0,0
0,0,0,-0.586301,0,0,0
0,0,0,-0.584318,0,0,0
0,0,0,-0.582338,0,0,0
0,0,0,-0.580361,0,0,0
0,0,0,-0.578386,0,0,0
0,0,0,-0.576414,0,0,0
0,0,0,-0.574445,0,0,0
0,0,0,-0.572478,0,0,0
0,0,0,-0.570514,0,0,0
0,0,0,-0.568552,0,0,0
0,0,0,-0.566593,0,0,0
0,0,0,-0.564637,0,0,0
0,0,0,-0.562684,0,0,0
0,0,0,-0.560733,0,0,0
0,0,0,-0.558785,0,0,0
0,0,0,-0.55684,0,0,0
0,0,0,-0.554897,0,0,0
0,0,0,-0.552958,0,0,0
0,0,0,-0.551021,0,0,0
0,0,0,-0.549086,0,0,0
0,0,0,-0.547155,0,0,0
0,0,0,-0.545226,0,0,0
0,0,0,-0.5433,0,0,0
0,0,0,-0.541377,0,0,0
0,0,0,-0.539457,0,0,0
0,0,0,-0.537539,0,0,0
0,0,0,-0.535625,0,0,0
0,0,0,-0.533713,0,0,0
0,0,0,-0.531804,0,0,0
0,0,0,-0.529898,0,0,0
0,0,0,-0.527995,0,0,0
0,0,0,-0.526094,0,0,0
0,0,0,-0.524197,0,0,0
0,0,0,-0.522302,0,0,0
0,0,0,-0.52041,0,0,0
0,0,0,-0.518521,0,0,0
0,0,0,-0.516636,0,0,0
0,0,0,-0.514753,0,0,0
0,0,0,-0.512873,0,0,0
0,0,0,-0.510995,0,0,0
0,0,0,-0.509121,0,0,0
0,0,0,-0.50725,0,0,0
0,0,0,-0.505382,0,0,0
0,0,0,-0.503517,0,0,0
0,0,0,-0.501654,0,0,0
0,0,0,-0.499795,0,0,0
0,0,0,-0.497939,0,0,0
0,0,0,-0.496085,0,0,0
0,0,0,-0.494235,0,0,0
0,0,0,-0.492388,0,0,0
0,0,0,-0.490544,0,0,0
0,0,0,-0.488702,0,0,0
0,0,0,-0.486864,0,0,0
0,0,0,-0.485029,0,0,0
0,0,0,-0.483197,0,0,0
0,0,0,-0.481368,0,0,0
0,0,0,-0.479542,0,0,0
0,0,0,-0.47772,0,0,0
0,0,0,-0.4759,0,0,0
0,0,0,-0.474083,0,0,0
0,0,0,-0.47227,0,0,0
0,0,0,-0.47046,0,0,0
0,0,0,-0.468652,0,0,0
0,0,0,-0.466848,0,0,0
0,0,0,-0.465047,0,0,0
0,0,0,-0.46325,0,0,0
0,0,0,-0.461455,0,0,0
0,0,0,-0.459663,0,0,0
0,0,0,-0.457875,0,0,0
0,0,0,-0.45609,0,0,0
0,0,0,-0.454308,0,0,0
0,0,0,-0.452529,0,0,0
0,0,0,-0.450754,0,0,0
0,0,0,-0.448981,0,0,0
0,0,0,-0.447212,0,0,0
0,0,0,-0.445446,0,0,0
0,0,0,-0.443684,0,0,0
0,0,0,-0.441924,0,0,0
0,0,0,-0.440168,0,0,0
0,0,0,-0.438415,0,0,0
0,0,0,-0.436665,0,0,0
0,0,0,-0.434919,0,0,0
0,0,0,-0.433176,0,0,0
0,0,0,-0.431436,0,0,0
0,0,0,-0.429699,0,0,0
0,0,0,-0.427966,0,0,0
0,0,0,-0.426236,0,0,0
0,0,0,-0.424509,0,0,0
0,0,0,-0.422786,0,0,0
0,0,0,-0.421066,0,0,0
0,0,0,-0.419349,0,0,0
0,0,0,-0.417635,0,0,0
0,0,0,-0.415925,0,0,0
0,0,0,-0.414218,0,0,0
0,0,0,-0.412515,0,0,0
0,0,0,-0.410815,0,0,0
0,0,0,-0.409118,0,0,0
0,0,0,-0.407425,0,0,0
0,0,0,-0.405735,0,0,0
0,0,0,-0.404048,0,0,0
0,0,0,-0.402365,0,0,0
0,0,0,-0.400685,0,0,0
0,0,0,-0.399009,0,0,0
0,0,0,-0.397336,0,0,0
0,0,0,-0.395666,0,0,0
0,0,0,-0.394,0,0,0
0,0,0,-0.392338,0,0,0
0,0,0,-0.390678,0,0,0
0,0,0,-0.389022,0,0,0
0,0,0,-0.38737,0,0,0
0,0,0,-0.385721,0,0,0
0,0,0,-0.384075,0,0,0
0,0,0,-0.382433,0,0,0
0,0,0,-0.380795,0,0,0
0,0,0,-0.37916,0,0,0
0,0,0,-0.377528,0,0,0
0,0,0,-0.3759,0,0,0
0,0,0,-0.374275,0,0,0
0,0,0,-0.372654,0,0,0
0,0,0,-0.371036,0,0,0
0,0,0,-0.369422,0,0,0
0,0,0,-0.367811,0,0,0
0,0,0,-0.366204,0,0,0
0,0,0,-0.3646,0,0,0
0,0,0,-0.363,0,0,0
0,0,0,-0.361403,0,0,0
0,0,0,-0.35981,0,0,0
0,0,0,-0.358221,0,0,0
0,0,0,-0.356634,0,0,0
0,0,0,-0.355052,0,0,0
0,0,0,-0.353473,0,0,0
0,0,0,-0.351898,0,0,0
0,0,0,-0.350326,0,0,0
0,0,0,-0.348758,0,0,0
0,0,0,-0.347193,0,0,0
0,0,0,-0.345632,0,0,0
0,0,0,-0.344074,0,0,0
0,0,0,-0.34252,0,0,0
0,0,0,-0.34097,0,0,0
0,0,0,-0.339423,0,0,0
0,0,0,-0.33788,0,0,0
0,0,0,-0.33634,0,0,0
0,0,0,-0.334804,0,0,0
0,0,0,-0.333272,0,0,0
0,0,0,-0.331743,0,0,0
0,0,0,-0.330218,0,0,0
0,0,0,-0.328697,0,0,0
0,0,0,-0.327179,0,0,0
0,0,0,-0.325665,0,0,0
0,0,0,-0.324154,0,0,0
0,0,0,-0.322647,0,0,0
0,0,0,-0.321144,0,0,0
0,0,0,-0.319644,0,0,0
0,0,0,-0.318148,0,0,0
0,0,0,-0.316656,0,0,0
0,0,0,-0.315167,0,0,0
0,0,0,-0.313682,0,0,0
0,0,0,-0.312201,0,0,0
0,0,0,-0.310723,0,0,0
0,0,0,-0.309249,0,0,0
0,0,0,-0.307779,0,0,0
0,0,0,-0.306312,0,0,0
0,0,0,-0.304849,0,0,0
0,0,0,-0.30339,0,0,0
0,0,0,-0.301934,0,0,0
0,0,0,-0.300482,0,0,0
0,0,0,-0.299034,0,0,0
0,0,0,-0.29759,0,0,0
0,0,0,-0.296149,0,0,0
0,0,0,-0.294712,0,0,0
0,0,0,-0.293279,0,0,0
0,0,0,-0.291849,0,0,0
0,0,0,-0.290423,0,0,0
0,0,0,-0.289001,0,0,0
0,0,0,-0.287582,0,0,0
0,0,0,-0.286168,0,0,0
0,0,0,-0.284757,0,0,0
0,0,0,-0.283349,0,0,0
0,0,0,-0.281946,0,0,0
0,0,0,-0.280546,0,0,0
0,0,0,-0.27915,0,0,0
0,0,0,-0.277758,0,0,0
0,0,0,-0.276369,0,0,0
0,0,0,-0.274984,0,0,0
0,0,0,-0.273603,0,0,0
0,0,0,-0.272226,0,0,0
0,0,0,-0.270852,0,0,0
0,0,0,-0.269483,0,0,0
0,0,0,-0.268117,0,0,0
0,0,0,-0.266754,0,0,0
0,0,0,-0.265396,0,0,0
0,0,0,-0.264041,0,0,0
0,0,0,-0.26269,0,0,0
0,0,0,-0.261343,0,0,0
0,0,0,-0.26,0,0,0
0,0,0,-0.25866,0,0,0
0,0,0,-0.257324,0,0,0
0,0,0,-0.255992,0,0,0
0,0,0,-0.254664,0,0,0
0,0,0,-0.253339,0,0,0
0,0,0,-0.252019,0,0,0
0,0,0,-0.250702,0,0,0
0,0,0,-0.249389,0,0,0
0,0,0,-0.24808,0,0,0
0,0,0,-0.246774,0,0,0
0,0,0,-0.245472,0,0,0
0,0,0,-0.244174,0,0,0
0,0,0,-0.24288,0,0,0
0,0,0,-0.24159,0,0,0
0,0,0,-0.240304,0,0,0
0,0,0,-0.239021,0,0,0
0,0,0,-0.237742,0,0,0
0,0,0,-0.236467,0,0,0
0,0,0,-0.235196,0,0,0
0,0,0,-0.233928,0,0,0
0,0,0,-0.232665,0,0,0
0,0,0,-0.231405,0,0,0
0,0,0,-0.230149,0,0,0
0,0,0,-0.228897,0,0,0
0,0,0,-0.227648,0,0,0
0,0,0,-0.226404,0,0,0
0,0,0,-0.225163,0,0,0
0,0,0,-0.223926,0,0,0
0,0,0,-0.222693,0,0,0
0,0,0,-0.221464,0,0,0
0,0,0,-0.220238,0,0,0
0,0,0,-0.219017,0,0,0
0,0,0,-0.217799,0,0,0
0,0,0,-0.216585,0,0,0
0,0,0,-0.215375,0,0,0
0,0,0,-0.214168,0,0,0
0,0,0,-0.212966,0,0,0
0,0,0,-0.211767,0,0,0
0,0,0,-0.210572,0,0,0
0,0,0,-0.209381,0,0,0
0,0,0,-0.208194,0,0,0
0,0,0,-0.207011,0,0,0
0,0,0,-0.205831,0,0,0
0,0,0,-0.204656,0,0,0
0,0,0,-0.203484,0,0,0
0,0,0,-0.202316,0,0,0
0,0,0,-0.201152,0,0,0
0,0,0,-0.199991,0,0,0
0,0,0,-0.198835,0,0,0
0,0,0,-0.197682,0,0,0
0,0,0,-0.196533,0,0,0
0,0,0,-0.195388,0,0,0
0,0,0,-0.194247,0,0,0
0,0,0,-0.19311,0,0,0
0,0,0,-0.191976,0,0,0
0,0,0,-0.190846,0,0,0
0,0,0,-0.189721,0,0,0
0,0,0,-0.188598,0,0,0
0,0,0,-0.18748,0,0,0
0,0,0,-0.186366,0,0,0
0,0,0,-0.185255,0,0,0
0,0,0,-0.184149,0,0,0
0,0,0,-0.183046,0,0,0
0,0,0,-0.181947,0,0,0
0,0,0,-0.180851,0,0,0
0,0,0,-0.17976,0,0,0
0,0,0,-0.178672,0,0,0
0,0,0,-0.177589,0,0,0
0,0,0,-0.176509,0,0,0
0,0,0,-0.175432,0,0,0
0,0,0,-0.17436,0,0,0
0,0,0,-0.173292,0,0,0
0,0,0,-0.172227,0,0,0
0,0,0,-0.171166,0,0,0
0,0,0,-0.170109,0,0,0
0,0,0,-0.169056,0,0,0
0,0,0,-0.168007,0,0,0
0,0,0,-0.166961,0,0,0
0,0,0,-0.165919,0,0,0
0,0,0,-0.164881,0,0,0
0,0,0,-0.163847,0,0,0
0,0,0,-0.162817,0,0,0
0,0,0,-0.16179,0,0,0
0,0,0,-0.160767,0,0,0
0,0,0,-0.159749,0,0,0
0,0,0,-0.158733,0,0,0
0,0,0,-0.157722,0,0,0
0,0,0,-0.156715,0,0,0
0,0,0,-0.155711,0,0,0
0,0,0,-0.154711,0,0,0
0,0,0,-0.153715,0,0,0
0,0,0,-0.152723,0,0,0
0,0,0,-0.151734,0,0,0
0,0,0,-0.150749,0,0,0
0,0,0,-0.149768,0,0,0
0,0,0,-0.148791,0,0,0
0,0,0,-0.147818,0,0,0
0,0,0,-0.146848,0,0,0
0,0,0,-0.145882,0,0,0
0,0,0,-0.14492,0,0,0
0,0,0,-0.143962,0,0,0
0,0,0,-0.143007,0,0,0
0,0,0,-0.142057,0,0,0
0,0,0,-0.14111,0,0,0
0,0,0,-0.140167,0,0,0
0,0,0,-0.139227,0,0,0
0,0,0,-0.138291,0,0,0
0,0,0,-0.13736,0,0,0
0,0,0,-0.136431,0,0,0
0,0,0,-0.135507,0,0,0
0,0,0,-0.134586,0,0,0
0,0,0,-0.133669,0,0,0
0,0,0,-0.132756,0,0,0
0,0,0,-0.131847,0,0,0
0,0,0,-0.130941,0,0,0
0,0,0,-0.130039,0,0,0
0,0,0,-0.129141,0,0,0
0,0,0,-0.128247,0,0,0
0,0,0,-0.127356,0,0,0
0,0,0,-0.126469,0,0,0
0,0,0,-0.125586,0,0,0
0,0,0,-0.124706,0,0,0
0,0,0,-0.12383,0,0,0
0,0,0,-0.122958,0,0,0
0,0,0,-0.12209,0,0,0
0,0,0,-0.121225,0,0,0
0,0,0,-0.120364,0,0,0
0,0,0,-0.119507,0,0,0
0,0,0,-0.118653,0,0,0
0,0,0,-0.117803,0,0,0
0,0,0,-0.116957,0,0,0
0,0,0,-0.116114,0,0,0
0,0,0,-0.115276,0,0,0
0,0,0,-0.11444,0,0,0
0,0,0,-0.113609,0,0,0
0,0,0,-0.112781,0,0,0
0,0,0,-0.111957,0,0,0
0,0,0,-0.111137,0,0,0
0,0,0,-0.11032,0,0,0
0,0,0,-0.109507,0,0,0
0,0,0,-0.108697,0,0,0
0,0,0,-0.107891,0,0,0
0,0,0,-0.107089,0,0,0
0,0,0,-0.106291,0,0,0
0,0,0,-0.105496,0,0,0
0,0,0,-0.104704,0,0,0
0,0,0,-0.103917,0,0,0
0,0,0,-0.103133,0,0,0
0,0,0,-0.102352,0,0,0
0,0,0,-0.101576,0,0,0
0,0,0,-0.100802,0,0,0
0,0,0,-0.100033,0,0,0
0,0,0,-0.0992669,0,0,0
0,0,0,-0.0985046,0,0,0
0,0,0,-0.0977459,0,0,0
0,0,0,-0.0969907,0,0,0
0,0,0,-0.0962392,0,0,0
0,0,0,-0.0954912,0,0,0
0,0,0,-0.0947468,0,0,0
0,0,0,-0.094006,0,0,0
0,0,0,-0.0932688,0,0,0
0,0,0,-0.0925351,0,0,0
0,0,0,-0.091805,0,0,0
0,0,0,-0.0910785,0,0,0
0,0,0,-0.0903555,0,0,0
0,0,0,-0.089636,0,0,0
0,0,0,-0.0889201,0,0,0
0,0,0,-0.0882077,0,0,0
0,0,0,-0.0874989,0,0,0
0,0,0,-0.0867936,0,0,0
0,0,0,-0.0860918,0,0,0
0,0,0,-0.0853935,0,0,0
0,0,0,-0.0846988,0,0,0
0,0,0,-0.0840075,0,0,0
0,0,0,-0.0833198,0,0,0
0,0,0,-0.0826355,0,0,0
0,0,0,-0.0819548,0,0,0
0,0,0,-0.0812775,0,0,0
0,0,0,-0.0806037,0,0,0
0,0,0,-0.0799334,0,0,0
0,0,0,-0.0792666,0,0,0
0,0,0,-0.0786032,0,0,0
0,0,0,-0.0779433,0,0,0
0,0,0,-0.0772869,0,0,0
0,0,0,-0.0766338,0,0,0
0,0,0,-0.0759843,0,0,0
0,0,0,-0.0753382,0,0,0
0,0,0,-0.0746955,0,0,0
0,0,0,-0.0740562,0,0,0
0,0,0,-0.0734204,0,0,0
0,0,0,-0.0727879,0,0,0
0,0,0,-0.0721589,0,0,0
0,0,0,-0.0715333,0,0,0
0,0,0,-0.0709111,0,0,0
0,0,0,-0.0702923,0,0,0
0,0,0,-0.0696768,0,0,0
0,0,0,-0.0690648,0,0,0
0,0,0,-0.0684561,0,0,0
0,0,0,-0.0678508,0,0,0
0,0,0,-0.0672488,0,0,0
0,0,0,-0.0666502,0,0,0
0,0,0,-0.066055,0,0,0
0,0,0,-0.0654631,0,0,0
0,0,0,-0.0648745,0,0,0
0,0,0,-0.0642893,0,0,0
0,0,0,-0.0637074,0,0,0
0,0,0,-0.0631288,0,0,0
0,0,0,-0.0625535,0,0,0
0,0,0,-0.0619816,0,0,0
0,0,0,-0.0614129,0,0,0
0,0,0,-0.0608475,0,0,0
0,0,0,-0.0602854,0,0,0
0,0,0,-0.0597266,0,0,0
0,0,0,-0.0591711,0,0,0
0,0,0,-0.0586188,0,0,0
0,0,0,-0.0580698,0,0,0
0,0,0,-0.057524,0,0,0
0,0,0,-0.0569815,0,0,0
0,0,0,-0.0564422,0,0,0
0,0,0,-0.0559062,0,0,0
0,0,0,-0.0553734,0,0,0
0,0,0,-0.0548438,0,0,0
0,0,0,-0.0543174,0,0,0
0,0,0,-0.0537943,0,0,0
0,0,0,-0.0532743,0,0,0
0,0,0,-0.0527575,0,0,0
0,0,0,-0.0522439,0,0,0
0,0,0,-0.0517335,0,0,0
0,0,0,-0.0512262,0,0,0
0,0,0,-0.0507221,0,0,0
0,0,0,-0.0502212,0,0,0
0,0,0,-0.0497234,0,0,0
0,0,0,-0.0492288,0,0,0
0,0,0,-0.0487373,0,0,0
0,0,0,-0.0482489,0,0,0
0,0,0,-0.0477636,0,0,0
0,0,0,-0.0472815,0,0,0
0,0,0,-0.0468024,0,0,0
0,0,0,-0.0463265,0,0,0
0,0,0,-0.0458536,0,0,0
0,0,0,-0.0453838,0,0,0
0,0,0,-0.0449171,0,0,0
0,0,0,-0.0444535,0,0,0
0,0,0,-0.0439929,0,0,0
0,0,0,-0.0435354,0,0,0
0,0,0,-0.0430809,0,0,0
0,0,0,-0.0426295,0,0,0
0,0,0,-0.0421811,0,0,0
0,0,0,-0.0417357,0,0,0
0,0,0,-0.0412933,0,0,0
0,0,0,-0.040854,0,0,0
0,0,0,-0.0404176,0,0,0
0,0,0,-0.0399842,0,0,0
0,0,0,-0.0395538,0,0,0
0,0,0,-0.0391264,0,0,0
0,0,0,-0.0387019,0,0,0
0,0,0,-0.0382804,0,0,0
0,0,0,-0.0378618,0,0,0
0,0,0,-0.0374462,0,0,0
0,0,0,-0.0370336,0,0,0
0,0,0,-0.0366238,0,0,0
0,0,0,-0.036217,0,0,0
0,0,0,-0.035813,0,0,0
0,0,0,-0.035412,0,0,0
0,0,0,-0.0350139,0,0,0
0,0,0,-0.0346186,0,0,0
0,0,0,-0.0342262,0,0,0
0,0,0,-0.0338367,0,0,0
0,0,0,-0.0334501,0,0,0
0,0,0,-0.0330663,0,0,0
0,0,0,-0.0326853,0,0,0
0,0,0,-0.0323072,0,0,0
0,0,0,-0.0319319,0,0,0
0,0,0,-0.0315594,0,0,0
0,0,0,-0.0311897,0,0,0
0,0,0,-0.0308228,0,0,0
0,0,0,-0.0304587,0,0,0
0,0,0,-0.0300974,0,0,0
0,0,0,-0.0297389,0,0,0
0,0,0,-0.0293831,0,0,0
0,0,0,-0.0290301,0,0,0
0,0,0,-0.0286798,0,0,0
0,0,0,-0.0283323,0,0,0
0,0,0,-0.0279875,0,0,0
0,0,0,-0.0276454,0,0,0
0,0,0,-0.027306,0,0,0
0,0,0,-0.0269694,0,0,0
0,0,0,-0.0266354,0,0,0
0,0,0,-0.0263041,0,0,0
0,0,0,-0.0259755,0,0,0
0,0,0,-0.0256495,0,0,0
0,0,0,-0.0253262,0,0,0
0,0,0,-0.0250056,0,0,0
0,0,0,-0.0246876,0,0,0
0,0,0,-0.0243722,0,0,0
0,0,0,-0.0240594,0,0,0
0,0,0,-0.0237493,0,0,0
0,0,0,-0.0234417,0,0,0
0,0,0,-0.0231367,0,0,0
0,0,0,-0.0228344,0,0,0
0,0,0,-0.0225346,0,0,0
0,0,0,-0.0222373,0,0,0
0,0,0,-0.0219426,0,0,0
0,0,0,-0.0216505,0,0,0
0,0,0,-0.0213609,0,0,0
0,0,0,-0.0210738,0,0,0
0,0,0,-0.0207893,0,0,0
0,0,0,-0.0205072,0,0,0
0,0,0,-0.0202277,0,0,0
0,0,0,-0.0199506,0,0,0
0,0,0,-0.019676,0,0,0
0,0,0,-0.0194039,0,0,0
0,0,0,-0.0191342,0,0,0
0,0,0,-0.018867,0,0,0
0,0,0,-0.0186022,0,0,0
0,0,0,-0.0183399,0,0,0
0,0,0,-0.01808,0,0,0
0,0,0,-0.0178224,0,0,0
0,0,0,-0.0175673,0,0,0
0,0,0,-0.0173146,0,0,0
0,0,0,-0.0170643,0,0,0
0,0,0,-0.0168163,0,0,0
0,0,0,-0.0165707,0,0,0
0,0,0,-0.0163274,0,0,0
0,0,0,-0.0160865,0,0,0
0,0,0,-0.0158479,0,0,0
0,0,0,-0.0156116,0,0,0
0,0,0,-0.0153777,0,0,0
0,0,0,-0.015146,0,0,0
0,0,0,-0.0149166,0,0,0
0,0,0,-0.0146896,0,0,0
0,0,0,-0.0144647,0,0,0
0,0,0,-0.0142422,0,0,0
0,0,0,-0.0140219,0,0,0
0,0,0,-0.0138038,0,0,0
0,0,0,-0.013588,0,0,0
0,0,0,-0.0133743,0,0,0
0,0,0,-0.0131629,0,0,0
0,0,0,-0.0129537,0,0,0
0,0,0,-0.0127467,0,0,0
0,0,0,-0.0125418,0,0,0
0,0,0,-0.0123391,0,0,0
0,0,0,-0.0121386,0,0,0
0,0,0,-0.0119402,0,0,0
0,0,0,-0.011744,0,0,0
0,0,0,-0.0115499,0,0,0
0,0,0,-0.0113578,0,0,0
0,0,0,-0.0111679,0,0,0
0,0,0,-0.0109801,0,0,0
0,0,0,-0.0107944,0,0,0
0,0,0,-0.0106107,0,0,0
0,0,0,-0.0104291,0,0,0
0,0,0,-0.0102496,0,0,0
0,0,0,-0.0100721,0,0,0
0,0,0,-0.00989662,0,0,0
0,0,0,-0.00972317,0,0,0
0,0,0,-0.00955172,0,0,0
0,0,0,-0.00938226,0,0,0
0,0,0,-0.0092148,0,0,0
0,0,0,-0.00904931,0,0,0
0,0,0,-0.00888578,0,0,0
0,0,0,-0.00872421,0,0,0
0,0,0,-0.00856458,0,0,0
0,0,0,-0.00840689,0,0,0
0,0,0,-0.00825111,0,0,0
0,0,0,-0.00809725,0,0,0
0,0,0,-0.00794528,0,0,0
0,0,0,-0.0077952,0,0,0
0,0,0,-0.007647,0,0,0
0,0,0,-0.00750066,0,0,0
0,0,0,-0.00735618,0,0,0
0,0,0,-0.00721355,0,0,0
0,0,0,-0.00707275,0,0,0
0,0,0,-0.00693376,0,0,0
0,0,0,-0.00679659,0,0,0
0,0,0,-0.00666122,0,0,0
0,0,0,-0.00652764,0,0,0
0,0,0,-0.00639584,0,0,0
0,0,0,-0.0062658,0,0,0
0,0,0,-0.00613751,0,0,0
0,0,0,-0.00601097,0,0,0
0,0,0,-0.00588616,0,0,0
0,0,0,-0.00576308,0,0,0
0,0,0,-0.0056417,0,0,0
0,0,0,-0.00552202,0,0,0
0,0,0,-0.00540403,0,0,0
0,0,0,-0.00528771,0,0,0
0,0,0,-0.00517306,0,0,0
0,0,0,-0.00506006,0,0,0
0,0,0,-0.00494871,0,0,0
0,0,0,-0.00483898,0,0,0
0,0,0,-0.00473087,0,0,0
0,0,0,-0.00462437,0,0,0
0,0,0,-0.00451947,0,0,0
0,0,0,-0.00441614,0,0,0
0,0,0,-0.0043144,0,0,0
0,0,0,-0.00421421,0,0,0
0,0,0,-0.00411557,0,0,0
0,0,0,-0.00401848,0,0,0
0,0,0,-0.0039229,0,0,0
0,0,0,-0.00382885,0,0,0
0,0,0,-0.00373629,0,0,0
0,0,0,-0.00364523,0,0,0
0,0,0,-0.00355565,0,0,0
0,0,0,-0.00346754,0,0,0
0,0,0,-0.00338088,0,0,0
0,0,0,-0.00329567,0,0,0
0,0,0,-0.0032119,0,0,0
0,0,0,-0.00312954,0,0,0
0,0,0,-0.0030486,0,0,0
0,0,0,-0.00296905,0,0,0
0,0,0,-0.00289089,0,0,0
0,0,0,-0.0028141,0,0,0
0,0,0,-0.00273868,0,0,0
0,0,0,-0.00266461,0,0,0
0,0,0,-0.00259188,0,0,0
0,0,0,-0.00252047,0,0,0
0,0,0,-0.00245038,0,0,0
0,0,0,-0.0023816,0,0,0
0,0,0,-0.00231411,0,0,0
0,0,0,-0.00224789,0,0,0
0,0,0,-0.00218295,0,0,0
0,0,0,-0.00211926,0,0,0
0,0,0,-0.00205682,0,0,0
0,0,0,-0.0019956,0,0,0
0,0,0,-0.00193561,0,0,0
0,0,0,-0.00187683,0,0,0
0,0,0,-0.00181924,0,0,0
0,0,0,-0.00176284,0,0,0
0,0,0,-0.00170761,0,0,0
0,0,0,-0.00165354,0,0,0
0,0,0,-0.00160062,0,0,0
0,0,0,-0.00154884,0,0,0
0,0,0,-0.00149818,0,0,0
0,0,0,-0.00144863,0,0,0
0,0,0,-0.00140018,0,0,0
0,0,0,-0.00135282,0,0,0
0,0,0,-0.00130654,0,0,0
0,0,0,-0.00126132,0,0,0
0,0,0,-0.00121715,0,0,0
0,0,0,-0.00117402,0,0,0
0,0,0,-0.00113192,0,0,0
0,0,0,-0.00109083,0,0,0
0,0,0,-0.00105075,0,0,0
0,0,0,-0.00101165,0,0,0
0,0,0,-0.00097354,0,0,0
0,0,0,-0.000936392,0,0,0
0,0,0,-0.000900199,0,0,0
0,0,0,-0.000864948,0,0,0
0,0,0,-0.000830627,0,0,0
0,0,0,-0.000797223,0,0,0
0,0,0,-0.000764725,0,0,0
0,0,0,-0.000733119,0,0,0
0,0,0,-0.000702395,0,0,0
0,0,0,-0.000672538,0,0,0
0,0,0,-0.000643538,0,0,0
0,0,0,-0.000615382,0,0,0
0,0,0,-0.000588057,0,0,0
0,0,0,-0.000561552,0,0,0
0,0,0,-0.000535854,0,0,0
0,0,0,-0.00051095,0,0,0
0,0,0,-0.000486828,0,0,0
0,0,0,-0.000463476,0,0,0
0,0,0,-0.000440882,0,0,0
0,0,0,-0.000419033,0,0,0
0,0,0,-0.000397916,0,0,0
0,0,0,-0.00037752,0,0,0
0,0,0,-0.000357832,0,0,0
0,0,0,-0.00033884,0,0,0
0,0,0,-0.000320531,0,0,0
0,0,0,-0.000302892,0,0,0
0,0,0,-0.000285912,0,0,0
0,0,0,-0.000269577,0,0,0
0,0,0,-0.000253877,0,0,0
0,0,0,-0.000238797,0,0,0
0,0,0,-0.000224325,0,0,0
0,0,0,-0.00021045,0,0,0
0,0,0,-0.000197159,0,0,0
0,0,0,-0.000184438,0,0,0
0,0,0,-0.000172276,0,0,0
0,0,0,-0.000160661,0,0,0
0,0,0,-0.000149579,0,0,0
0,0,0,-0.000139018,0,0,0
0,0,0,-0.000128967,0,0,0
0,0,0,-0.000119411,0,0,0
0,0,0,-0.000110339,0,0,0
0,0,0,-0.000101738,0,0,0
0,0,0,-9.3596e-05,0,0,0
0,0,0,-8.59001e-05,0,0,0
0,0,0,-7.86377e-05,0,0,0
0,0,0,-7.17965e-05,0,0,0
0,0,0,-6.53637e-05,0,0,0
0,0,0,-5.9327e-05,0,0,0
0,0,0,-5.36737e-05,0,0,0
0,0,0,-4.83913e-05,0,0,0
0,0,0,-4.34672e-05,0,0,0
0,0,0,-3.88889e-05,0,0,0
0,0,0,-3.46438e-05,0,0,0
0,0,0,-3.07194e-05,0,0,0
0,0,0,-2.7103e-05,0,0,0
0,0,0,-2.37821e-05,0,0,0
0,0,0,-2.07442e-05,0,0,0
0,0,0,-1.79765e-05,0,0,0
0,0,0,-1.54667e-05,0,0,0
0,0,0,-1.3202e-05,0,0,0
0,0,0,-1.11699e-05,0,0,0
0,0,0,-9.35775e-06,0,0,0
0,0,0,-7.75302e-06,0,0,0
0,0,0,-6.34309e-06,0,0,0
0,0,0,-5.11536e-06,0,0,0
0,0,0,-4.05723e-06,0,0,0
0,0,0,-3.15611e-06,0,0,0
0,0,0,-2.39938e-06,0,0,0
0,0,0,-1.77444e-06,0,0,0
0,0,0,-1.26868e-06,0,0,0
0,0,0,-8.69507e-07,0,0,0
0,0,0,-5.64299e-07,0,0,0
0,0,0,-3.4045e-07,0,0,0
0,0,0,-1.8535e-07,0,0,0
0,0,0,-8.63858e-08,0,0,0
0,0,0,-3.09467e-08,0,0,0
0,0,0,-6.41992e-09,0,0,0
0,0,0,-1.92635e-10,0,0,0
