0,0,0,0,0,-4.44089e-16,0
0,0,0,0,0,3.91325e-05,0
0,0,0,0,0,0.000156528,0
0,0,0,0,0,0.000352183,0
0,0,0,0,0,0.00062609,0
0,0,0,0,0,0.000978238,0
0,0,0,0,0,0.00140861,0
0,0,0,0,0,0.0019172,0
0,0,0,0,0,0.00250398,0
0,0,0,0,0,0.00316893,0
0,0,0,0,0,0.00391203,0
0,0,0,0,0,0.00473324,0
0,0,0,0,0,0.00563254,0
0,0,0,0,0,0.00660989,0
0,0,0,0,0,0.00766526,0
0,0,0,0,0,0.00879861,0
0,0,0,0,0,0.0100099,0
0,0,0,0,0,0.011299,0
0,0,0,0,0,0.012666,0
0,0,0,0,0,0.0141108,0
0,0,0,0,0,0.0156334,0
0,0,0,0,0,0.0172336,0
0,0,0,0,0,0.0189114,0
0,0,0,0,0,0.0206667,0
0,0,0,0,0,0.0224996,0
0,0,0,0,0,0.0244098,0
0,0,0,0,0,0.0263974,0
0,0,0,0,0,0.0284623,0
0,0,0,0,0,0.0306044,0
0,0,0,0,0,0.0328236,0
0,0,0,0,0,0.0351198,0
0,0,0,0,0,0.0374929,0
0,0,0,0,0,0.0399429,0
0,0,0,0,0,0.0424697,0
0,0,0,0,0,0.0450731,0
0,0,0,0,0,0.047753,0
0,0,0,0,0,0.0505095,0
0,0,0,0,0,0.0533423,0
0,0,0,0,0,0.0562513,0
0,0,0,0,0,0.0592365,0
0,0,0,0,0,0.0622977,0
0,0,0,0,0,0.0654349,0
0,0,0,0,0,0.0686478,0
0,0,0,0,0,0.0719364,0
0,0,0,0,0,0.0753005,0
0,0,0,0,0,0.0787401,0
0,0,0,0,0,0.082255,0
0,0,0,0,0,0.085845,0
0,0,0,0,0,0.0895101,0
0,0,0,0,0,0.09325,0
0,0,0,0,0,0.0970647,0
0,0,0,0,0,0.100954,0
0,0,0,0,0,0.104918,0
0,0,0,0,0,0.108956,0
0,0,0,0,0,0.113068,0
0,0,0,0,0,0.117254,0
0,0,0,0,0,0.121514,0
0,0,0,0,0,0.125848,0
0,0,0,0,0,0.130255,0
0,0,0,0,0,0.134736,0
0,0,0,0,0,0.139289,0
0,0,0,0,0,0.143916,0
0,0,0,0,0,0.148616,0
0,0,0,0,0,0.153388,0
0,0,0,0,0,0.158232,0
0,0,0,0,0,0.163149,0
0,0,0,0,0,0.168138,0
0,0,0,0,0,0.173199,0
0,0,0,0,0,0.178332,0
0,0,0,0,0,0.183536,0
0,0,0,0,0,0.188812,0
0,0,0,0,0,0.194159,0
0,0,0,0,0,0.199576,0
0,0,0,0,0,0.205065,0
0,0,0,0,0,0.210624,0
0,0,0,0,0,0.216253,0
0,0,0,0,0,0.221952,0
0,0,0,0,0,0.227721,0
0,0,0,0,0,0.23356,0
0,0,0,0,0,0.239468,0
0,0,0,0,0,0.245446,0
0,0,0,0,0,0.251492,0
0,0,0,0,0,0.257607,0
0,0,0,0,0,0.263791,0
0,0,0,0,0,0.270043,0
0,0,0,0,0,0.276363,0
0,0,0,0,0,0.282751,0
0,0,0,0,0,0.289206,0
0,0,0,0,0,0.295729,0
0,0,0,0,0,0.302319,0
0,0,0,0,0,0.308976,0
0,0,0,0,0,0.315699,0
0,0,0,0,0,0.322489,0
0,0,0,0,0,0.329344,0
0,0,0,0,0,0.336266,0
0,0,0,0,0,0.343253,0
0,0,0,0,0,0.350305,0
0,0,0,0,0,0.357422,0
0,0,0,0,0,0.364604,0
0,0,0,0,0,0.371851,0
0,0,0,0,0,0.379162,0
0,0,0,0,0,0.386536,0
0,0,0,0,0,0.393975,0
0,0,0,0,0,0.401476,0
0,0,0,0,0,0.409041,0
0,0,0,0,0,0.416668,0
0,0,0,0,0,0.424358,0
0,0,0,0,0,0.432111,0
0,0,0,0,0,0.439925,0
0,0,0,0,0,0.4478,0
0,0,0,0,0,0.455737,0
0,0,0,0,0,0.463735,0
0,0,0,0,0,0.471794,0
0,0,0,0,0,0.479913,0
0,0,0,0,0,0.488093,0
0,0,0,0,0,0.496332,0
0,0,0,0,0,0.50463,0
0,0,0,0,0,0.512988,0
0,0,0,0,0,0.521404,0
0,0,0,0,0,0.529879,0
0,0,0,0,0,0.538412,0
0,0,0,0,0,0.547003,0
0,0,0,0,0,0.555652,0
0,0,0,0,0,0.564358,0
0,0,0,0,0,0.57312,0
0,0,0,0,0,0.581939,0
0,0,0,0,0,0.590815,0
0,0,0,0,0,0.599746,0
0,0,0,0,0,0.608733,0
0,0,0,0,0,0.617775,0
0,0,0,0,0,0.626872,0
0,0,0,0,0,0.636023,0
0,0,0,0,0,0.645228,0
0,0,0,0,0,0.654488,0
0,0,0,0,0,0.6638,0
0,0,0,0,0,0.673166,0
0,0,0,0,0,0.682585,0
0,0,0,0,0,0.692056,0
0,0,0,0,0,0.701578,0
0,0,0,0,0,0.711153,0
0,0,0,0,0,0.720779,0
0,0,0,0,0,0.730456,0
0,0,0,0,0,0.740183,0
0,0,0,0,0,0.74996,0
0,0,0,0,0,0.759788,0
0,0,0,0,0,0.769664,0
0,0,0,0,0,0.77959,0
0,0,0,0,0,0.789564,0
0,0,0,0,0,0.799587,0
0,0,0,0,0,0.809658,0
0,0,0,0,0,0.819776,0
0,0,0,0,0,0.829941,0
0,0,0,0,0,0.840153,0
0,0,0,0,0,0.850411,0
0,0,0,0,0,0.860715,0
0,0,0,0,0,0.871065,0
0,0,0,0,0,0.88146,0
0,0,0,0,0,0.8919,0
0,0,0,0,0,0.902384,0
0,0,0,0,0,0.912912,0
0,0,0,0,0,0.923484,0
0,0,0,0,0,0.934099,0
0,0,0,0,0,0.944756,0
0,0,0,0,0,0.955456,0
0,0,0,0,0,0.966198,0
0,0,0,0,0,0.976981,0
0,0,0,0,0,0.987806,0
0,0,0,0,0,0.998671,0
0,0,0,0,0,1.00958,0
0,0,0,0,0,1.02052,0
0,0,0,0,0,1.03151,0
0,0,0,0,0,1.04253,0
0,0,0,0,0,1.05359,0
0,0,0,0,0,1.06469,0
0,0,0,0,0,1.07583,0
0,0,0,0,0,1.08701,0
0,0,0,0,0,1.09822,0
0,0,0,0,0,1.10947,0
0,0,0,0,0,1.12075,0
0,0,0,0,0,1.13207,0
0,0,0,0,0,1.14343,0
0,0,0,0,0,1.15482,0
0,0,0,0,0,1.16624,0
0,0,0,0,0,1.1777,0
0,0,0,0,0,1.18919,0
0,0,0,0,0,1.20072,0
0,0,0,0,0,1.21227,0
0,0,0,0,0,1.22386,0
0,0,0,0,0,1.23548,0
0,0,0,0,0,1.24714,0
0,0,0,0,0,1.25882,0
0,0,0,0,0,1.27053,0
0,0,0,0,0,1.28227,0
0,0,0,0,0,1.29405,0
0,0,0,0,0,1.30585,0
0,0,0,0,0,1.31768,0
0,0,0,0,0,1.32953,0
0,0,0,0,0,1.34142,0
0,0,0,0,0,1.35333,0
0,0,0,0,0,1.36527,0
0,0,0,0,0,1.37723,0
0,0,0,0,0,1.38922,0
0,0,0,0,0,1.40124,0
0,0,0,0,0,1.41328,0
0,0,0,0,0,1.42534,0
0,0,0,0,0,1.43743,0
0,0,0,0,0,1.44954,0
0,0,0,0,0,1.46168,0
0,0,0,0,0,1.47383,0
0,0,0,0,0,1.48601,0
0,0,0,0,0,1.49821,0
0,0,0,0,0,1.51043,0
0,0,0,0,0,1.52268,0
0,0,0,0,0,1.53494,0
0,0,0,0,0,1.54722,0
0,0,0,0,0,1.55952,0
0,0,0,0,0,1.57184,0
0,0,0,0,0,1.58418,0
0,0,0,0,0,1.59653,0
0,0,0,0,0,1.6089,0
0,0,0,0,0,1.62129,0
0,0,0,0,0,1.63369,0
0,0,0,0,0,1.64611,0
0,0,0,0,0,1.65855,0
0,0,0,0,0,1.671,0
0,0,0,0,0,1.68346,0
0,0,0,0,0,1.69594,0
0,0,0,0,0,1.70843,0
0,0,0,0,0,1.72094,0
0,0,0,0,0,1.73345,0
0,0,0,0,0,1.74598,0
0,0,0,0,0,1.75852,0
0,0,0,0,0,1.77107,0
0,0,0,0,0,1.78363,0
0,0,0,0,0,1.7962,0
0,0,0,0,0,1.80878,0
0,0,0,0,0,1.82137,0
0,0,0,0,0,1.83397,0
0,0,0,0,0,1.84657,0
0,0,0,0,0,1.85919,0
0,0,0,0,0,1.8718,0
0,0,0,0,0,1.88443,0
0,0,0,0,0,1.89706,0
0,0,0,0,0,1.9097,0
0,0,0,0,0,1.92234,0
0,0,0,0,0,1.93498,0
0,0,0,0,0,1.94763,0
0,0,0,0,0,1.96029,0
0,0,0,0,0,1.97294,0
0,0,0,0,0,1.9856,0
0,0,0,0,0,1.99826,0
0,0,0,0,0,2.01092,0
0,0,0,0,0,2.02358,0
0,0,0,0,0,2.03625,0
0,0,0,0,0,2.04891,0
0,0,0,0,0,2.06157,0
0,0,0,0,0,2.07423,0
0,0,0,0,0,2.08689,0
0,0,0,0,0,2.09955,0
0,0,0,0,0,2.1122,0
0,0,0,0,0,2.12485,0
0,0,0,0,0,2.1375,0
0,0,0,0,0,2.15014,0
0,0,0,0,0,2.16278,0
0,0,0,0,0,2.17541,0
0,0,0,0,0,2.18804,0
0,0,0,0,0,2.20066,0
0,0,0,0,0,2.21328,0
0,0,0,0,0,2.22589,0
0,0,0,0,0,2.23849,0
0,0,0,0,0,2.25108,0
0,0,0,0,0,2.26366,0
0,0,0,0,0,2.27624,0
0,0,0,0,0,2.2888,0
0,0,0,0,0,2.30135,0
0,0,0,0,0,2.3139,0
0,0,0,0,0,2.32643,0
0,0,0,0,0,2.33895,0
0,0,0,0,0,2.35146,0
0,0,0,0,0,2.36395,0
0,0,0,0,0,2.37643,0
0,0,0,0,0,2.3889,0
0,0,0,0,0,2.40136,0
0,0,0,0,0,2.4138,0
0,0,0,0,0,2.42622,0
0,0,0,0,0,2.43863,0
0,0,0,0,0,2.45102,0
0,0,0,0,0,2.4634,0
0,0,0,0,0,2.47576,0
0,0,0,0,0,2.4881,0
0,0,0,0,0,2.50042,0
0,0,0,0,0,2.51272,0
0,0,0,0,0,2.52501,0
0,0,0,0,0,2.53727,0
0,0,0,0,0,2.54952,0
0,0,0,0,0,2.56174,0
0,0,0,0,0,2.57394,0
0,0,0,0,0,2.58612,0
0,0,0,0,0,2.59828,0
0,0,0,0,0,2.61042,0
0,0,0,0,0,2.62253,0
0,0,0,0,0,2.63462,0
0,0,0,0,0,2.64668,0
0,0,0,0,0,2.65872,0
0,0,0,0,0,2.67074,0
0,0,0,0,0,2.68273,0
0,0,0,0,0,2.69469,0
0,0,0,0,0,2.70663,0
0,0,0,0,0,2.71853,0
0,0,0,0,0,2.73042,0
0,0,0,0,0,2.74227,0
0,0,0,0,0,2.75409,0
0,0,0,0,0,2.76589,0
0,0,0,0,0,2.77766,0
0,0,0,0,0,2.78939,0
0,0,0,0,0,2.8011,0
0,0,0,0,0,2.81277,0
0,0,0,0,0,2.82441,0
0,0,0,0,0,2.83603,0
0,0,0,0,0,2.8476,0
0,0,0,0,0,2.85915,0
0,0,0,0,0,2.87066,0
0,0,0,0,0,2.88214,0
0,0,0,0,0,2.89358,0
0,0,0,0,0,2.90499,0
0,0,0,0,0,2.91636,0
0,0,0,0,0,2.9277,0
0,0,0,0,0,2.939,0
0,0,0,0,0,2.95027,0
0,0,0,0,0,2.96149,0
0,0,0,0,0,2.97268,0
0,0,0,0,0,2.98383,0
0,0,0,0,0,2.99495,0
0,0,0,0,0,3.00602,0
0,0,0,0,0,3.01705,0
0,0,0,0,0,3.02805,0
0,0,0,0,0,3.039,0
0,0,0,0,0,3.04991,0
0,0,0,0,0,3.06078,0
0,0,0,0,0,3.07161,0
0,0,0,0,0,3.08239,0
0,0,0,0,0,3.09314,0
0,0,0,0,0,3.10384,0
0,0,0,0,0,3.11449,0
0,0,0,0,0,3.12511,0
0,0,0,0,0,3.13567,0
0,0,0,0,0,3.14619,0
0,0,0,0,0,3.15667,0
0,0,0,0,0,3.1671,0
0,0,0,0,0,3.17748,0
0,0,0,0,0,3.18782,0
0,0,0,0,0,3.19811,0
0,0,0,0,0,3.20835,0
0,0,0,0,0,3.21855,0
0,0,0,0,0,3.22869,0
0,0,0,0,0,3.23879,0
0,0,0,0,0,3.24883,0
0,0,0,0,0,3.25883,0
0,0,0,0,0,3.26877,0
0,0,0,0,0,3.27867,0
0,0,0,0,0,3.28851,0
0,0,0,0,0,3.2983,0
0,0,0,0,0,3.30804,0
0,0,0,0,0,3.31773,0
0,0,0,0,0,3.32736,0
0,0,0,0,0,3.33694,0
0,0,0,0,0,3.34647,0
0,0,0,0,0,3.35594,0
0,0,0,0,0,3.36536,0
0,0,0,0,0,3.37472,0
0,0,0,0,0,3.38403,0
0,0,0,0,0,3.39328,0
0,0,0,0,0,3.40247,0
0,0,0,0,0,3.41161,0
0,0,0,0,0,3.42069,0
0,0,0,0,0,3.42971,0
0,0,0,0,0,3.43867,0
0,0,0,0,0,3.44758,0
0,0,0,0,0,3.45642,0
0,0,0,0,0,3.46521,0
0,0,0,0,0,3.47394,0
0,0,0,0,0,3.48261,0
0,0,0,0,0,3.49121,0
0,0,0,0,0,3.49976,0
0,0,0,0,0,3.50825,0
0,0,0,0,0,3.51667,0
0,0,0,0,0,3.52503,0
0,0,0,0,0,3.53333,0
0,0,0,0,0,3.54157,0
0,0,0,0,0,3.54974,0
0,0,0,0,0,3.55785,0
0,0,0,0,0,3.56589,0
0,0,0,0,0,3.57387,0
0,0,0,0,0,3.58179,0
0,0,0,0,0,3.58964,0
0,0,0,0,0,3.59743,0
0,0,0,0,0,3.60515,0
0,0,0,0,0,3.6128,0
0,0,0,0,0,3.62039,0
0,0,0,0,0,3.62791,0
0,0,0,0,0,3.63536,0
0,0,0,0,0,3.64275,0
0,0,0,0,0,3.65007,0
0,0,0,0,0,3.65732,0
0,0,0,0,0,3.6645,0
0,0,0,0,0,3.67161,0
0,0,0,0,0,3.67865,0
0,0,0,0,0,3.68562,0
0,0,0,0,0,3.69252,0
0,0,0,0,0,3.69935,0
0,0,0,0,0,3.70612,0
0,0,0,0,0,3.71281,0
0,0,0,0,0,3.71942,0
0,0,0,0,0,3.72597,0
0,0,0,0,0,3.73244,0
0,0,0,0,0,3.73885,0
0,0,0,0,0,3.74518,0
0,0,0,0,0,3.75143,0
0,0,0,0,0,3.75761,0
0,0,0,0,0,3.76372,0
0,0,0,0,0,3.76976,0
0,0,0,0,0,3.77572,0
0,0,0,0,0,3.7816,0
0,0,0,0,0,3.78741,0
0,0,0,0,0,3.79315,0
0,0,0,0,0,3.79881,0
0,0,0,0,0,3.80439,0
0,0,0,0,0,3.8099,0
0,0,0,0,0,3.81533,0
0,0,0,0,0,3.82069,0
0,0,0,0,0,3.82596,0
0,0,0,0,0,3.83116,0
0,0,0,0,0,3.83629,0
0,0,0,0,0,3.84133,0
0,0,0,0,0,3.8463,0
0,0,0,0,0,3.85118,0
0,0,0,0,0,3.85599,0
0,0,0,0,0,3.86072,0
0,0,0,0,0,3.86537,0
0,0,0,0,0,3.86994,0
0,0,0,0,0,3.87443,0
0,0,0,0,0,3.87884,0
0,0,0,0,0,3.88317,0
0,0,0,0,0,3.88742,0
0,0,0,0,0,3.89159,0
0,0,0,0,0,3.89567,0
0,0,0,0,0,3.89968,0
0,0,0,0,0,3.9036,0
0,0,0,0,0,3.90745,0
0,0,0,0,0,3.9112,0
0,0,0,0,0,3.91488,0
0,0,0,0,0,3.91848,0
0,0,0,0,0,3.92199,0
0,0,0,0,0,3.92541,0
0,0,0,0,0,3.92876,0
0,0,0,0,0,3.93202,0
0,0,0,0,0,3.9352,0
0,0,0,0,0,3.93829,0
0,0,0,0,0,3.9413,0
0,0,0,0,0,3.94422,0
0,0,0,0,0,3.94706,0
0,0,0,0,0,3.94982,0
0,0,0,0,0,3.95249,0
0,0,0,0,0,3.95507,0
0,0,0,0,0,3.95757,0
0,0,0,0,0,3.95998,0
0,0,0,0,0,3.96231,0
0,0,0,0,0,3.96455,0
0,0,0,0,0,3.9667,0
0,0,0,0,0,3.96877,0
0,0,0,0,0,3.97075,0
0,0,0,0,0,3.97264,0
0,0,0,0,0,3.97445,0
0,0,0,0,0,3.97617,0
0,0,0,0,0,3.9778,0
0,0,0,0,0,3.97934,0
0,0,0,0,0,3.9808,0
0,0,0,0,0,3.98216,0
0,0,0,0,0,3.98344,0
0,0,0,0,0,3.98463,0
0,0,0,0,0,3.98574,0
0,0,0,0,0,3.98675,0
0,0,0,0,0,3.98767,0
0,0,0,0,0,3.98851,0
0,0,0,0,0,3.98926,0
0,0,0,0,0,3.98991,0
0,0,0,0,0,3.99048,0
0,0,0,0,0,3.99096,0
0,0,0,0,0,3.99135,0
0,0,0,0,0,3.99165,0
0,0,0,0,0,3.99186,0
0,0,0,0,0,3.99197,0
0,0,0,0,0,3.992,0
0,0,0,0,0,3.99194,0
0,0,0,0,0,3.99179,0
0,0,0,0,0,3.99154,0
0,0,0,0,0,3.99121,0
0,0,0,0,0,3.99079,0
0,0,0,0,0,3.99027,0
0,0,0,0,0,3.98966,0
0,0,0,0,0,3.98896,0
0,0,0,0,0,3.98817,0
0,0,0,0,0,3.98729,0
0,0,0,0,0,3.98632,0
0,0,0,0,0,3.98526,0
0,0,0,0,0,3.9841,0
0,0,0,0,0,3.98285,0
0,0,0,0,0,3.98152,0
0,0,0,0,0,3.98008,0
0,0,0,0,0,3.97856,0
0,0,0,0,0,3.97695,0
0,0,0,0,0,3.97524,0
0,0,0,0,0,3.97344,0
0,0,0,0,0,3.97155,0
0,0,0,0,0,3.96956,0
0,0,0,0,0,3.96749,0
0,0,0,0,0,3.96532,0
0,0,0,0,0,3.96306,0
0,0,0,0,0,3.9607,0
0,0,0,0,0,3.95825,0
0,0,0,0,0,3.95572,0
0,0,0,0,0,3.95308,0
0,0,0,0,0,3.95036,0
0,0,0,0,0,3.94754,0
0,0,0,0,0,3.94463,0
0,0,0,0,0,3.94163,0
0,0,0,0,0,3.93853,0
0,0,0,0,0,3.93534,0
0,0,0,0,0,3.93206,0
0,0,0,0,0,3.92868,0
0,0,0,0,0,3.92522,0
0,0,0,0,0,3.92166,0
0,0,0,0,0,3.918,0
0,0,0,0,0,3.91425,0
0,0,0,0,0,3.91042,0
0,0,0,0,0,3.90648,0
0,0,0,0,0,3.90246,0
0,0,0,0,0,3.89834,0
0,0,0,0,0,3.89413,0
0,0,0,0,0,3.88982,0
0,0,0,0,0,3.88542,0
0,0,0,0,0,3.88093,0
0,0,0,0,0,3.87635,0
0,0,0,0,0,3.87167,0
0,0,0,0,0,3.8669,0
0,0,0,0,0,3.86204,0
0,0,0,0,0,3.85709,0
0,0,0,0,0,3.85204,0
0,0,0,0,0,3.8469,0
0,0,0,0,0,3.84167,0
0,0,0,0,0,3.83634,0
0,0,0,0,0,3.83092,0
0,0,0,0,0,3.82541,0
0,0,0,0,0,3.81981,0
0,0,0,0,0,3.81411,0
0,0,0,0,0,3.80833,0
0,0,0,0,0,3.80245,0
0,0,0,0,0,3.79647,0
0,0,0,0,0,3.79041,0
0,0,0,0,0,3.78425,0
0,0,0,0,0,3.778,0
0,0,0,0,0,3.77166,0
0,0,0,0,0,3.76523,0
0,0,0,0,0,3.75871,0
0,0,0,0,0,3.75209,0
0,0,0,0,0,3.74538,0
0,0,0,0,0,3.73858,0
0,0,0,0,0,3.73169,0
0,0,0,0,0,3.72471,0
0,0,0,0,0,3.71764,0
0,0,0,0,0,3.71047,0
0,0,0,0,0,3.70322,0
0,0,0,0,0,3.69587,0
0,0,0,0,0,3.68843,0
0,0,0,0,0,3.68091,0
0,0,0,0,0,3.67329,0
0,0,0,0,0,3.66558,0
0,0,0,0,0,3.65778,0
0,0,0,0,0,3.64989,0
0,0,0,0,0,3.64191,0
0,0,0,0,0,3.63385,0
0,0,0,0,0,3.62569,0
0,0,0,0,0,3.61744,0
0,0,0,0,0,3.6091,0
0,0,0,0,0,3.60067,0
0,0,0,0,0,3.59216,0
0,0,0,0,0,3.58355,0
0,0,0,0,0,3.57486,0
0,0,0,0,0,3.56608,0
0,0,0,0,0,3.5572,0
0,0,0,0,0,3.54824,0
0,0,0,0,0,3.5392,0
0,0,0,0,0,3.53006,0
0,0,0,0,0,3.52084,0
0,0,0,0,0,3.51152,0
0,0,0,0,0,3.50212,0
0,0,0,0,0,3.49264,0
0,0,0,0,0,3.48306,0
0,0,0,0,0,3.4734,0
0,0,0,0,0,3.46366,0
0,0,0,0,0,3.45382,0
0,0,0,0,0,3.4439,0
0,0,0,0,0,3.43389,0
0,0,0,0,0,3.4238,0
0,0,0,0,0,3.41362,0
0,0,0,0,0,3.40336,0
0,0,0,0,0,3.39301,0
0,0,0,0,0,3.38257,0
0,0,0,0,0,3.37205,0
0,0,0,0,0,3.36145,0
0,0,0,0,0,3.35076,0
0,0,0,0,0,3.33998,0
0,0,0,0,0,3.32913,0
0,0,0,0,0,3.31818,0
0,0,0,0,0,3.30716,0
0,0,0,0,0,3.29605,0
0,0,0,0,0,3.28486,0
0,0,0,0,0,3.27358,0
0,0,0,0,0,3.26223,0
0,0,0,0,0,3.25079,0
0,0,0,0,0,3.23926,0
0,0,0,0,0,3.22766,0
0,0,0,0,0,3.21598,0
0,0,0,0,0,3.20421,0
0,0,0,0,0,3.19236,0
0,0,0,0,0,3.18043,0
0,0,0,0,0,3.16842,0
0,0,0,0,0,3.15633,0
0,0,0,0,0,3.14416,0
0,0,0,0,0,3.13191,0
0,0,0,0,0,3.11958,0
0,0,0,0,0,3.10717,0
0,0,0,0,0,3.09468,0
0,0,0,0,0,3.08211,0
0,0,0,0,0,3.06947,0
0,0,0,0,0,3.05674,0
0,0,0,0,0,3.04394,0
0,0,0,0,0,3.03106,0
0,0,0,0,0,3.01811,0
0,0,0,0,0,3.00507,0
0,0,0,0,0,2.99196,0
0,0,0,0,0,2.97878,0
0,0,0,0,0,2.96551,0
0,0,0,0,0,2.95218,0
0,0,0,0,0,2.93876,0
0,0,0,0,0,2.92527,0
0,0,0,0,0,2.91171,0
0,0,0,0,0,2.89807,0
0,0,0,0,0,2.88436,0
0,0,0,0,0,2.87057,0
0,0,0,0,0,2.85671,0
0,0,0,0,0,2.84278,0
0,0,0,0,0,2.82877,0
0,0,0,0,0,2.81469,0
0,0,0,0,0,2.80054,0
0,0,0,0,0,2.78631,0
0,0,0,0,0,2.77202,0
0,0,0,0,0,2.75765,0
0,0,0,0,0,2.74322,0
0,0,0,0,0,2.72871,0
0,0,0,0,0,2.71413,0
0,0,0,0,0,2.69948,0
0,0,0,0,0,2.68476,0
0,0,0,0,0,2.66998,0
0,0,0,0,0,2.65512,0
0,0,0,0,0,2.6402,0
0,0,0,0,0,2.62521,0
0,0,0,0,0,2.61015,0
0,0,0,0,0,2.59502,0
0,0,0,0,0,2.57983,0
0,0,0,0,0,2.56457,0
0,0,0,0,0,2.54924,0
0,0,0,0,0,2.53385,0
0,0,0,0,0,2.51839,0
0,0,0,0,0,2.50286,0
0,0,0,0,0,2.48728,0
0,0,0,0,0,2.47162,0
0,0,0,0,0,2.45591,0
0,0,0,0,0,2.44013,0
0,0,0,0,0,2.42428,0
0,0,0,0,0,2.40838,0
0,0,0,0,0,2.39241,0
0,0,0,0,0,2.37638,0
0,0,0,0,0,2.36028,0
0,0,0,0,0,2.34413,0
0,0,0,0,0,2.32792,0
0,0,0,0,0,2.31164,0
0,0,0,0,0,2.29531,0
0,0,0,0,0,2.27891,0
0,0,0,0,0,2.26246,0
0,0,0,0,0,2.24595,0
0,0,0,0,0,2.22938,0
0,0,0,0,0,2.21275,0
0,0,0,0,0,2.19606,0
0,0,0,0,0,2.17932,0
0,0,0,0,0,2.16252,0
0,0,0,0,0,2.14566,0
0,0,0,0,0,2.12875,0
0,0,0,0,0,2.11178,0
0,0,0,0,0,2.09476,0
0,0,0,0,0,2.07768,0
0,0,0,0,0,2.06055,0
0,0,0,0,0,2.04336,0
0,0,0,0,0,2.02612,0
0,0,0,0,0,2.00883,0
0,0,0,0,0,1.99149,0
0,0,0,0,0,1.97409,0
0,0,0,0,0,1.95665,0
0,0,0,0,0,1.93915,0
0,0,0,0,0,1.9216,0
0,0,0,0,0,1.904,0
0,0,0,0,0,1.88635,0
0,0,0,0,0,1.86865,0
0,0,0,0,0,1.8509,0
0,0,0,0,0,1.83311,0
0,0,0,0,0,1.81527,0
0,0,0,0,0,1.79737,0
0,0,0,0,0,1.77944,0
0,0,0,0,0,1.76145,0
0,0,0,0,0,1.74342,0
0,0,0,0,0,1.72535,0
0,0,0,0,0,1.70722,0
0,0,0,0,0,1.68906,0
0,0,0,0,0,1.67085,0
0,0,0,0,0,1.65259,0
0,0,0,0,0,1.6343,0
0,0,0,0,0,1.61596,0
0,0,0,0,0,1.59757,0
0,0,0,0,0,1.57915,0
0,0,0,0,0,1.56068,0
0,0,0,0,0,1.54217,0
0,0,0,0,0,1.52363,0
0,0,0,0,0,1.50504,0
0,0,0,0,0,1.48641,0
0,0,0,0,0,1.46775,0
0,0,0,0,0,1.44904,0
0,0,0,0,0,1.4303,0
0,0,0,0,0,1.41152,0
0,0,0,0,0,1.3927,0
0,0,0,0,0,1.37385,0
0,0,0,0,0,1.35496,0
0,0,0,0,0,1.33604,0
0,0,0,0,0,1.31707,0
0,0,0,0,0,1.29808,0
0,0,0,0,0,1.27905,0
0,0,0,0,0,1.25999,0
0,0,0,0,0,1.24089,0
0,0,0,0,0,1.22176,0
0,0,0,0,0,1.2026,0
0,0,0,0,0,1.18341,0
0,0,0,0,0,1.16419,0
0,0,0,0,0,1.14493,0
0,0,0,0,0,1.12565,0
0,0,0,0,0,1.10633,0
0,0,0,0,0,1.08699,0
0,0,0,0,0,1.06762,0
0,0,0,0,0,1.04822,0
0,0,0,0,0,1.02879,0
0,0,0,0,0,1.00934,0
0,0,0,0,0,0.989857,0
0,0,0,0,0,0.97035,0
0,0,0,0,0,0.950817,0
0,0,0,0,0,0.93126,0
0,0,0,0,0,0.911678,0
0,0,0,0,0,0.892071,0
0,0,0,0,0,0.872442,0
0,0,0,0,0,0.852789,0
0,0,0,0,0,0.833114,0
0,0,0,0,0,0.813416,0
0,0,0,0,0,0.793698,0
0,0,0,0,0,0.773958,0
0,0,0,0,0,0.754198,0
0,0,0,0,0,0.734418,0
0,0,0,0,0,0.714619,0
0,0,0,0,0,0.694801,0
0,0,0,0,0,0.674965,0
0,0,0,0,0,0.65511,0
0,0,0,0,0,0.635239,0
0,0,0,0,0,0.615351,0
0,0,0,0,0,0.595446,0
0,0,0,0,0,0.575526,0
0,0,0,0,0,0.555591,0
0,0,0,0,0,0.535641,0
0,0,0,0,0,0.515676,0
0,0,0,0,0,0.495699,0
0,0,0,0,0,0.475708,0
0,0,0,0,0,0.455704,0
0,0,0,0,0,0.435689,0
0,0,0,0,0,0.415662,0
0,0,0,0,0,0.395624,0
0,0,0,0,0,0.375575,0
0,0,0,0,0,0.355517,0
0,0,0,0,0,0.335449,0
0,0,0,0,0,0.315373,0
0,0,0,0,0,0.295288,0
0,0,0,0,0,0.275195,0
0,0,0,0,0,0.255095,0
0,0,0,0,0,0.234989,0
0,0,0,0,0,0.214876,0
0,0,0,0,0,0.194757,0
0,0,0,0,0,0.174634,0
0,0,0,0,0,0.154505,0
0,0,0,0,0,0.134373,0
0,0,0,0,0,0.114237,0
0,0,0,0,0,0.0940981,0
0,0,0,0,0,0.0739567,0
0,0,0,0,0,0.0538133,0
0,0,0,0,0,0.0336685,0
0,0,0,0,0,0.0135228,0
0,0,0,0,0,-0.0066233,0
0,0,0,0,0,-0.0267692,0
0,0,0,0,0,-0.0469144,0
0,0,0,0,0,-0.0670583,0
0,0,0,0,0,-0.0872005,0
0,0,0,0,0,-0.10734,0
0,0,0,0,0,-0.127477,0
0,0,0,0,0,-0.147611,0
0,0,0,0,0,-0.167741,0
0,0,0,0,0,-0.187866,0
0,0,0,0,0,-0.207986,0
0,0,0,0,0,-0.228101,0
0,0,0,0,0,-0.24821,0
0,0,0,0,0,-0.268313,0
0,0,0,0,0,-0.288408,0
0,0,0,0,0,-0.308495,0
0,0,0,0,0,-0.328575,0
0,0,0,0,0,-0.348646,0
0,0,0,0,0,-0.368707,0
0,0,0,0,0,-0.388759,0
0,0,0,0,0,-0.408801,0
0,0,0,0,0,-0.428831,0
0,0,0,0,0,-0.448851,0
0,0,0,0,0,-0.468858,0
0,0,0,0,0,-0.488854,0
0,0,0,0,0,-0.508836,0
0,0,0,0,0,-0.528805,0
0,0,0,0,0,-0.54876,0
0,0,0,0,0,-0.5687,0
0,0,0,0,0,-0.588626,0
0,0,0,0,0,-0.608536,0
0,0,0,0,0,-0.62843,0
0,0,0,0,0,-0.648307,0
0,0,0,0,0,-0.668167,0
0,0,0,0,0,-0.68801,0
0,0,0,0,0,-0.707834,0
0,0,0,0,0,-0.72764,0
0,0,0,0,0,-0.747426,0
0,0,0,0,0,-0.767193,0
0,0,0,0,0,-0.78694,0
0,0,0,0,0,-0.806666,0
0,0,0,0,0,-0.82637,0
0,0,0,0,0,-0.846053,0
0,0,0,0,0,-0.865714,0
0,0,0,0,0,-0.885351,0
0,0,0,0,0,-0.904966,0
0,0,0,0,0,-0.924556,0
0,0,0,0,0,-0.944122,0
0,0,0,0,0,-0.963664,0
0,0,0,0,0,-0.983179,0
0,0,0,0,0,-1.00267,0
0,0,0,0,0,-1.02213,0
0,0,0,0,0,-1.04157,0
0,0,0,0,0,-1.06098,0
0,0,0,0,0,-1.08036,0
0,0,0,0,0,-1.09971,0
0,0,0,0,0,-1.11904,0
0,0,0,0,0,-1.13833,0
0,0,0,0,0,-1.1576,0
0,0,0,0,0,-1.17683,0
0,0,0,0,0,-1.19603,0
0,0,0,0,0,-1.2152,0
0,0,0,0,0,-1.23434,0
0,0,0,0,0,-1.25345,0
0,0,0,0,0,-1.27253,0
0,0,0,0,0,-1.29157,0
0,0,0,0,0,-1.31057,0
0,0,0,0,0,-1.32955,0
0,0,0,0,0,-1.34848,0
0,0,0,0,0,-1.36738,0
0,0,0,0,0,-1.38625,0
0,0,0,0,0,-1.40508,0
0,0,0,0,0,-1.42387,0
0,0,0,0,0,-1.44263,0
0,0,0,0,0,-1.46135,0
0,0,0,0,0,-1.48003,0
0,0,0,0,0,-1.49867,0
0,0,0,0,0,-1.51727,0
0,0,0,0,0,-1.53583,0
0,0,0,0,0,-1.55435,0
0,0,0,0,0,-1.57283,0
0,0,0,0,0,-1.59127,0
0,0,0,0,0,-1.60966,0
0,0,0,0,0,-1.62802,0
0,0,0,0,0,-1.64633,0
0,0,0,0,0,-1.6646,0
0,0,0,0,0,-1.68283,0
0,0,0,0,0,-1.70101,0
0,0,0,0,0,-1.71914,0
0,0,0,0,0,-1.73724,0
0,0,0,0,0,-1.75528,0
0,0,0,0,0,-1.77328,0
0,0,0,0,0,-1.79124,0
0,0,0,0,0,-1.80914,0
0,0,0,0,0,-1.827,0
0,0,0,0,0,-1.84482,0
0,0,0,0,0,-1.86258,0
0,0,0,0,0,-1.88029,0
0,0,0,0,0,-1.89796,0
0,0,0,0,0,-1.91558,0
0,0,0,0,0,-1.93314,0
0,0,0,0,0,-1.95066,0
0,0,0,0,0,-1.96812,0
0,0,0,0,0,-1.98554,0
0,0,0,0,0,-2.0029,0
0,0,0,0,0,-2.02021,0
0,0,0,0,0,-2.03747,0
0,0,0,0,0,-2.05467,0
0,0,0,0,0,-2.07182,0
0,0,0,0,0,-2.08891,0
0,0,0,0,0,-2.10596,0
0,0,0,0,0,-2.12294,0
0,0,0,0,0,-2.13987,0
0,0,0,0,0,-2.15675,0
0,0,0,0,0,-2.17357,0
0,0,0,0,0,-2.19033,0
0,0,0,0,0,-2.20704,0
0,0,0,0,0,-2.22369,0
0,0,0,0,0,-2.24028,0
0,0,0,0,0,-2.25681,0
0,0,0,0,0,-2.27328,0
0,0,0,0,0,-2.2897,0
0,0,0,0,0,-2.30605,0
0,0,0,0,0,-2.32235,0
0,0,0,0,0,-2.33858,0
0,0,0,0,0,-2.35476,0
0,0,0,0,0,-2.37087,0
0,0,0,0,0,-2.38692,0
0,0,0,0,0,-2.40291,0
0,0,0,0,0,-2.41884,0
0,0,0,0,0,-2.43471,0
0,0,0,0,0,-2.45051,0
0,0,0,0,0,-2.46625,0
0,0,0,0,0,-2.48192,0
0,0,0,0,0,-2.49753,0
0,0,0,0,0,-2.51308,0
0,0,0,0,0,-2.52856,0
0,0,0,0,0,-2.54397,0
0,0,0,0,0,-2.55932,0
0,0,0,0,0,-2.57461,0
0,0,0,0,0,-2.58982,0
0,0,0,0,0,-2.60497,0
0,0,0,0,0,-2.62006,0
0,0,0,0,0,-2.63507,0
0,0,0,0,0,-2.65002,0
0,0,0,0,0,-2.6649,0
0,0,0,0,0,-2.67971,0
0,0,0,0,0,-2.69445,0
0,0,0,0,0,-2.70912,0
0,0,0,0,0,-2.72372,0
0,0,0,0,0,-2.73826,0
0,0,0,0,0,-2.75272,0
0,0,0,0,0,-2.76711,0
0,0,0,0,0,-2.78143,0
0,0,0,0,0,-2.79567,0
0,0,0,0,0,-2.80985,0
0,0,0,0,0,-2.82396,0
0,0,0,0,0,-2.83799,0
0,0,0,0,0,-2.85195,0
0,0,0,0,0,-2.86583,0
0,0,0,0,0,-2.87964,0
0,0,0,0,0,-2.89338,0
0,0,0,0,0,-2.90705,0
0,0,0,0,0,-2.92064,0
0,0,0,0,0,-2.93415,0
0,0,0,0,0,-2.94759,0
0,0,0,0,0,-2.96095,0
0,0,0,0,0,-2.97424,0
0,0,0,0,0,-2.98746,0
0,0,0,0,0,-3.00059,0
0,0,0,0,0,-3.01365,0
0,0,0,0,0,-3.02664,0
0,0,0,0,0,-3.03954,0
0,0,0,0,0,-3.05237,0
0,0,0,0,0,-3.06512,0
0,0,0,0,0,-3.07779,0
0,0,0,0,0,-3.09039,0
0,0,0,0,0,-3.1029,0
0,0,0,0,0,-3.11534,0
0,0,0,0,0,-3.1277,0
0,0,0,0,0,-3.13997,0
0,0,0,0,0,-3.15217,0
0,0,0,0,0,-3.16429,0
0,0,0,0,0,-3.17633,0
0,0,0,0,0,-3.18828,0
0,0,0,0,0,-3.20016,0
0,0,0,0,0,-3.21195,0
0,0,0,0,0,-3.22367,0
0,0,0,0,0,-3.2353,0
0,0,0,0,0,-3.24685,0
0,0,0,0,0,-3.25832,0
0,0,0,0,0,-3.2697,0
0,0,0,0,0,-3.28101,0
0,0,0,0,0,-3.29223,0
0,0,0,0,0,-3.30336,0
0,0,0,0,0,-3.31442,0
0,0,0,0,0,-3.32539,0
0,0,0,0,0,-3.33628,0
0,0,0,0,0,-3.34708,0
0,0,0,0,0,-3.3578,0
0,0,0,0,0,-3.36843,0
0,0,0,0,0,-3.37898,0
0,0,0,0,0,-3.38944,0
0,0,0,0,0,-3.39982,0
0,0,0,0,0,-3.41012,0
0,0,0,0,0,-3.42032,0
0,0,0,0,0,-3.43045,0
0,0,0,0,0,-3.44048,0
0,0,0,0,0,-3.45043,0
0,0,0,0,0,-3.4603,0
0,0,0,0,0,-3.47007,0
0,0,0,0,0,-3.47976,0
0,0,0,0,0,-3.48937,0
0,0,0,0,0,-3.49889,0
0,0,0,0,0,-3.50831,0
0,0,0,0,0,-3.51766,0
0,0,0,0,0,-3.52691,0
0,0,0,0,0,-3.53608,0
0,0,0,0,0,-3.54515,0
0,0,0,0,0,-3.55415,0
0,0,0,0,0,-3.56305,0
0,0,0,0,0,-3.57186,0
0,0,0,0,0,-3.58058,0
0,0,0,0,0,-3.58922,0
0,0,0,0,0,-3.59777,0
0,0,0,0,0,-3.60622,0
0,0,0,0,0,-3.61459,0
0,0,0,0,0,-3.62287,0
0,0,0,0,0,-3.63106,0
0,0,0,0,0,-3.63916,0
0,0,0,0,0,-3.64717,0
0,0,0,0,0,-3.65509,0
0,0,0,0,0,-3.66292,0
0,0,0,0,0,-3.67066,0
0,0,0,0,0,-3.67831,0
0,0,0,0,0,-3.68587,0
0,0,0,0,0,-3.69333,0
0,0,0,0,0,-3.70071,0
0,0,0,0,0,-3.708,0
0,0,0,0,0,-3.71519,0
0,0,0,0,0,-3.7223,0
0,0,0,0,0,-3.72931,0
0,0,0,0,0,-3.73623,0
0,0,0,0,0,-3.74306,0
0,0,0,0,0,-3.7498,0
0,0,0,0,0,-3.75645,0
0,0,0,0,0,-3.76301,0
0,0,0,0,0,-3.76947,0
0,0,0,0,0,-3.77584,0
0,0,0,0,0,-3.78212,0
0,0,0,0,0,-3.78831,0
0,0,0,0,0,-3.79441,0
0,0,0,0,0,-3.80041,0
0,0,0,0,0,-3.80632,0
0,0,0,0,0,-3.81214,0
0,0,0,0,0,-3.81787,0
0,0,0,0,0,-3.8235,0
0,0,0,0,0,-3.82905,0
0,0,0,0,0,-3.8345,0
0,0,0,0,0,-3.83985,0
0,0,0,0,0,-3.84512,0
0,0,0,0,0,-3.85029,0
0,0,0,0,0,-3.85537,0
0,0,0,0,0,-3.86036,0
0,0,0,0,0,-3.86525,0
0,0,0,0,0,-3.87005,0
0,0,0,0,0,-3.87476,0
0,0,0,0,0,-3.87937,0
0,0,0,0,0,-3.8839,0
0,0,0,0,0,-3.88833,0
0,0,0,0,0,-3.89266,0
0,0,0,0,0,-3.89691,0
0,0,0,0,0,-3.90106,0
0,0,0,0,0,-3.90511,0
0,0,0,0,0,-3.90908,0
0,0,0,0,0,-3.91295,0
0,0,0,0,0,-3.91673,0
0,0,0,0,0,-3.92041,0
0,0,0,0,0,-3.92401,0
0,0,0,0,0,-3.92751,0
0,0,0,0,0,-3.93091,0
0,0,0,0,0,-3.93423,0
0,0,0,0,0,-3.93745,0
0,0,0,0,0,-3.94058,0
0,0,0,0,0,-3.94361,0
0,0,0,0,0,-3.94655,0
0,0,0,0,0,-3.9494,0
0,0,0,0,0,-3.95216,0
0,0,0,0,0,-3.95482,0
0,0,0,0,0,-3.9574,0
0,0,0,0,0,-3.95987,0
0,0,0,0,0,-3.96226,0
0,0,0,0,0,-3.96455,0
0,0,0,0,0,-3.96675,0
0,0,0,0,0,-3.96886,0
0,0,0,0,0,-3.97088,0
0,0,0,0,0,-3.9728,0
0,0,0,0,0,-3.97463,0
0,0,0,0,0,-3.97637,0
0,0,0,0,0,-3.97802,0
0,0,0,0,0,-3.97957,0
0,0,0,0,0,-3.98104,0
0,0,0,0,0,-3.98241,0
0,0,0,0,0,-3.98368,0
0,0,0,0,0,-3.98487,0
0,0,0,0,0,-3.98597,0
0,0,0,0,0,-3.98697,0
0,0,0,0,0,-3.98788,0
0,0,0,0,0,-3.9887,0
0,0,0,0,0,-3.98943,0
0,0,0,0,0,-3.99007,0
0,0,0,0,0,-3.99062,0
0,0,0,0,0,-3.99107,0
0,0,0,0,0,-3.99144,0
0,0,0,0,0,-3.99171,0
0,0,0,0,0,-3.9919,0
0,0,0,0,0,-3.99199,0
0,0,0,0,0,-3.99199,0
0,0,0,0,0,-3.99191,0
0,0,0,0,0,-3.99173,0
0,0,0,0,0,-3.99146,0
0,0,0,0,0,-3.9911,0
0,0,0,0,0,-3.99066,0
0,0,0,0,0,-3.99012,0
0,0,0,0,0,-3.98949,0
0,0,0,0,0,-3.98878,0
0,0,0,0,0,-3.98797,0
0,0,0,0,0,-3.98708,0
0,0,0,0,0,-3.98609,0
0,0,0,0,0,-3.98502,0
0,0,0,0,0,-3.98386,0
0,0,0,0,0,-3.98261,0
0,0,0,0,0,-3.98127,0
0,0,0,0,0,-3.97985,0
0,0,0,0,0,-3.97833,0
0,0,0,0,0,-3.97673,0
0,0,0,0,0,-3.97504,0
0,0,0,0,0,-3.97327,0
0,0,0,0,0,-3.97141,0
0,0,0,0,0,-3.96945,0
0,0,0,0,0,-3.96742,0
0,0,0,0,0,-3.96529,0
0,0,0,0,0,-3.96308,0
0,0,0,0,0,-3.96079,0
0,0,0,0,0,-3.9584,0
0,0,0,0,0,-3.95593,0
0,0,0,0,0,-3.95338,0
0,0,0,0,0,-3.95074,0
0,0,0,0,0,-3.94802,0
0,0,0,0,0,-3.94521,0
0,0,0,0,0,-3.94231,0
0,0,0,0,0,-3.93933,0
0,0,0,0,0,-3.93627,0
0,0,0,0,0,-3.93312,0
0,0,0,0,0,-3.92989,0
0,0,0,0,0,-3.92657,0
0,0,0,0,0,-3.92317,0
0,0,0,0,0,-3.91969,0
0,0,0,0,0,-3.91612,0
0,0,0,0,0,-3.91247,0
0,0,0,0,0,-3.90874,0
0,0,0,0,0,-3.90493,0
0,0,0,0,0,-3.90103,0
0,0,0,0,0,-3.89706,0
0,0,0,0,0,-3.893,0
0,0,0,0,0,-3.88886,0
0,0,0,0,0,-3.88463,0
0,0,0,0,0,-3.88033,0
0,0,0,0,0,-3.87595,0
0,0,0,0,0,-3.87149,0
0,0,0,0,0,-3.86694,0
0,0,0,0,0,-3.86232,0
0,0,0,0,0,-3.85762,0
0,0,0,0,0,-3.85284,0
0,0,0,0,0,-3.84798,0
0,0,0,0,0,-3.84304,0
0,0,0,0,0,-3.83802,0
0,0,0,0,0,-3.83293,0
0,0,0,0,0,-3.82775,0
0,0,0,0,0,-3.8225,0
0,0,0,0,0,-3.81717,0
0,0,0,0,0,-3.81177,0
0,0,0,0,0,-3.80629,0
0,0,0,0,0,-3.80073,0
0,0,0,0,0,-3.7951,0
0,0,0,0,0,-3.78939,0
0,0,0,0,0,-3.7836,0
0,0,0,0,0,-3.77774,0
0,0,0,0,0,-3.77181,0
0,0,0,0,0,-3.7658,0
0,0,0,0,0,-3.75971,0
0,0,0,0,0,-3.75356,0
0,0,0,0,0,-3.74733,0
0,0,0,0,0,-3.74102,0
0,0,0,0,0,-3.73464,0
0,0,0,0,0,-3.7282,0
0,0,0,0,0,-3.72167,0
0,0,0,0,0,-3.71508,0
0,0,0,0,0,-3.70841,0
0,0,0,0,0,-3.70168,0
0,0,0,0,0,-3.69487,0
0,0,0,0,0,-3.68799,0
0,0,0,0,0,-3.68104,0
0,0,0,0,0,-3.67403,0
0,0,0,0,0,-3.66694,0
0,0,0,0,0,-3.65978,0
0,0,0,0,0,-3.65256,0
0,0,0,0,0,-3.64526,0
0,0,0,0,0,-3.6379,0
0,0,0,0,0,-3.63047,0
0,0,0,0,0,-3.62297,0
0,0,0,0,0,-3.61541,0
0,0,0,0,0,-3.60778,0
0,0,0,0,0,-3.60008,0
0,0,0,0,0,-3.59232,0
0,0,0,0,0,-3.58449,0
0,0,0,0,0,-3.57659,0
0,0,0,0,0,-3.56863,0
0,0,0,0,0,-3.56061,0
0,0,0,0,0,-3.55252,0
0,0,0,0,0,-3.54437,0
0,0,0,0,0,-3.53616,0
0,0,0,0,0,-3.52788,0
0,0,0,0,0,-3.51954,0
0,0,0,0,0,-3.51114,0
0,0,0,0,0,-3.50267,0
0,0,0,0,0,-3.49415,0
0,0,0,0,0,-3.48556,0
0,0,0,0,0,-3.47691,0
0,0,0,0,0,-3.46821,0
0,0,0,0,0,-3.45944,0
0,0,0,0,0,-3.45061,0
0,0,0,0,0,-3.44173,0
0,0,0,0,0,-3.43278,0
0,0,0,0,0,-3.42378,0
0,0,0,0,0,-3.41472,0
0,0,0,0,0,-3.4056,0
0,0,0,0,0,-3.39643,0
0,0,0,0,0,-3.3872,0
0,0,0,0,0,-3.37791,0
0,0,0,0,0,-3.36857,0
0,0,0,0,0,-3.35917,0
0,0,0,0,0,-3.34972,0
0,0,0,0,0,-3.34021,0
0,0,0,0,0,-3.33065,0
0,0,0,0,0,-3.32103,0
0,0,0,0,0,-3.31137,0
0,0,0,0,0,-3.30164,0
0,0,0,0,0,-3.29187,0
0,0,0,0,0,-3.28205,0
0,0,0,0,0,-3.27217,0
0,0,0,0,0,-3.26224,0
0,0,0,0,0,-3.25226,0
0,0,0,0,0,-3.24223,0
0,0,0,0,0,-3.23215,0
0,0,0,0,0,-3.22203,0
0,0,0,0,0,-3.21185,0
0,0,0,0,0,-3.20162,0
0,0,0,0,0,-3.19135,0
0,0,0,0,0,-3.18103,0
0,0,0,0,0,-3.17066,0
0,0,0,0,0,-3.16025,0
0,0,0,0,0,-3.14979,0
0,0,0,0,0,-3.13928,0
0,0,0,0,0,-3.12873,0
0,0,0,0,0,-3.11813,0
0,0,0,0,0,-3.10749,0
0,0,0,0,0,-3.09681,0
0,0,0,0,0,-3.08608,0
0,0,0,0,0,-3.07531,0
0,0,0,0,0,-3.06449,0
0,0,0,0,0,-3.05364,0
0,0,0,0,0,-3.04274,0
0,0,0,0,0,-3.0318,0
0,0,0,0,0,-3.02082,0
0,0,0,0,0,-3.0098,0
0,0,0,0,0,-2.99874,0
0,0,0,0,0,-2.98764,0
0,0,0,0,0,-2.97651,0
0,0,0,0,0,-2.96533,0
0,0,0,0,0,-2.95411,0
0,0,0,0,0,-2.94286,0
0,0,0,0,0,-2.93158,0
0,0,0,0,0,-2.92025,0
0,0,0,0,0,-2.90889,0
0,0,0,0,0,-2.89749,0
0,0,0,0,0,-2.88606,0
0,0,0,0,0,-2.8746,0
0,0,0,0,0,-2.86309,0
0,0,0,0,0,-2.85156,0
0,0,0,0,0,-2.83999,0
0,0,0,0,0,-2.82839,0
0,0,0,0,0,-2.81676,0
0,0,0,0,0,-2.8051,0
0,0,0,0,0,-2.7934,0
0,0,0,0,0,-2.78168,0
0,0,0,0,0,-2.76992,0
0,0,0,0,0,-2.75814,0
0,0,0,0,0,-2.74632,0
0,0,0,0,0,-2.73448,0
0,0,0,0,0,-2.72261,0
0,0,0,0,0,-2.71071,0
0,0,0,0,0,-2.69878,0
0,0,0,0,0,-2.68683,0
0,0,0,0,0,-2.67485,0
0,0,0,0,0,-2.66284,0
0,0,0,0,0,-2.65081,0
0,0,0,0,0,-2.63875,0
0,0,0,0,0,-2.62667,0
0,0,0,0,0,-2.61457,0
0,0,0,0,0,-2.60244,0
0,0,0,0,0,-2.59029,0
0,0,0,0,0,-2.57812,0
0,0,0,0,0,-2.56592,0
0,0,0,0,0,-2.5537,0
0,0,0,0,0,-2.54147,0
0,0,0,0,0,-2.52921,0
0,0,0,0,0,-2.51693,0
0,0,0,0,0,-2.50463,0
0,0,0,0,0,-2.49232,0
0,0,0,0,0,-2.47998,0
0,0,0,0,0,-2.46763,0
0,0,0,0,0,-2.45526,0
0,0,0,0,0,-2.44288,0
0,0,0,0,0,-2.43047,0
0,0,0,0,0,-2.41805,0
0,0,0,0,0,-2.40562,0
0,0,0,0,0,-2.39317,0
0,0,0,0,0,-2.38071,0
0,0,0,0,0,-2.36823,0
0,0,0,0,0,-2.35574,0
0,0,0,0,0,-2.34323,0
0,0,0,0,0,-2.33072,0
0,0,0,0,0,-2.31819,0
0,0,0,0,0,-2.30565,0
0,0,0,0,0,-2.2931,0
0,0,0,0,0,-2.28054,0
0,0,0,0,0,-2.26797,0
0,0,0,0,0,-2.25539,0
0,0,0,0,0,-2.2428,0
0,0,0,0,0,-2.2302,0
0,0,0,0,0,-2.2176,0
0,0,0,0,0,-2.20499,0
0,0,0,0,0,-2.19237,0
0,0,0,0,0,-2.17974,0
0,0,0,0,0,-2.16711,0
0,0,0,0,0,-2.15447,0
0,0,0,0,0,-2.14183,0
0,0,0,0,0,-2.12918,0
0,0,0,0,0,-2.11653,0
0,0,0,0,0,-2.10388,0
0,0,0,0,0,-2.09123,0
0,0,0,0,0,-2.07857,0
0,0,0,0,0,-2.06591,0
0,0,0,0,0,-2.05325,0
0,0,0,0,0,-2.04058,0
0,0,0,0,0,-2.02792,0
0,0,0,0,0,-2.01526,0
0,0,0,0,0,-2.0026,0
0,0,0,0,0,-1.98994,0
0,0,0,0,0,-1.97728,0
0,0,0,0,0,-1.96462,0
0,0,0,0,0,-1.95197,0
0,0,0,0,0,-1.93932,0
0,0,0,0,0,-1.92667,0
0,0,0,0,0,-1.91403,0
0,0,0,0,0,-1.90139,0
0,0,0,0,0,-1.88875,0
0,0,0,0,0,-1.87613,0
0,0,0,0,0,-1.86351,0
0,0,0,0,0,-1.85089,0
0,0,0,0,0,-1.83828,0
0,0,0,0,0,-1.82568,0
0,0,0,0,0,-1.81309,0
0,0,0,0,0,-1.80051,0
0,0,0,0,0,-1.78794,0
0,0,0,0,0,-1.77537,0
0,0,0,0,0,-1.76282,0
0,0,0,0,0,-1.75028,0
0,0,0,0,0,-1.73774,0
0,0,0,0,0,-1.72522,0
0,0,0,0,0,-1.71271,0
0,0,0,0,0,-1.70022,0
0,0,0,0,0,-1.68774,0
0,0,0,0,0,-1.67527,0
0,0,0,0,0,-1.66281,0
0,0,0,0,0,-1.65037,0
0,0,0,0,0,-1.63795,0
0,0,0,0,0,-1.62554,0
0,0,0,0,0,-1.61314,0
0,0,0,0,0,-1.60077,0
0,0,0,0,0,-1.5884,0
0,0,0,0,0,-1.57606,0
0,0,0,0,0,-1.56374,0
0,0,0,0,0,-1.55143,0
0,0,0,0,0,-1.53914,0
0,0,0,0,0,-1.52687,0
0,0,0,0,0,-1.51463,0
0,0,0,0,0,-1.5024,0
0,0,0,0,0,-1.49019,0
0,0,0,0,0,-1.478,0
0,0,0,0,0,-1.46584,0
0,0,0,0,0,-1.4537,0
0,0,0,0,0,-1.44158,0
0,0,0,0,0,-1.42948,0
0,0,0,0,0,-1.41741,0
0,0,0,0,0,-1.40536,0
0,0,0,0,0,-1.39334,0
0,0,0,0,0,-1.38134,0
0,0,0,0,0,-1.36936,0
0,0,0,0,0,-1.35742,0
0,0,0,0,0,-1.3455,0
0,0,0,0,0,-1.3336,0
0,0,0,0,0,-1.32173,0
0,0,0,0,0,-1.3099,0
0,0,0,0,0,-1.29808,0
0,0,0,0,0,-1.2863,0
0,0,0,0,0,-1.27455,0
0,0,0,0,0,-1.26283,0
0,0,0,0,0,-1.25113,0
0,0,0,0,0,-1.23947,0
0,0,0,0,0,-1.22784,0
0,0,0,0,0,-1.21624,0
0,0,0,0,0,-1.20467,0
0,0,0,0,0,-1.19314,0
0,0,0,0,0,-1.18163,0
0,0,0,0,0,-1.17016,0
0,0,0,0,0,-1.15873,0
0,0,0,0,0,-1.14733,0
0,0,0,0,0,-1.13596,0
0,0,0,0,0,-1.12463,0
0,0,0,0,0,-1.11333,0
0,0,0,0,0,-1.10207,0
0,0,0,0,0,-1.09084,0
0,0,0,0,0,-1.07965,0
0,0,0,0,0,-1.0685,0
0,0,0,0,0,-1.05739,0
0,0,0,0,0,-1.04631,0
0,0,0,0,0,-1.03528,0
0,0,0,0,0,-1.02428,0
0,0,0,0,0,-1.01332,0
0,0,0,0,0,-1.0024,0
0,0,0,0,0,-0.991522,0
0,0,0,0,0,-0.980684,0
0,0,0,0,0,-0.969886,0
0,0,0,0,0,-0.95913,0
0,0,0,0,0,-0.948416,0
0,0,0,0,0,-0.937744,0
0,0,0,0,0,-0.927114,0
0,0,0,0,0,-0.916528,0
0,0,0,0,0,-0.905985,0
0,0,0,0,0,-0.895486,0
0,0,0,0,0,-0.885031,0
0,0,0,0,0,-0.87462,0
0,0,0,0,0,-0.864255,0
0,0,0,0,0,-0.853935,0
0,0,0,0,0,-0.843661,0
0,0,0,0,0,-0.833433,0
0,0,0,0,0,-0.823252,0
0,0,0,0,0,-0.813117,0
0,0,0,0,0,-0.803031,0
0,0,0,0,0,-0.792991,0
0,0,0,0,0,-0.783,0
0,0,0,0,0,-0.773058,0
0,0,0,0,0,-0.763164,0
0,0,0,0,0,-0.75332,0
0,0,0,0,0,-0.743526,0
0,0,0,0,0,-0.733781,0
0,0,0,0,0,-0.724087,0
0,0,0,0,0,-0.714444,0
0,0,0,0,0,-0.704852,0
0,0,0,0,0,-0.695311,0
0,0,0,0,0,-0.685822,0
0,0,0,0,0,-0.676386,0
0,0,0,0,0,-0.667002,0
0,0,0,0,0,-0.657671,0
0,0,0,0,0,-0.648393,0
0,0,0,0,0,-0.639169,0
0,0,0,0,0,-0.63,0
0,0,0,0,0,-0.620884,0
0,0,0,0,0,-0.611823,0
0,0,0,0,0,-0.602817,0
0,0,0,0,0,-0.593867,0
0,0,0,0,0,-0.584973,0
0,0,0,0,0,-0.576134,0
0,0,0,0,0,-0.567352,0
0,0,0,0,0,-0.558627,0
0,0,0,0,0,-0.549959,0
0,0,0,0,0,-0.541348,0
0,0,0,0,0,-0.532795,0
0,0,0,0,0,-0.5243,0
0,0,0,0,0,-0.515863,0
0,0,0,0,0,-0.507486,0
0,0,0,0,0,-0.499167,0
0,0,0,0,0,-0.490907,0
0,0,0,0,0,-0.482708,0
0,0,0,0,0,-0.474568,0
0,0,0,0,0,-0.466489,0
0,0,0,0,0,-0.45847,0
0,0,0,0,0,-0.450512,0
0,0,0,0,0,-0.442615,0
0,0,0,0,0,-0.43478,0
0,0,0,0,0,-0.427006,0
0,0,0,0,0,-0.419295,0
0,0,0,0,0,-0.411646,0
0,0,0,0,0,-0.40406,0
0,0,0,0,0,-0.396537,0
0,0,0,0,0,-0.389077,0
0,0,0,0,0,-0.38168,0
0,0,0,0,0,-0.374347,0
0,0,0,0,0,-0.367079,0
0,0,0,0,0,-0.359875,0
0,0,0,0,0,-0.352735,0
0,0,0,0,0,-0.345661,0
0,0,0,0,0,-0.338651,0
0,0,0,0,0,-0.331707,0
0,0,0,0,0,-0.324829,0
0,0,0,0,0,-0.318017,0
0,0,0,0,0,-0.311271,0
0,0,0,0,0,-0.304591,0
0,0,0,0,0,-0.297978,0
0,0,0,0,0,-0.291433,0
0,0,0,0,0,-0.284954,0
0,0,0,0,0,-0.278543,0
0,0,0,0,0,-0.2722,0
0,0,0,0,0,-0.265924,0
0,0,0,0,0,-0.259717,0
0,0,0,0,0,-0.253579,0
0,0,0,0,0,-0.247509,0
0,0,0,0,0,-0.241507,0
0,0,0,0,0,-0.235575,0
0,0,0,0,0,-0.229713,0
0,0,0,0,0,-0.22392,0
0,0,0,0,0,-0.218197,0
0,0,0,0,0,-0.212543,0
0,0,0,0,0,-0.20696,0
0,0,0,0,0,-0.201448,0
0,0,0,0,0,-0.196006,0
0,0,0,0,0,-0.190635,0
0,0,0,0,0,-0.185335,0
0,0,0,0,0,-0.180106,0
0,0,0,0,0,-0.174949,0
0,0,0,0,0,-0.169864,0
0,0,0,0,0,-0.16485,0
0,0,0,0,0,-0.159908,0
0,0,0,0,0,-0.155039,0
0,0,0,0,0,-0.150242,0
0,0,0,0,0,-0.145517,0
0,0,0,0,0,-0.140866,0
0,0,0,0,0,-0.136287,0
0,0,0,0,0,-0.131781,0
0,0,0,0,0,-0.127349,0
0,0,0,0,0,-0.12299,0
0,0,0,0,0,-0.118705,0
0,0,0,0,0,-0.114493,0
0,0,0,0,0,-0.110356,0
0,0,0,0,0,-0.106292,0
0,0,0,0,0,-0.102303,0
0,0,0,0,0,-0.0983882,0
0,0,0,0,0,-0.094548,0
0,0,0,0,0,-0.0907825,0
0,0,0,0,0,-0.0870917,0
0,0,0,0,0,-0.083476,0
0,0,0,0,0,-0.0799354,0
0,0,0,0,0,-0.07647,0
0,0,0,0,0,-0.07308,0
0,0,0,0,0,-0.0697655,0
0,0,0,0,0,-0.0665267,0
0,0,0,0,0,-0.0633636,0
0,0,0,0,0,-0.0602763,0
0,0,0,0,0,-0.0572651,0
0,0,0,0,0,-0.05433,0
0,0,0,0,0,-0.051471,0
0,0,0,0,0,-0.0486884,0
0,0,0,0,0,-0.0459823,0
0,0,0,0,0,-0.0433526,0
0,0,0,0,0,-0.0407996,0
0,0,0,0,0,-0.0383233,0
0,0,0,0,0,-0.0359238,0
0,0,0,0,0,-0.0336013,0
0,0,0,0,0,-0.0313557,0
0,0,0,0,0,-0.0291872,0
0,0,0,0,0,-0.0270959,0
0,0,0,0,0,-0.0250818,0
0,0,0,0,0,-0.0231451,0
0,0,0,0,0,-0.0212857,0
0,0,0,0,0,-0.0195038,0
0,0,0,0,0,-0.0177994,0
0,0,0,0,0,-0.0161726,0
0,0,0,0,0,-0.0146235,0
0,0,0,0,0,-0.0131521,0
0,0,0,0,0,-0.0117584,0
0,0,0,0,0,-0.0104426,0
0,0,0,0,0,-0.00920466,0
0,0,0,0,0,-0.00804462,0
0,0,0,0,0,-0.00696255,0
0,0,0,0,0,-0.00595847,0
0,0,0,0,0,-0.00503244,0
0,0,0,0,0,-0.00418448,0
0,0,0,0,0,-0.00341463,0
0,0,0,0,0,-0.00272291,0
0,0,0,0,0,-0.00210935,0
0,0,0,0,0,-0.00157399,0
0,0,0,0,0,-0.00111682,0
0,0,0,0,0,-0.000737882,0
0,0,0,0,0,-0.000437179,0
0,0,0,0,0,-0.000214724,0
0,0,0,0,0,-7.05256e-05,0
0,0,0,0,0,-4.58976e-06,0
