1.5708,-0.7854,0,-2.3562,1.5708,1.6581,0.7854
1.5708,-0.7854,0,-2.3562,1.5708,1.6581,0.7854
1.5708,-0.7854,0,-2.3562,1.5708,1.6581,0.7854
1.5708,-0.7854,0,-2.3562,1.5708,1.6581,0.7854
1.5708,-0.7854,0,-2.3562,1.5708,1.6581,0.7854
1.5708,-0.7854,0,-2.3562,1.5708,1.6581,0.7854
1.5708,-0.7854,0,-2.3562,1.5708,1.6581,0.7854
1.5708,-0.7854,0,-2.3562,1.5708,1.6581,0.7854
1.5708,-0.7854,0,-2.3562,1.5708,1.6581,0.7854
1.5708,-0.7854,0,-2.3562,1.5708,1.6581,0.7854
1.5708,-0.7854,0,-2.3562,1.5708,1.6581,0.7854
1.5708,-0.7854,0,-2.3562,1.5708,1.6581,0.7854
1.5708,-0.7854,0,-2.3562,1.5708,1.6581,0.7854
1.5708,-0.7854,0,-2.3562,1.5708,1.6581,0.7854
1.5708,-0.7854,0,-2.3562,1.5708,1.6581,0.7854
1.5708,-0.7854,0,-2.3562,1.5708,1.6581,0.7854
1.5708,-0.7854,0,-2.3562,1.5708,1.6581,0.7854
1.5708,-0.7854,0,-2.3562,1.5708,1.6581,0.7854
1.5708,-0.7854,0,-2.3562,1.5708,1.6581,0.7854
1.5708,-0.7854,0,-2.3562,1.5708,1.6581,0.7854
1.5708,-0.7854,0,-2.3562,1.5708,1.6581,0.7854
1.5708,-0.7854,0,-2.3562,1.5708,1.6581,0.7854
1.5708,-0.7854,0,-2.3562,1.5708,1.6581,0.7854
1.5708,-0.7854,0,-2.3562,1.5708,1.6581,0.7854
1.5708,-0.7854,0,-2.3562,1.5708,1.6581,0.7854
1.5708,-0.7854,0,-2.3562,1.5708,1.6581,0.7854
1.5708,-0.7854,0,-2.3562,1.5708,1.6581,0.7854
1.5708,-0.7854,0,-2.3562,1.5708,1.6581,0.7854
1.5708,-0.7854,0,-2.3562,1.5708,1.6581,0.7854
1.5708,-0.7854,0,-2.3562,1.5708,1.6581,0.7854
1.5708,-0.7854,0,-2.3562,1.5708,1.6581,0.7854
1.5708,-0.7854,0,-2.3562,1.5708,1.6581,0.7854
1.5708,-0.7854,0,-2.3562,1.5708,1.6581,0.7854
1.5708,-0.7854,0,-2.3562,1.5708,1.6581,0.7854
1.5708,-0.7854,0,-2.3562,1.5708,1.6581,0.7854
1.5708,-0.7854,0,-2.3562,1.5708,1.6581,0.7854
1.5708,-0.7854,0,-2.3562,1.5708,1.6581,0.7854
1.5708,-0.7854,0,-2.3562,1.5708,1.6581,0.7854
1.5708,-0.7854,0,-2.3562,1.5708,1.6581,0.7854
1.5708,-0.7854,0,-2.3562,1.5708,1.6581,0.7854
1.5708,-0.7854,0,-2.3562,1.5708,1.6581,0.7854
1.5708,-0.7854,0,-2.3562,1.5708,1.6581,0.7854
1.5708,-0.7854,0,-2.3562,1.5708,1.6581,0.7854
1.5708,-0.7854,0,-2.3562,1.5708,1.6581,0.7854
1.5708,-0.7854,0,-2.3562,1.5708,1.6581,0.7854
1.5708,-0.7854,0,-2.3562,1.5708,1.65811,0.7854
1.5708,-0.7854,0,-2.3562,1.5708,1.65811,0.7854
1.5708,-0.7854,0,-2.3562,1.5708,1.65811,0.7854
1.5708,-0.7854,0,-2.3562,1.5708,1.65811,0.7854
1.5708,-0.7854,0,-2.3562,1.5708,1.65811,0.7854
1.5708,-0.7854,0,-2.3562,1.5708,1.65811,0.7854
1.5708,-0.7854,0,-2.3562,1.5708,1.65811,0.7854
1.5708,-0.7854,0,-2.3562,1.5708,1.65811,0.7854
1.5708,-0.7854,0,-2.3562,1.5708,1.65811,0.7854
1.5708,-0.7854,0,-2.3562,1.5708,1.65811,0.7854
1.5708,-0.7854,0,-2.3562,1.5708,1.65811,0.7854
1.5708,-0.7854,0,-2.3562,1.5708,1.65811,0.7854
1.5708,-0.7854,0,-2.3562,1.5708,1.65811,0.7854
1.5708,-0.7854,0,-2.3562,1.5708,1.65811,0.7854
1.5708,-0.7854,0,-2.3562,1.5708,1.65812,0.7854
1.5708,-0.7854,0,-2.3562,1.5708,1.65812,0.7854
1.5708,-0.7854,0,-2.3562,1.5708,1.65812,0.7854
1.5708,-0.7854,0,-2.3562,1.5708,1.65812,0.7854
1.5708,-0.7854,0,-2.3562,1.5708,1.65812,0.7854
1.5708,-0.7854,0,-2.3562,1.5708,1.65812,0.7854
1.5708,-0.7854,0,-2.3562,1.5708,1.65812,0.7854
1.5708,-0.7854,0,-2.3562,1.5708,1.65812,0.7854
1.5708,-0.7854,0,-2.3562,1.5708,1.65812,0.7854
1.5708,-0.7854,0,-2.3562,1.5708,1.65813,0.7854
1.5708,-0.7854,0,-2.3562,1.5708,1.65813,0.7854
1.5708,-0.7854,0,-2.3562,1.5708,1.65813,0.7854
1.5708,-0.7854,0,-2.3562,1.5708,1.65813,0.7854
1.5708,-0.7854,0,-2.3562,1.5708,1.65813,0.7854
1.5708,-0.7854,0,-2.3562,1.5708,1.65814,0.7854
1.5708,-0.7854,0,-2.3562,1.5708,1.65814,0.7854
1.5708,-0.7854,0,-2.3562,1.5708,1.65814,0.7854
1.5708,-0.7854,0,-2.3562,1.5708,1.65814,0.7854
1.5708,-0.7854,0,-2.3562,1.5708,1.65814,0.7854
1.5708,-0.7854,0,-2.3562,1.5708,1.65815,0.7854
1.5708,-0.7854,0,-2.3562,1.5708,1.65815,0.7854
1.5708,-0.7854,0,-2.3562,1.5708,1.65815,0.7854
1.5708,-0.7854,0,-2.3562,1.5708,1.65815,0.7854
1.5708,-0.7854,0,-2.3562,1.5708,1.65816,0.7854
1.5708,-0.7854,0,-2.3562,1.5708,1.65816,0.7854
1.5708,-0.7854,0,-2.3562,1.5708,1.65816,0.7854
1.5708,-0.7854,0,-2.3562,1.5708,1.65816,0.7854
1.5708,-0.7854,0,-2.3562,1.5708,1.65817,0.7854
1.5708,-0.7854,0,-2.3562,1.5708,1.65817,0.7854
1.5708,-0.7854,0,-2.3562,1.5708,1.65817,0.7854
1.5708,-0.7854,0,-2.3562,1.5708,1.65818,0.7854
1.5708,-0.7854,0,-2.3562,1.5708,1.65818,0.7854
1.5708,-0.7854,0,-2.3562,1.5708,1.65818,0.7854
1.5708,-0.7854,0,-2.3562,1.5708,1.65819,0.7854
1.5708,-0.7854,0,-2.3562,1.5708,1.65819,0.7854
1.5708,-0.7854,0,-2.3562,1.5708,1.6582,0.7854
1.5708,-0.7854,0,-2.3562,1.5708,1.6582,0.7854
1.5708,-0.7854,0,-2.3562,1.5708,1.6582,0.7854
1.5708,-0.7854,0,-2.3562,1.5708,1.65821,0.7854
1.5708,-0.7854,0,-2.3562,1.5708,1.65821,0.7854
1.5708,-0.7854,0,-2.3562,1.5708,1.65822,0.7854
1.5708,-0.7854,0,-2.3562,1.5708,1.65822,0.7854
1.5708,-0.7854,0,-2.3562,1.5708,1.65823,0.7854
1.5708,-0.7854,0,-2.3562,1.5708,1.65823,0.7854
1.5708,-0.7854,0,-2.3562,1.5708,1.65824,0.7854
1.5708,-0.7854,0,-2.3562,1.5708,1.65824,0.7854
1.5708,-0.7854,0,-2.3562,1.5708,1.65825,0.7854
1.5708,-0.7854,0,-2.3562,1.5708,1.65826,0.7854
1.5708,-0.7854,0,-2.3562,1.5708,1.65826,0.7854
1.5708,-0.7854,0,-2.3562,1.5708,1.65827,0.7854
1.5708,-0.7854,0,-2.3562,1.5708,1.65827,0.7854
1.5708,-0.7854,0,-2.3562,1.5708,1.65828,0.7854
1.5708,-0.7854,0,-2.3562,1.5708,1.65829,0.7854
1.5708,-0.7854,0,-2.3562,1.5708,1.65829,0.7854
1.5708,-0.7854,0,-2.3562,1.5708,1.6583,0.7854
1.5708,-0.7854,0,-2.3562,1.5708,1.65831,0.7854
1.5708,-0.7854,0,-2.3562,1.5708,1.65832,0.7854
1.5708,-0.7854,0,-2.3562,1.5708,1.65832,0.7854
1.5708,-0.7854,0,-2.3562,1.5708,1.65833,0.7854
1.5708,-0.7854,0,-2.3562,1.5708,1.65834,0.7854
1.5708,-0.7854,0,-2.3562,1.5708,1.65835,0.7854
1.5708,-0.7854,0,-2.3562,1.5708,1.65835,0.7854
1.5708,-0.7854,0,-2.3562,1.5708,1.65836,0.7854
1.5708,-0.7854,0,-2.3562,1.5708,1.65837,0.7854
1.5708,-0.7854,0,-2.3562,1.5708,1.65838,0.7854
1.5708,-0.7854,0,-2.3562,1.5708,1.65839,0.7854
1.5708,-0.7854,0,-2.3562,1.5708,1.6584,0.7854
1.5708,-0.7854,0,-2.3562,1.5708,1.65841,0.7854
1.5708,-0.7854,0,-2.3562,1.5708,1.65842,0.7854
1.5708,-0.7854,0,-2.3562,1.5708,1.65843,0.7854
1.5708,-0.7854,0,-2.3562,1.5708,1.65844,0.7854
1.5708,-0.7854,0,-2.3562,1.5708,1.65845,0.7854
1.5708,-0.7854,0,-2.3562,1.5708,1.65846,0.7854
1.5708,-0.7854,0,-2.3562,1.5708,1.65847,0.7854
1.5708,-0.7854,0,-2.3562,1.5708,1.65848,0.7854
1.5708,-0.7854,0,-2.3562,1.5708,1.6585,0.7854
1.5708,-0.7854,0,-2.3562,1.5708,1.65851,0.7854
1.5708,-0.7854,0,-2.3562,1.5708,1.65852,0.7854
1.5708,-0.7854,0,-2.3562,1.5708,1.65853,0.7854
1.5708,-0.7854,0,-2.3562,1.5708,1.65854,0.7854
1.5708,-0.7854,0,-2.3562,1.5708,1.65856,0.7854
1.5708,-0.7854,0,-2.3562,1.5708,1.65857,0.7854
1.5708,-0.7854,0,-2.3562,1.5708,1.65858,0.7854
1.5708,-0.7854,0,-2.3562,1.5708,1.6586,0.7854
1.5708,-0.7854,0,-2.3562,1.5708,1.65861,0.7854
1.5708,-0.7854,0,-2.3562,1.5708,1.65863,0.7854
1.5708,-0.7854,0,-2.3562,1.5708,1.65864,0.7854
1.5708,-0.7854,0,-2.3562,1.5708,1.65866,0.7854
1.5708,-0.7854,0,-2.3562,1.5708,1.65867,0.7854
1.5708,-0.7854,0,-2.3562,1.5708,1.65869,0.7854
1.5708,-0.7854,0,-2.3562,1.5708,1.6587,0.7854
1.5708,-0.7854,0,-2.3562,1.5708,1.65872,0.7854
1.5708,-0.7854,0,-2.3562,1.5708,1.65874,0.7854
1.5708,-0.7854,0,-2.3562,1.5708,1.65875,0.7854
1.5708,-0.7854,0,-2.3562,1.5708,1.65877,0.7854
1.5708,-0.7854,0,-2.3562,1.5708,1.65879,0.7854
1.5708,-0.7854,0,-2.3562,1.5708,1.6588,0.7854
1.5708,-0.7854,0,-2.3562,1.5708,1.65882,0.7854
1.5708,-0.7854,0,-2.3562,1.5708,1.65884,0.7854
1.5708,-0.7854,0,-2.3562,1.5708,1.65886,0.7854
1.5708,-0.7854,0,-2.3562,1.5708,1.65888,0.7854
1.5708,-0.7854,0,-2.3562,1.5708,1.6589,0.7854
1.5708,-0.7854,0,-2.3562,1.5708,1.65892,0.7854
1.5708,-0.7854,0,-2.3562,1.5708,1.65894,0.7854
1.5708,-0.7854,0,-2.3562,1.5708,1.65896,0.7854
1.5708,-0.7854,0,-2.3562,1.5708,1.65898,0.7854
1.5708,-0.7854,0,-2.3562,1.5708,1.659,0.7854
1.5708,-0.7854,0,-2.3562,1.5708,1.65902,0.7854
1.5708,-0.7854,0,-2.3562,1.5708,1.65905,0.7854
1.5708,-0.7854,0,-2.3562,1.5708,1.65907,0.7854
1.5708,-0.7854,0,-2.3562,1.5708,1.65909,0.7854
1.5708,-0.7854,0,-2.3562,1.5708,1.65912,0.7854
1.5708,-0.7854,0,-2.3562,1.5708,1.65914,0.7854
1.5708,-0.7854,0,-2.3562,1.5708,1.65916,0.7854
1.5708,-0.7854,0,-2.3562,1.5708,1.65919,0.7854
1.5708,-0.7854,0,-2.3562,1.5708,1.65921,0.7854
1.5708,-0.7854,0,-2.3562,1.5708,1.65924,0.7854
1.5708,-0.7854,0,-2.3562,1.5708,1.65926,0.7854
1.5708,-0.7854,0,-2.3562,1.5708,1.65929,0.7854
1.5708,-0.7854,0,-2.3562,1.5708,1.65932,0.7854
1.5708,-0.7854,0,-2.3562,1.5708,1.65935,0.7854
1.5708,-0.7854,0,-2.3562,1.5708,1.65937,0.7854
1.5708,-0.7854,0,-2.3562,1.5708,1.6594,0.7854
1.5708,-0.7854,0,-2.3562,1.5708,1.65943,0.7854
1.5708,-0.7854,0,-2.3562,1.5708,1.65946,0.7854
1.5708,-0.7854,0,-2.3562,1.5708,1.65949,0.7854
1.5708,-0.7854,0,-2.3562,1.5708,1.65952,0.7854
1.5708,-0.7854,0,-2.3562,1.5708,1.65955,0.7854
1.5708,-0.7854,0,-2.3562,1.5708,1.65958,0.7854
1.5708,-0.7854,0,-2.3562,1.5708,1.65961,0.7854
1.5708,-0.7854,0,-2.3562,1.5708,1.65964,0.7854
1.5708,-0.7854,0,-2.3562,1.5708,1.65968,0.7854
1.5708,-0.7854,0,-2.3562,1.5708,1.65971,0.7854
1.5708,-0.7854,0,-2.3562,1.5708,1.65974,0.7854
1.5708,-0.7854,0,-2.3562,1.5708,1.65978,0.7854
1.5708,-0.7854,0,-2.3562,1.5708,1.65981,0.7854
1.5708,-0.7854,0,-2.3562,1.5708,1.65985,0.7854
1.5708,-0.7854,0,-2.3562,1.5708,1.65988,0.7854
1.5708,-0.7854,0,-2.3562,1.5708,1.65992,0.7854
1.5708,-0.7854,0,-2.3562,1.5708,1.65995,0.7854
1.5708,-0.7854,0,-2.3562,1.5708,1.65999,0.7854
1.5708,-0.7854,0,-2.3562,1.5708,1.66003,0.7854
1.5708,-0.7854,0,-2.3562,1.5708,1.66007,0.7854
1.5708,-0.7854,0,-2.3562,1.5708,1.66011,0.7854
1.5708,-0.7854,0,-2.3562,1.5708,1.66015,0.7854
1.5708,-0.7854,0,-2.3562,1.5708,1.66019,0.7854
1.5708,-0.7854,0,-2.3562,1.5708,1.66023,0.7854
1.5708,-0.7854,0,-2.3562,1.5708,1.66027,0.7854
1.5708,-0.7854,0,-2.3562,1.5708,1.66031,0.7854
1.5708,-0.7854,0,-2.3562,1.5708,1.66035,0.7854
1.5708,-0.7854,0,-2.3562,1.5708,1.66039,0.7854
1.5708,-0.7854,0,-2.3562,1.5708,1.66044,0.7854
1.5708,-0.7854,0,-2.3562,1.5708,1.66048,0.7854
1.5708,-0.7854,0,-2.3562,1.5708,1.66053,0.7854
1.5708,-0.7854,0,-2.3562,1.5708,1.66057,0.7854
1.5708,-0.7854,0,-2.3562,1.5708,1.66062,0.7854
1.5708,-0.7854,0,-2.3562,1.5708,1.66066,0.7854
1.5708,-0.7854,0,-2.3562,1.5708,1.66071,0.7854
1.5708,-0.7854,0,-2.3562,1.5708,1.66076,0.7854
1.5708,-0.7854,0,-2.3562,1.5708,1.66081,0.7854
1.5708,-0.7854,0,-2.3562,1.5708,1.66086,0.7854
1.5708,-0.7854,0,-2.3562,1.5708,1.66091,0.7854
1.5708,-0.7854,0,-2.3562,1.5708,1.66096,0.7854
1.5708,-0.7854,0,-2.3562,1.5708,1.66101,0.7854
1.5708,-0.7854,0,-2.3562,1.5708,1.66106,0.7854
1.5708,-0.7854,0,-2.3562,1.5708,1.66111,0.7854
1.5708,-0.7854,0,-2.3562,1.5708,1.66116,0.7854
1.5708,-0.7854,0,-2.3562,1.5708,1.66122,0.7854
1.5708,-0.7854,0,-2.3562,1.5708,1.66127,0.7854
1.5708,-0.7854,0,-2.3562,1.5708,1.66133,0.7854
1.5708,-0.7854,0,-2.3562,1.5708,1.66138,0.7854
1.5708,-0.7854,0,-2.3562,1.5708,1.66144,0.7854
1.5708,-0.7854,0,-2.3562,1.5708,1.6615,0.7854
1.5708,-0.7854,0,-2.3562,1.5708,1.66155,0.7854
1.5708,-0.7854,0,-2.3562,1.5708,1.66161,0.7854
1.5708,-0.7854,0,-2.3562,1.5708,1.66167,0.7854
1.5708,-0.7854,0,-2.3562,1.5708,1.66173,0.7854
1.5708,-0.7854,0,-2.3562,1.5708,1.66179,0.7854
1.5708,-0.7854,0,-2.3562,1.5708,1.66186,0.7854
1.5708,-0.7854,0,-2.3562,1.5708,1.66192,0.7854
1.5708,-0.7854,0,-2.3562,1.5708,1.66198,0.7854
1.5708,-0.7854,0,-2.3562,1.5708,1.66204,0.7854
1.5708,-0.7854,0,-2.3562,1.5708,1.66211,0.7854
1.5708,-0.7854,0,-2.3562,1.5708,1.66218,0.7854
1.5708,-0.7854,0,-2.3562,1.5708,1.66224,0.7854
1.5708,-0.7854,0,-2.3562,1.5708,1.66231,0.7854
1.5708,-0.7854,0,-2.3562,1.5708,1.66238,0.7854
1.5708,-0.7854,0,-2.3562,1.5708,1.66244,0.7854
1.5708,-0.7854,0,-2.3562,1.5708,1.66251,0.7854
1.5708,-0.7854,0,-2.3562,1.5708,1.66258,0.7854
1.5708,-0.7854,0,-2.3562,1.5708,1.66266,0.7854
1.5708,-0.7854,0,-2.3562,1.5708,1.66273,0.7854
1.5708,-0.7854,0,-2.3562,1.5708,1.6628,0.7854
1.5708,-0.7854,0,-2.3562,1.5708,1.66287,0.7854
1.5708,-0.7854,0,-2.3562,1.5708,1.66295,0.7854
1.5708,-0.7854,0,-2.3562,1.5708,1.66302,0.7854
1.5708,-0.7854,0,-2.3562,1.5708,1.6631,0.7854
1.5708,-0.7854,0,-2.3562,1.5708,1.66318,0.7854
1.5708,-0.7854,0,-2.3562,1.5708,1.66325,0.7854
1.5708,-0.7854,0,-2.3562,1.5708,1.66333,0.7854
1.5708,-0.7854,0,-2.3562,1.5708,1.66341,0.7854
1.5708,-0.7854,0,-2.3562,1.5708,1.66349,0.7854
1.5708,-0.7854,0,-2.3562,1.5708,1.66357,0.7854
1.5708,-0.7854,0,-2.3562,1.5708,1.66365,0.7854
1.5708,-0.7854,0,-2.3562,1.5708,1.66374,0.7854
1.5708,-0.7854,0,-2.3562,1.5708,1.66382,0.7854
1.5708,-0.7854,0,-2.3562,1.5708,1.66391,0.7854
1.5708,-0.7854,0,-2.3562,1.5708,1.66399,0.7854
1.5708,-0.7854,0,-2.3562,1.5708,1.66408,0.7854
1.5708,-0.7854,0,-2.3562,1.5708,1.66417,0.7854
1.5708,-0.7854,0,-2.3562,1.5708,1.66425,0.7854
1.5708,-0.7854,0,-2.3562,1.5708,1.66434,0.7854
1.5708,-0.7854,0,-2.3562,1.5708,1.66443,0.7854
1.5708,-0.7854,0,-2.3562,1.5708,1.66453,0.7854
1.5708,-0.7854,0,-2.3562,1.5708,1.66462,0.7854
1.5708,-0.7854,0,-2.3562,1.5708,1.66471,0.7854
1.5708,-0.7854,0,-2.3562,1.5708,1.66481,0.7854
1.5708,-0.7854,0,-2.3562,1.5708,1.6649,0.7854
1.5708,-0.7854,0,-2.3562,1.5708,1.665,0.7854
1.5708,-0.7854,0,-2.3562,1.5708,1.66509,0.7854
1.5708,-0.7854,0,-2.3562,1.5708,1.66519,0.7854
1.5708,-0.7854,0,-2.3562,1.5708,1.66529,0.7854
1.5708,-0.7854,0,-2.3562,1.5708,1.66539,0.7854
1.5708,-0.7854,0,-2.3562,1.5708,1.66549,0.7854
1.5708,-0.7854,0,-2.3562,1.5708,1.66559,0.7854
1.5708,-0.7854,0,-2.3562,1.5708,1.6657,0.7854
1.5708,-0.7854,0,-2.3562,1.5708,1.6658,0.7854
1.5708,-0.7854,0,-2.3562,1.5708,1.66591,0.7854
1.5708,-0.7854,0,-2.3562,1.5708,1.66601,0.7854
1.5708,-0.7854,0,-2.3562,1.5708,1.66612,0.7854
1.5708,-0.7854,0,-2.3562,1.5708,1.66623,0.7854
1.5708,-0.7854,0,-2.3562,1.5708,1.66634,0.7854
1.5708,-0.7854,0,-2.3562,1.5708,1.66645,0.7854
1.5708,-0.7854,0,-2.3562,1.5708,1.66656,0.7854
1.5708,-0.7854,0,-2.3562,1.5708,1.66667,0.7854
1.5708,-0.7854,0,-2.3562,1.5708,1.66679,0.7854
1.5708,-0.7854,0,-2.3562,1.5708,1.6669,0.7854
1.5708,-0.7854,0,-2.3562,1.5708,1.66702,0.7854
1.5708,-0.7854,0,-2.3562,1.5708,1.66713,0.7854
1.5708,-0.7854,0,-2.3562,1.5708,1.66725,0.7854
1.5708,-0.7854,0,-2.3562,1.5708,1.66737,0.7854
1.5708,-0.7854,0,-2.3562,1.5708,1.66749,0.7854
1.5708,-0.7854,0,-2.3562,1.5708,1.66761,0.7854
1.5708,-0.7854,0,-2.3562,1.5708,1.66774,0.7854
1.5708,-0.7854,0,-2.3562,1.5708,1.66786,0.7854
1.5708,-0.7854,0,-2.3562,1.5708,1.66798,0.7854
1.5708,-0.7854,0,-2.3562,1.5708,1.66811,0.7854
1.5708,-0.7854,0,-2.3562,1.5708,1.66824,0.7854
1.5708,-0.7854,0,-2.3562,1.5708,1.66837,0.7854
1.5708,-0.7854,0,-2.3562,1.5708,1.66849,0.7854
1.5708,-0.7854,0,-2.3562,1.5708,1.66863,0.7854
1.5708,-0.7854,0,-2.3562,1.5708,1.66876,0.7854
1.5708,-0.7854,0,-2.3562,1.5708,1.66889,0.7854
1.5708,-0.7854,0,-2.3562,1.5708,1.66902,0.7854
1.5708,-0.7854,0,-2.3562,1.5708,1.66916,0.7854
1.5708,-0.7854,0,-2.3562,1.5708,1.6693,0.7854
1.5708,-0.7854,0,-2.3562,1.5708,1.66943,0.7854
1.5708,-0.7854,0,-2.3562,1.5708,1.66957,0.7854
1.5708,-0.7854,0,-2.3562,1.5708,1.66971,0.7854
1.5708,-0.7854,0,-2.3562,1.5708,1.66985,0.7854
1.5708,-0.7854,0,-2.3562,1.5708,1.67,0.7854
1.5708,-0.7854,0,-2.3562,1.5708,1.67014,0.7854
1.5708,-0.7854,0,-2.3562,1.5708,1.67029,0.7854
1.5708,-0.7854,0,-2.3562,1.5708,1.67043,0.7854
1.5708,-0.7854,0,-2.3562,1.5708,1.67058,0.7854
1.5708,-0.7854,0,-2.3562,1.5708,1.67073,0.7854
1.5708,-0.7854,0,-2.3562,1.5708,1.67088,0.7854
1.5708,-0.7854,0,-2.3562,1.5708,1.67103,0.7854
1.5708,-0.7854,0,-2.3562,1.5708,1.67118,0.7854
1.5708,-0.7854,0,-2.3562,1.5708,1.67134,0.7854
1.5708,-0.7854,0,-2.3562,1.5708,1.67149,0.7854
1.5708,-0.7854,0,-2.3562,1.5708,1.67165,0.7854
1.5708,-0.7854,0,-2.3562,1.5708,1.67181,0.7854
1.5708,-0.7854,0,-2.3562,1.5708,1.67197,0.7854
1.5708,-0.7854,0,-2.3562,1.5708,1.67213,0.7854
1.5708,-0.7854,0,-2.3562,1.5708,1.67229,0.7854
1.5708,-0.7854,0,-2.3562,1.5708,1.67245,0.7854
1.5708,-0.7854,0,-2.3562,1.5708,1.67262,0.7854
1.5708,-0.7854,0,-2.3562,1.5708,1.67278,0.7854
1.5708,-0.7854,0,-2.3562,1.5708,1.67295,0.7854
1.5708,-0.7854,0,-2.3562,1.5708,1.67312,0.7854
1.5708,-0.7854,0,-2.3562,1.5708,1.67329,0.7854
1.5708,-0.7854,0,-2.3562,1.5708,1.67346,0.7854
1.5708,-0.7854,0,-2.3562,1.5708,1.67363,0.7854
1.5708,-0.7854,0,-2.3562,1.5708,1.67381,0.7854
1.5708,-0.7854,0,-2.3562,1.5708,1.67398,0.7854
1.5708,-0.7854,0,-2.3562,1.5708,1.67416,0.7854
1.5708,-0.7854,0,-2.3562,1.5708,1.67434,0.7854
1.5708,-0.7854,0,-2.3562,1.5708,1.67452,0.7854
1.5708,-0.7854,0,-2.3562,1.5708,1.6747,0.7854
1.5708,-0.7854,0,-2.3562,1.5708,1.67488,0.7854
1.5708,-0.7854,0,-2.3562,1.5708,1.67506,0.7854
1.5708,-0.7854,0,-2.3562,1.5708,1.67525,0.7854
1.5708,-0.7854,0,-2.3562,1.5708,1.67544,0.7854
1.5708,-0.7854,0,-2.3562,1.5708,1.67563,0.7854
1.5708,-0.7854,0,-2.3562,1.5708,1.67581,0.7854
1.5708,-0.7854,0,-2.3562,1.5708,1.67601,0.7854
1.5708,-0.7854,0,-2.3562,1.5708,1.6762,0.7854
1.5708,-0.7854,0,-2.3562,1.5708,1.67639,0.7854
1.5708,-0.7854,0,-2.3562,1.5708,1.67659,0.7854
1.5708,-0.7854,0,-2.3562,1.5708,1.67679,0.7854
1.5708,-0.7854,0,-2.3562,1.5708,1.67698,0.7854
1.5708,-0.7854,0,-2.3562,1.5708,1.67718,0.7854
1.5708,-0.7854,0,-2.3562,1.5708,1.67738,0.7854
1.5708,-0.7854,0,-2.3562,1.5708,1.67759,0.7854
1.5708,-0.7854,0,-2.3562,1.5708,1.67779,0.7854
1.5708,-0.7854,0,-2.3562,1.5708,1.678,0.7854
1.5708,-0.7854,0,-2.3562,1.5708,1.67821,0.7854
1.5708,-0.7854,0,-2.3562,1.5708,1.67841,0.7854
1.5708,-0.7854,0,-2.3562,1.5708,1.67863,0.7854
1.5708,-0.7854,0,-2.3562,1.5708,1.67884,0.7854
1.5708,-0.7854,0,-2.3562,1.5708,1.67905,0.7854
1.5708,-0.7854,0,-2.3562,1.5708,1.67927,0.7854
1.5708,-0.7854,0,-2.3562,1.5708,1.67948,0.7854
1.5708,-0.7854,0,-2.3562,1.5708,1.6797,0.7854
1.5708,-0.7854,0,-2.3562,1.5708,1.67992,0.7854
1.5708,-0.7854,0,-2.3562,1.5708,1.68014,0.7854
1.5708,-0.7854,0,-2.3562,1.5708,1.68037,0.7854
1.5708,-0.7854,0,-2.3562,1.5708,1.68059,0.7854
1.5708,-0.7854,0,-2.3562,1.5708,1.68082,0.7854
1.5708,-0.7854,0,-2.3562,1.5708,1.68104,0.7854
1.5708,-0.7854,0,-2.3562,1.5708,1.68127,0.7854
1.5708,-0.7854,0,-2.3562,1.5708,1.68151,0.7854
1.5708,-0.7854,0,-2.3562,1.5708,1.68174,0.7854
1.5708,-0.7854,0,-2.3562,1.5708,1.68197,0.7854
1.5708,-0.7854,0,-2.3562,1.5708,1.68221,0.7854
1.5708,-0.7854,0,-2.3562,1.5708,1.68245,0.7854
1.5708,-0.7854,0,-2.3562,1.5708,1.68268,0.7854
1.5708,-0.7854,0,-2.3562,1.5708,1.68293,0.7854
1.5708,-0.7854,0,-2.3562,1.5708,1.68317,0.7854
1.5708,-0.7854,0,-2.3562,1.5708,1.68341,0.7854
1.5708,-0.7854,0,-2.3562,1.5708,1.68366,0.7854
1.5708,-0.7854,0,-2.3562,1.5708,1.68391,0.7854
1.5708,-0.7854,0,-2.3562,1.5708,1.68415,0.7854
1.5708,-0.7854,0,-2.3562,1.5708,1.68441,0.7854
1.5708,-0.7854,0,-2.3562,1.5708,1.68466,0.7854
1.5708,-0.7854,0,-2.3562,1.5708,1.68491,0.7854
1.5708,-0.7854,0,-2.3562,1.5708,1.68517,0.7854
1.5708,-0.7854,0,-2.3562,1.5708,1.68543,0.7854
1.5708,-0.7854,0,-2.3562,1.5708,1.68568,0.7854
1.5708,-0.7854,0,-2.3562,1.5708,1.68595,0.7854
1.5708,-0.7854,0,-2.3562,1.5708,1.68621,0.7854
1.5708,-0.7854,0,-2.3562,1.5708,1.68647,0.7854
1.5708,-0.7854,0,-2.3562,1.5708,1.68674,0.7854
1.5708,-0.7854,0,-2.3562,1.5708,1.68701,0.7854
1.5708,-0.7854,0,-2.3562,1.5708,1.68728,0.7854
1.5708,-0.7854,0,-2.3562,1.5708,1.68755,0.7854
1.5708,-0.7854,0,-2.3562,1.5708,1.68782,0.7854
1.5708,-0.7854,0,-2.3562,1.5708,1.6881,0.7854
1.5708,-0.7854,0,-2.3562,1.5708,1.68837,0.7854
1.5708,-0.7854,0,-2.3562,1.5708,1.68865,0.7854
1.5708,-0.7854,0,-2.3562,1.5708,1.68893,0.7854
1.5708,-0.7854,0,-2.3562,1.5708,1.68921,0.7854
1.5708,-0.7854,0,-2.3562,1.5708,1.6895,0.7854
1.5708,-0.7854,0,-2.3562,1.5708,1.68978,0.7854
1.5708,-0.7854,0,-2.3562,1.5708,1.69007,0.7854
1.5708,-0.7854,0,-2.3562,1.5708,1.69036,0.7854
1.5708,-0.7854,0,-2.3562,1.5708,1.69065,0.7854
1.5708,-0.7854,0,-2.3562,1.5708,1.69094,0.7854
1.5708,-0.7854,0,-2.3562,1.5708,1.69124,0.7854
1.5708,-0.7854,0,-2.3562,1.5708,1.69153,0.7854
1.5708,-0.7854,0,-2.3562,1.5708,1.69183,0.7854
1.5708,-0.7854,0,-2.3562,1.5708,1.69213,0.7854
1.5708,-0.7854,0,-2.3562,1.5708,1.69243,0.7854
1.5708,-0.7854,0,-2.3562,1.5708,1.69274,0.7854
1.5708,-0.7854,0,-2.3562,1.5708,1.69304,0.7854
1.5708,-0.7854,0,-2.3562,1.5708,1.69335,0.7854
1.5708,-0.7854,0,-2.3562,1.5708,1.69366,0.7854
1.5708,-0.7854,0,-2.3562,1.5708,1.69397,0.7854
1.5708,-0.7854,0,-2.3562,1.5708,1.69428,0.7854
1.5708,-0.7854,0,-2.3562,1.5708,1.6946,0.7854
1.5708,-0.7854,0,-2.3562,1.5708,1.69492,0.7854
1.5708,-0.7854,0,-2.3562,1.5708,1.69524,0.7854
1.5708,-0.7854,0,-2.3562,1.5708,1.69556,0.7854
1.5708,-0.7854,0,-2.3562,1.5708,1.69588,0.7854
1.5708,-0.7854,0,-2.3562,1.5708,1.6962,0.7854
1.5708,-0.7854,0,-2.3562,1.5708,1.69653,0.7854
1.5708,-0.7854,0,-2.3562,1.5708,1.69686,0.7854
1.5708,-0.7854,0,-2.3562,1.5708,1.69719,0.7854
1.5708,-0.7854,0,-2.3562,1.5708,1.69752,0.7854
1.5708,-0.7854,0,-2.3562,1.5708,1.69785,0.7854
1.5708,-0.7854,0,-2.3562,1.5708,1.69819,0.7854
1.5708,-0.7854,0,-2.3562,1.5708,1.69853,0.7854
1.5708,-0.7854,0,-2.3562,1.5708,1.69887,0.7854
1.5708,-0.7854,0,-2.3562,1.5708,1.69921,0.7854
1.5708,-0.7854,0,-2.3562,1.5708,1.69955,0.7854
1.5708,-0.7854,0,-2.3562,1.5708,1.6999,0.7854
1.5708,-0.7854,0,-2.3562,1.5708,1.70025,0.7854
1.5708,-0.7854,0,-2.3562,1.5708,1.7006,0.7854
1.5708,-0.7854,0,-2.3562,1.5708,1.70095,0.7854
1.5708,-0.7854,0,-2.3562,1.5708,1.7013,0.7854
1.5708,-0.7854,0,-2.3562,1.5708,1.70166,0.7854
1.5708,-0.7854,0,-2.3562,1.5708,1.70202,0.7854
1.5708,-0.7854,0,-2.3562,1.5708,1.70238,0.7854
1.5708,-0.7854,0,-2.3562,1.5708,1.70274,0.7854
1.5708,-0.7854,0,-2.3562,1.5708,1.7031,0.7854
1.5708,-0.7854,0,-2.3562,1.5708,1.70347,0.7854
1.5708,-0.7854,0,-2.3562,1.5708,1.70383,0.7854
1.5708,-0.7854,0,-2.3562,1.5708,1.7042,0.7854
1.5708,-0.7854,0,-2.3562,1.5708,1.70457,0.7854
1.5708,-0.7854,0,-2.3562,1.5708,1.70495,0.7854
1.5708,-0.7854,0,-2.3562,1.5708,1.70532,0.7854
1.5708,-0.7854,0,-2.3562,1.5708,1.7057,0.7854
1.5708,-0.7854,0,-2.3562,1.5708,1.70608,0.7854
1.5708,-0.7854,0,-2.3562,1.5708,1.70646,0.7854
1.5708,-0.7854,0,-2.3562,1.5708,1.70685,0.7854
1.5708,-0.7854,0,-2.3562,1.5708,1.70723,0.7854
1.5708,-0.7854,0,-2.3562,1.5708,1.70762,0.7854
1.5708,-0.7854,0,-2.3562,1.5708,1.70801,0.7854
1.5708,-0.7854,0,-2.3562,1.5708,1.7084,0.7854
1.5708,-0.7854,0,-2.3562,1.5708,1.7088,0.7854
1.5708,-0.7854,0,-2.3562,1.5708,1.7092,0.7854
1.5708,-0.7854,0,-2.3562,1.5708,1.70959,0.7854
1.5708,-0.7854,0,-2.3562,1.5708,1.70999,0.7854
1.5708,-0.7854,0,-2.3562,1.5708,1.7104,0.7854
1.5708,-0.7854,0,-2.3562,1.5708,1.7108,0.7854
1.5708,-0.7854,0,-2.3562,1.5708,1.71121,0.7854
1.5708,-0.7854,0,-2.3562,1.5708,1.71162,0.7854
1.5708,-0.7854,0,-2.3562,1.5708,1.71203,0.7854
1.5708,-0.7854,0,-2.3562,1.5708,1.71244,0.7854
1.5708,-0.7854,0,-2.3562,1.5708,1.71286,0.7854
1.5708,-0.7854,0,-2.3562,1.5708,1.71327,0.7854
1.5708,-0.7854,0,-2.3562,1.5708,1.71369,0.7854
1.5708,-0.7854,0,-2.3562,1.5708,1.71412,0.7854
1.5708,-0.7854,0,-2.3562,1.5708,1.71454,0.7854
1.5708,-0.7854,0,-2.3562,1.5708,1.71497,0.7854
1.5708,-0.7854,0,-2.3562,1.5708,1.71539,0.7854
1.5708,-0.7854,0,-2.3562,1.5708,1.71582,0.7854
1.5708,-0.7854,0,-2.3562,1.5708,1.71626,0.7854
1.5708,-0.7854,0,-2.3562,1.5708,1.71669,0.7854
1.5708,-0.7854,0,-2.3562,1.5708,1.71713,0.7854
1.5708,-0.7854,0,-2.3562,1.5708,1.71757,0.7854
1.5708,-0.7854,0,-2.3562,1.5708,1.71801,0.7854
1.5708,-0.7854,0,-2.3562,1.5708,1.71845,0.7854
1.5708,-0.7854,0,-2.3562,1.5708,1.7189,0.7854
1.5708,-0.7854,0,-2.3562,1.5708,1.71934,0.7854
1.5708,-0.7854,0,-2.3562,1.5708,1.71979,0.7854
1.5708,-0.7854,0,-2.3562,1.5708,1.72025,0.7854
1.5708,-0.7854,0,-2.3562,1.5708,1.7207,0.7854
1.5708,-0.7854,0,-2.3562,1.5708,1.72116,0.7854
1.5708,-0.7854,0,-2.3562,1.5708,1.72162,0.7854
1.5708,-0.7854,0,-2.3562,1.5708,1.72208,0.7854
1.5708,-0.7854,0,-2.3562,1.5708,1.72254,0.7854
1.5708,-0.7854,0,-2.3562,1.5708,1.723,0.7854
1.5708,-0.7854,0,-2.3562,1.5708,1.72347,0.7854
1.5708,-0.7854,0,-2.3562,1.5708,1.72394,0.7854
1.5708,-0.7854,0,-2.3562,1.5708,1.72441,0.7854
1.5708,-0.7854,0,-2.3562,1.5708,1.72489,0.7854
1.5708,-0.7854,0,-2.3562,1.5708,1.72536,0.7854
1.5708,-0.7854,0,-2.3562,1.5708,1.72584,0.7854
1.5708,-0.7854,0,-2.3562,1.5708,1.72632,0.7854
1.5708,-0.7854,0,-2.3562,1.5708,1.72681,0.7854
1.5708,-0.7854,0,-2.3562,1.5708,1.72729,0.7854
1.5708,-0.7854,0,-2.3562,1.5708,1.72778,0.7854
1.5708,-0.7854,0,-2.3562,1.5708,1.72827,0.7854
1.5708,-0.7854,0,-2.3562,1.5708,1.72876,0.7854
1.5708,-0.7854,0,-2.3562,1.5708,1.72926,0.7854
1.5708,-0.7854,0,-2.3562,1.5708,1.72975,0.7854
1.5708,-0.7854,0,-2.3562,1.5708,1.73025,0.7854
1.5708,-0.7854,0,-2.3562,1.5708,1.73075,0.7854
1.5708,-0.7854,0,-2.3562,1.5708,1.73126,0.7854
1.5708,-0.7854,0,-2.3562,1.5708,1.73176,0.7854
1.5708,-0.7854,0,-2.3562,1.5708,1.73227,0.7854
1.5708,-0.7854,0,-2.3562,1.5708,1.73278,0.7854
1.5708,-0.7854,0,-2.3562,1.5708,1.73329,0.7854
1.5708,-0.7854,0,-2.3562,1.5708,1.73381,0.7854
1.5708,-0.7854,0,-2.3562,1.5708,1.73432,0.7854
1.5708,-0.7854,0,-2.3562,1.5708,1.73484,0.7854
1.5708,-0.7854,0,-2.3562,1.5708,1.73537,0.7854
1.5708,-0.7854,0,-2.3562,1.5708,1.73589,0.7854
1.5708,-0.7854,0,-2.3562,1.5708,1.73642,0.7854
1.5708,-0.7854,0,-2.3562,1.5708,1.73695,0.7854
1.5708,-0.7854,0,-2.3562,1.5708,1.73748,0.7854
1.5708,-0.7854,0,-2.3562,1.5708,1.73801,0.7854
1.5708,-0.7854,0,-2.3562,1.5708,1.73855,0.7854
1.5708,-0.7854,0,-2.3562,1.5708,1.73908,0.7854
1.5708,-0.7854,0,-2.3562,1.5708,1.73962,0.7854
1.5708,-0.7854,0,-2.3562,1.5708,1.74017,0.7854
1.5708,-0.7854,0,-2.3562,1.5708,1.74071,0.7854
1.5708,-0.7854,0,-2.3562,1.5708,1.74126,0.7854
1.5708,-0.7854,0,-2.3562,1.5708,1.74181,0.7854
1.5708,-0.7854,0,-2.3562,1.5708,1.74236,0.7854
1.5708,-0.7854,0,-2.3562,1.5708,1.74291,0.7854
1.5708,-0.7854,0,-2.3562,1.5708,1.74347,0.7854
1.5708,-0.7854,0,-2.3562,1.5708,1.74403,0.7854
1.5708,-0.7854,0,-2.3562,1.5708,1.74459,0.7854
1.5708,-0.7854,0,-2.3562,1.5708,1.74516,0.7854
1.5708,-0.7854,0,-2.3562,1.5708,1.74572,0.7854
1.5708,-0.7854,0,-2.3562,1.5708,1.74629,0.7854
1.5708,-0.7854,0,-2.3562,1.5708,1.74686,0.7854
1.5708,-0.7854,0,-2.3562,1.5708,1.74743,0.7854
1.5708,-0.7854,0,-2.3562,1.5708,1.74801,0.7854
1.5708,-0.7854,0,-2.3562,1.5708,1.74859,0.7854
1.5708,-0.7854,0,-2.3562,1.5708,1.74917,0.7854
1.5708,-0.7854,0,-2.3562,1.5708,1.74975,0.7854
1.5708,-0.7854,0,-2.3562,1.5708,1.75034,0.7854
1.5708,-0.7854,0,-2.3562,1.5708,1.75092,0.7854
1.5708,-0.7854,0,-2.3562,1.5708,1.75151,0.7854
1.5708,-0.7854,0,-2.3562,1.5708,1.7521,0.7854
1.5708,-0.7854,0,-2.3562,1.5708,1.7527,0.7854
1.5708,-0.7854,0,-2.3562,1.5708,1.7533,0.7854
1.5708,-0.7854,0,-2.3562,1.5708,1.7539,0.7854
1.5708,-0.7854,0,-2.3562,1.5708,1.7545,0.7854
1.5708,-0.7854,0,-2.3562,1.5708,1.7551,0.7854
1.5708,-0.7854,0,-2.3562,1.5708,1.75571,0.7854
1.5708,-0.7854,0,-2.3562,1.5708,1.75632,0.7854
1.5708,-0.7854,0,-2.3562,1.5708,1.75693,0.7854
1.5708,-0.7854,0,-2.3562,1.5708,1.75754,0.7854
1.5708,-0.7854,0,-2.3562,1.5708,1.75816,0.7854
1.5708,-0.7854,0,-2.3562,1.5708,1.75878,0.7854
1.5708,-0.7854,0,-2.3562,1.5708,1.7594,0.7854
1.5708,-0.7854,0,-2.3562,1.5708,1.76002,0.7854
1.5708,-0.7854,0,-2.3562,1.5708,1.76065,0.7854
1.5708,-0.7854,0,-2.3562,1.5708,1.76128,0.7854
1.5708,-0.7854,0,-2.3562,1.5708,1.76191,0.7854
1.5708,-0.7854,0,-2.3562,1.5708,1.76254,0.7854
1.5708,-0.7854,0,-2.3562,1.5708,1.76317,0.7854
1.5708,-0.7854,0,-2.3562,1.5708,1.76381,0.7854
1.5708,-0.7854,0,-2.3562,1.5708,1.76445,0.7854
1.5708,-0.7854,0,-2.3562,1.5708,1.7651,0.7854
1.5708,-0.7854,0,-2.3562,1.5708,1.76574,0.7854
1.5708,-0.7854,0,-2.3562,1.5708,1.76639,0.7854
1.5708,-0.7854,0,-2.3562,1.5708,1.76704,0.7854
1.5708,-0.7854,0,-2.3562,1.5708,1.76769,0.7854
1.5708,-0.7854,0,-2.3562,1.5708,1.76835,0.7854
1.5708,-0.7854,0,-2.3562,1.5708,1.769,0.7854
1.5708,-0.7854,0,-2.3562,1.5708,1.76966,0.7854
1.5708,-0.7854,0,-2.3562,1.5708,1.77032,0.7854
1.5708,-0.7854,0,-2.3562,1.5708,1.77099,0.7854
1.5708,-0.7854,0,-2.3562,1.5708,1.77166,0.7854
1.5708,-0.7854,0,-2.3562,1.5708,1.77233,0.7854
1.5708,-0.7854,0,-2.3562,1.5708,1.773,0.7854
1.5708,-0.7854,0,-2.3562,1.5708,1.77367,0.7854
1.5708,-0.7854,0,-2.3562,1.5708,1.77435,0.7854
1.5708,-0.7854,0,-2.3562,1.5708,1.77503,0.7854
1.5708,-0.7854,0,-2.3562,1.5708,1.77571,0.7854
1.5708,-0.7854,0,-2.3562,1.5708,1.77639,0.7854
1.5708,-0.7854,0,-2.3562,1.5708,1.77708,0.7854
1.5708,-0.7854,0,-2.3562,1.5708,1.77777,0.7854
1.5708,-0.7854,0,-2.3562,1.5708,1.77846,0.7854
1.5708,-0.7854,0,-2.3562,1.5708,1.77915,0.7854
1.5708,-0.7854,0,-2.3562,1.5708,1.77985,0.7854
1.5708,-0.7854,0,-2.3562,1.5708,1.78055,0.7854
1.5708,-0.7854,0,-2.3562,1.5708,1.78125,0.7854
1.5708,-0.7854,0,-2.3562,1.5708,1.78196,0.7854
1.5708,-0.7854,0,-2.3562,1.5708,1.78266,0.7854
1.5708,-0.7854,0,-2.3562,1.5708,1.78337,0.7854
1.5708,-0.7854,0,-2.3562,1.5708,1.78408,0.7854
1.5708,-0.7854,0,-2.3562,1.5708,1.7848,0.7854
1.5708,-0.7854,0,-2.3562,1.5708,1.78551,0.7854
1.5708,-0.7854,0,-2.3562,1.5708,1.78623,0.7854
1.5708,-0.7854,0,-2.3562,1.5708,1.78695,0.7854
1.5708,-0.7854,0,-2.3562,1.5708,1.78767,0.7854
1.5708,-0.7854,0,-2.3562,1.5708,1.7884,0.7854
1.5708,-0.7854,0,-2.3562,1.5708,1.78913,0.7854
1.5708,-0.7854,0,-2.3562,1.5708,1.78986,0.7854
1.5708,-0.7854,0,-2.3562,1.5708,1.79059,0.7854
1.5708,-0.7854,0,-2.3562,1.5708,1.79133,0.7854
1.5708,-0.7854,0,-2.3562,1.5708,1.79207,0.7854
1.5708,-0.7854,0,-2.3562,1.5708,1.79281,0.7854
1.5708,-0.7854,0,-2.3562,1.5708,1.79355,0.7854
1.5708,-0.7854,0,-2.3562,1.5708,1.7943,0.7854
1.5708,-0.7854,0,-2.3562,1.5708,1.79504,0.7854
1.5708,-0.7854,0,-2.3562,1.5708,1.79579,0.7854
1.5708,-0.7854,0,-2.3562,1.5708,1.79655,0.7854
1.5708,-0.7854,0,-2.3562,1.5708,1.7973,0.7854
1.5708,-0.7854,0,-2.3562,1.5708,1.79806,0.7854
1.5708,-0.7854,0,-2.3562,1.5708,1.79882,0.7854
1.5708,-0.7854,0,-2.3562,1.5708,1.79958,0.7854
1.5708,-0.7854,0,-2.3562,1.5708,1.80035,0.7854
1.5708,-0.7854,0,-2.3562,1.5708,1.80112,0.7854
1.5708,-0.7854,0,-2.3562,1.5708,1.80189,0.7854
1.5708,-0.7854,0,-2.3562,1.5708,1.80266,0.7854
1.5708,-0.7854,0,-2.3562,1.5708,1.80344,0.7854
1.5708,-0.7854,0,-2.3562,1.5708,1.80421,0.7854
1.5708,-0.7854,0,-2.3562,1.5708,1.80499,0.7854
1.5708,-0.7854,0,-2.3562,1.5708,1.80578,0.7854
1.5708,-0.7854,0,-2.3562,1.5708,1.80656,0.7854
1.5708,-0.7854,0,-2.3562,1.5708,1.80735,0.7854
1.5708,-0.7854,0,-2.3562,1.5708,1.80814,0.7854
1.5708,-0.7854,0,-2.3562,1.5708,1.80893,0.7854
1.5708,-0.7854,0,-2.3562,1.5708,1.80973,0.7854
1.5708,-0.7854,0,-2.3562,1.5708,1.81052,0.7854
1.5708,-0.7854,0,-2.3562,1.5708,1.81132,0.7854
1.5708,-0.7854,0,-2.3562,1.5708,1.81213,0.7854
1.5708,-0.7854,0,-2.3562,1.5708,1.81293,0.7854
1.5708,-0.7854,0,-2.3562,1.5708,1.81374,0.7854
1.5708,-0.7854,0,-2.3562,1.5708,1.81455,0.7854
1.5708,-0.7854,0,-2.3562,1.5708,1.81536,0.7854
1.5708,-0.7854,0,-2.3562,1.5708,1.81617,0.7854
1.5708,-0.7854,0,-2.3562,1.5708,1.81699,0.7854
1.5708,-0.7854,0,-2.3562,1.5708,1.81781,0.7854
1.5708,-0.7854,0,-2.3562,1.5708,1.81863,0.7854
1.5708,-0.7854,0,-2.3562,1.5708,1.81946,0.7854
1.5708,-0.7854,0,-2.3562,1.5708,1.82028,0.7854
1.5708,-0.7854,0,-2.3562,1.5708,1.82111,0.7854
1.5708,-0.7854,0,-2.3562,1.5708,1.82194,0.7854
1.5708,-0.7854,0,-2.3562,1.5708,1.82278,0.7854
1.5708,-0.7854,0,-2.3562,1.5708,1.82362,0.7854
1.5708,-0.7854,0,-2.3562,1.5708,1.82445,0.7854
1.5708,-0.7854,0,-2.3562,1.5708,1.8253,0.7854
1.5708,-0.7854,0,-2.3562,1.5708,1.82614,0.7854
1.5708,-0.7854,0,-2.3562,1.5708,1.82699,0.7854
1.5708,-0.7854,0,-2.3562,1.5708,1.82784,0.7854
1.5708,-0.7854,0,-2.3562,1.5708,1.82869,0.7854
1.5708,-0.7854,0,-2.3562,1.5708,1.82954,0.7854
1.5708,-0.7854,0,-2.3562,1.5708,1.8304,0.7854
1.5708,-0.7854,0,-2.3562,1.5708,1.83126,0.7854
1.5708,-0.7854,0,-2.3562,1.5708,1.83212,0.7854
1.5708,-0.7854,0,-2.3562,1.5708,1.83298,0.7854
1.5708,-0.7854,0,-2.3562,1.5708,1.83385,0.7854
1.5708,-0.7854,0,-2.3562,1.5708,1.83471,0.7854
1.5708,-0.7854,0,-2.3562,1.5708,1.83558,0.7854
1.5708,-0.7854,0,-2.3562,1.5708,1.83646,0.7854
1.5708,-0.7854,0,-2.3562,1.5708,1.83733,0.7854
1.5708,-0.7854,0,-2.3562,1.5708,1.83821,0.7854
1.5708,-0.7854,0,-2.3562,1.5708,1.83909,0.7854
1.5708,-0.7854,0,-2.3562,1.5708,1.83998,0.7854
1.5708,-0.7854,0,-2.3562,1.5708,1.84086,0.7854
1.5708,-0.7854,0,-2.3562,1.5708,1.84175,0.7854
1.5708,-0.7854,0,-2.3562,1.5708,1.84264,0.7854
1.5708,-0.7854,0,-2.3562,1.5708,1.84353,0.7854
1.5708,-0.7854,0,-2.3562,1.5708,1.84443,0.7854
1.5708,-0.7854,0,-2.3562,1.5708,1.84532,0.7854
1.5708,-0.7854,0,-2.3562,1.5708,1.84622,0.7854
1.5708,-0.7854,0,-2.3562,1.5708,1.84713,0.7854
1.5708,-0.7854,0,-2.3562,1.5708,1.84803,0.7854
1.5708,-0.7854,0,-2.3562,1.5708,1.84894,0.7854
1.5708,-0.7854,0,-2.3562,1.5708,1.84985,0.7854
1.5708,-0.7854,0,-2.3562,1.5708,1.85076,0.7854
1.5708,-0.7854,0,-2.3562,1.5708,1.85167,0.7854
1.5708,-0.7854,0,-2.3562,1.5708,1.85259,0.7854
1.5708,-0.7854,0,-2.3562,1.5708,1.85351,0.7854
1.5708,-0.7854,0,-2.3562,1.5708,1.85443,0.7854
1.5708,-0.7854,0,-2.3562,1.5708,1.85535,0.7854
1.5708,-0.7854,0,-2.3562,1.5708,1.85628,0.7854
1.5708,-0.7854,0,-2.3562,1.5708,1.85721,0.7854
1.5708,-0.7854,0,-2.3562,1.5708,1.85814,0.7854
1.5708,-0.7854,0,-2.3562,1.5708,1.85907,0.7854
1.5708,-0.7854,0,-2.3562,1.5708,1.86001,0.7854
1.5708,-0.7854,0,-2.3562,1.5708,1.86095,0.7854
1.5708,-0.7854,0,-2.3562,1.5708,1.86189,0.7854
1.5708,-0.7854,0,-2.3562,1.5708,1.86283,0.7854
1.5708,-0.7854,0,-2.3562,1.5708,1.86378,0.7854
1.5708,-0.7854,0,-2.3562,1.5708,1.86472,0.7854
1.5708,-0.7854,0,-2.3562,1.5708,1.86567,0.7854
1.5708,-0.7854,0,-2.3562,1.5708,1.86663,0.7854
1.5708,-0.7854,0,-2.3562,1.5708,1.86758,0.7854
1.5708,-0.7854,0,-2.3562,1.5708,1.86854,0.7854
1.5708,-0.7854,0,-2.3562,1.5708,1.8695,0.7854
1.5708,-0.7854,0,-2.3562,1.5708,1.87046,0.7854
1.5708,-0.7854,0,-2.3562,1.5708,1.87142,0.7854
1.5708,-0.7854,0,-2.3562,1.5708,1.87239,0.7854
1.5708,-0.7854,0,-2.3562,1.5708,1.87336,0.7854
1.5708,-0.7854,0,-2.3562,1.5708,1.87433,0.7854
1.5708,-0.7854,0,-2.3562,1.5708,1.8753,0.7854
1.5708,-0.7854,0,-2.3562,1.5708,1.87628,0.7854
1.5708,-0.7854,0,-2.3562,1.5708,1.87726,0.7854
1.5708,-0.7854,0,-2.3562,1.5708,1.87824,0.7854
1.5708,-0.7854,0,-2.3562,1.5708,1.87922,0.7854
1.5708,-0.7854,0,-2.3562,1.5708,1.8802,0.7854
1.5708,-0.7854,0,-2.3562,1.5708,1.88119,0.7854
1.5708,-0.7854,0,-2.3562,1.5708,1.88218,0.7854
1.5708,-0.7854,0,-2.3562,1.5708,1.88317,0.7854
1.5708,-0.7854,0,-2.3562,1.5708,1.88417,0.7854
1.5708,-0.7854,0,-2.3562,1.5708,1.88516,0.7854
1.5708,-0.7854,0,-2.3562,1.5708,1.88616,0.7854
1.5708,-0.7854,0,-2.3562,1.5708,1.88716,0.7854
1.5708,-0.7854,0,-2.3562,1.5708,1.88817,0.7854
1.5708,-0.7854,0,-2.3562,1.5708,1.88917,0.7854
1.5708,-0.7854,0,-2.3562,1.5708,1.89018,0.7854
1.5708,-0.7854,0,-2.3562,1.5708,1.89119,0.7854
1.5708,-0.7854,0,-2.3562,1.5708,1.8922,0.7854
1.5708,-0.7854,0,-2.3562,1.5708,1.89322,0.7854
1.5708,-0.7854,0,-2.3562,1.5708,1.89424,0.7854
1.5708,-0.7854,0,-2.3562,1.5708,1.89526,0.7854
1.5708,-0.7854,0,-2.3562,1.5708,1.89628,0.7854
1.5708,-0.7854,0,-2.3562,1.5708,1.8973,0.7854
1.5708,-0.7854,0,-2.3562,1.5708,1.89833,0.7854
1.5708,-0.7854,0,-2.3562,1.5708,1.89936,0.7854
1.5708,-0.7854,0,-2.3562,1.5708,1.90039,0.7854
1.5708,-0.7854,0,-2.3562,1.5708,1.90142,0.7854
1.5708,-0.7854,0,-2.3562,1.5708,1.90245,0.7854
1.5708,-0.7854,0,-2.3562,1.5708,1.90349,0.7854
1.5708,-0.7854,0,-2.3562,1.5708,1.90453,0.7854
1.5708,-0.7854,0,-2.3562,1.5708,1.90557,0.7854
1.5708,-0.7854,0,-2.3562,1.5708,1.90662,0.7854
1.5708,-0.7854,0,-2.3562,1.5708,1.90766,0.7854
1.5708,-0.7854,0,-2.3562,1.5708,1.90871,0.7854
1.5708,-0.7854,0,-2.3562,1.5708,1.90976,0.7854
1.5708,-0.7854,0,-2.3562,1.5708,1.91081,0.7854
1.5708,-0.7854,0,-2.3562,1.5708,1.91187,0.7854
1.5708,-0.7854,0,-2.3562,1.5708,1.91293,0.7854
1.5708,-0.7854,0,-2.3562,1.5708,1.91399,0.7854
1.5708,-0.7854,0,-2.3562,1.5708,1.91505,0.7854
1.5708,-0.7854,0,-2.3562,1.5708,1.91611,0.7854
1.5708,-0.7854,0,-2.3562,1.5708,1.91718,0.7854
1.5708,-0.7854,0,-2.3562,1.5708,1.91825,0.7854
1.5708,-0.7854,0,-2.3562,1.5708,1.91932,0.7854
1.5708,-0.7854,0,-2.3562,1.5708,1.92039,0.7854
1.5708,-0.7854,0,-2.3562,1.5708,1.92146,0.7854
1.5708,-0.7854,0,-2.3562,1.5708,1.92254,0.7854
1.5708,-0.7854,0,-2.3562,1.5708,1.92362,0.7854
1.5708,-0.7854,0,-2.3562,1.5708,1.9247,0.7854
1.5708,-0.7854,0,-2.3562,1.5708,1.92578,0.7854
1.5708,-0.7854,0,-2.3562,1.5708,1.92687,0.7854
1.5708,-0.7854,0,-2.3562,1.5708,1.92796,0.7854
1.5708,-0.7854,0,-2.3562,1.5708,1.92905,0.7854
1.5708,-0.7854,0,-2.3562,1.5708,1.93014,0.7854
1.5708,-0.7854,0,-2.3562,1.5708,1.93123,0.7854
1.5708,-0.7854,0,-2.3562,1.5708,1.93233,0.7854
1.5708,-0.7854,0,-2.3562,1.5708,1.93342,0.7854
1.5708,-0.7854,0,-2.3562,1.5708,1.93452,0.7854
1.5708,-0.7854,0,-2.3562,1.5708,1.93563,0.7854
1.5708,-0.7854,0,-2.3562,1.5708,1.93673,0.7854
1.5708,-0.7854,0,-2.3562,1.5708,1.93784,0.7854
1.5708,-0.7854,0,-2.3562,1.5708,1.93895,0.7854
1.5708,-0.7854,0,-2.3562,1.5708,1.94006,0.7854
1.5708,-0.7854,0,-2.3562,1.5708,1.94117,0.7854
1.5708,-0.7854,0,-2.3562,1.5708,1.94228,0.7854
1.5708,-0.7854,0,-2.3562,1.5708,1.9434,0.7854
1.5708,-0.7854,0,-2.3562,1.5708,1.94452,0.7854
1.5708,-0.7854,0,-2.3562,1.5708,1.94564,0.7854
1.5708,-0.7854,0,-2.3562,1.5708,1.94676,0.7854
1.5708,-0.7854,0,-2.3562,1.5708,1.94789,0.7854
1.5708,-0.7854,0,-2.3562,1.5708,1.94902,0.7854
1.5708,-0.7854,0,-2.3562,1.5708,1.95014,0.7854
1.5708,-0.7854,0,-2.3562,1.5708,1.95128,0.7854
1.5708,-0.7854,0,-2.3562,1.5708,1.95241,0.7854
1.5708,-0.7854,0,-2.3562,1.5708,1.95354,0.7854
1.5708,-0.7854,0,-2.3562,1.5708,1.95468,0.7854
1.5708,-0.7854,0,-2.3562,1.5708,1.95582,0.7854
1.5708,-0.7854,0,-2.3562,1.5708,1.95696,0.7854
1.5708,-0.7854,0,-2.3562,1.5708,1.9581,0.7854
1.5708,-0.7854,0,-2.3562,1.5708,1.95925,0.7854
1.5708,-0.7854,0,-2.3562,1.5708,1.9604,0.7854
1.5708,-0.7854,0,-2.3562,1.5708,1.96155,0.7854
1.5708,-0.7854,0,-2.3562,1.5708,1.9627,0.7854
1.5708,-0.7854,0,-2.3562,1.5708,1.96385,0.7854
1.5708,-0.7854,0,-2.3562,1.5708,1.965,0.7854
1.5708,-0.7854,0,-2.3562,1.5708,1.96616,0.7854
1.5708,-0.7854,0,-2.3562,1.5708,1.96732,0.7854
1.5708,-0.7854,0,-2.3562,1.5708,1.96848,0.7854
1.5708,-0.7854,0,-2.3562,1.5708,1.96964,0.7854
1.5708,-0.7854,0,-2.3562,1.5708,1.97081,0.7854
1.5708,-0.7854,0,-2.3562,1.5708,1.97197,0.7854
1.5708,-0.7854,0,-2.3562,1.5708,1.97314,0.7854
1.5708,-0.7854,0,-2.3562,1.5708,1.97431,0.7854
1.5708,-0.7854,0,-2.3562,1.5708,1.97549,0.7854
1.5708,-0.7854,0,-2.3562,1.5708,1.97666,0.7854
1.5708,-0.7854,0,-2.3562,1.5708,1.97784,0.7854
1.5708,-0.7854,0,-2.3562,1.5708,1.97901,0.7854
1.5708,-0.7854,0,-2.3562,1.5708,1.98019,0.7854
1.5708,-0.7854,0,-2.3562,1.5708,1.98137,0.7854
1.5708,-0.7854,0,-2.3562,1.5708,1.98256,0.7854
1.5708,-0.7854,0,-2.3562,1.5708,1.98374,0.7854
1.5708,-0.7854,0,-2.3562,1.5708,1.98493,0.7854
1.5708,-0.7854,0,-2.3562,1.5708,1.98612,0.7854
1.5708,-0.7854,0,-2.3562,1.5708,1.98731,0.7854
1.5708,-0.7854,0,-2.3562,1.5708,1.9885,0.7854
1.5708,-0.7854,0,-2.3562,1.5708,1.9897,0.7854
1.5708,-0.7854,0,-2.3562,1.5708,1.99089,0.7854
1.5708,-0.7854,0,-2.3562,1.5708,1.99209,0.7854
1.5708,-0.7854,0,-2.3562,1.5708,1.99329,0.7854
1.5708,-0.7854,0,-2.3562,1.5708,1.99449,0.7854
1.5708,-0.7854,0,-2.3562,1.5708,1.9957,0.7854
1.5708,-0.7854,0,-2.3562,1.5708,1.9969,0.7854
1.5708,-0.7854,0,-2.3562,1.5708,1.99811,0.7854
1.5708,-0.7854,0,-2.3562,1.5708,1.99932,0.7854
1.5708,-0.7854,0,-2.3562,1.5708,2.00053,0.7854
1.5708,-0.7854,0,-2.3562,1.5708,2.00174,0.7854
1.5708,-0.7854,0,-2.3562,1.5708,2.00296,0.7854
1.5708,-0.7854,0,-2.3562,1.5708,2.00417,0.7854
1.5708,-0.7854,0,-2.3562,1.5708,2.00539,0.7854
1.5708,-0.7854,0,-2.3562,1.5708,2.00661,0.7854
1.5708,-0.7854,0,-2.3562,1.5708,2.00783,0.7854
1.5708,-0.7854,0,-2.3562,1.5708,2.00905,0.7854
1.5708,-0.7854,0,-2.3562,1.5708,2.01028,0.7854
1.5708,-0.7854,0,-2.3562,1.5708,2.0115,0.7854
1.5708,-0.7854,0,-2.3562,1.5708,2.01273,0.7854
1.5708,-0.7854,0,-2.3562,1.5708,2.01396,0.7854
1.5708,-0.7854,0,-2.3562,1.5708,2.01519,0.7854
1.5708,-0.7854,0,-2.3562,1.5708,2.01642,0.7854
1.5708,-0.7854,0,-2.3562,1.5708,2.01766,0.7854
1.5708,-0.7854,0,-2.3562,1.5708,2.0189,0.7854
1.5708,-0.7854,0,-2.3562,1.5708,2.02013,0.7854
1.5708,-0.7854,0,-2.3562,1.5708,2.02137,0.7854
1.5708,-0.7854,0,-2.3562,1.5708,2.02261,0.7854
1.5708,-0.7854,0,-2.3562,1.5708,2.02386,0.7854
1.5708,-0.7854,0,-2.3562,1.5708,2.0251,0.7854
1.5708,-0.7854,0,-2.3562,1.5708,2.02635,0.7854
1.5708,-0.7854,0,-2.3562,1.5708,2.0276,0.7854
1.5708,-0.7854,0,-2.3562,1.5708,2.02885,0.7854
1.5708,-0.7854,0,-2.3562,1.5708,2.0301,0.7854
1.5708,-0.7854,0,-2.3562,1.5708,2.03135,0.7854
1.5708,-0.7854,0,-2.3562,1.5708,2.0326,0.7854
1.5708,-0.7854,0,-2.3562,1.5708,2.03386,0.7854
1.5708,-0.7854,0,-2.3562,1.5708,2.03512,0.7854
1.5708,-0.7854,0,-2.3562,1.5708,2.03637,0.7854
1.5708,-0.7854,0,-2.3562,1.5708,2.03763,0.7854
1.5708,-0.7854,0,-2.3562,1.5708,2.0389,0.7854
1.5708,-0.7854,0,-2.3562,1.5708,2.04016,0.7854
1.5708,-0.7854,0,-2.3562,1.5708,2.04142,0.7854
1.5708,-0.7854,0,-2.3562,1.5708,2.04269,0.7854
1.5708,-0.7854,0,-2.3562,1.5708,2.04396,0.7854
1.5708,-0.7854,0,-2.3562,1.5708,2.04523,0.7854
1.5708,-0.7854,0,-2.3562,1.5708,2.0465,0.7854
1.5708,-0.7854,0,-2.3562,1.5708,2.04777,0.7854
1.5708,-0.7854,0,-2.3562,1.5708,2.04905,0.7854
1.5708,-0.7854,0,-2.3562,1.5708,2.05032,0.7854
1.5708,-0.7854,0,-2.3562,1.5708,2.0516,0.7854
1.5708,-0.7854,0,-2.3562,1.5708,2.05288,0.7854
1.5708,-0.7854,0,-2.3562,1.5708,2.05416,0.7854
1.5708,-0.7854,0,-2.3562,1.5708,2.05544,0.7854
1.5708,-0.7854,0,-2.3562,1.5708,2.05672,0.7854
1.5708,-0.7854,0,-2.3562,1.5708,2.058,0.7854
1.5708,-0.7854,0,-2.3562,1.5708,2.05929,0.7854
1.5708,-0.7854,0,-2.3562,1.5708,2.06058,0.7854
1.5708,-0.7854,0,-2.3562,1.5708,2.06187,0.7854
1.5708,-0.7854,0,-2.3562,1.5708,2.06316,0.7854
1.5708,-0.7854,0,-2.3562,1.5708,2.06445,0.7854
1.5708,-0.7854,0,-2.3562,1.5708,2.06574,0.7854
1.5708,-0.7854,0,-2.3562,1.5708,2.06703,0.7854
1.5708,-0.7854,0,-2.3562,1.5708,2.06833,0.7854
1.5708,-0.7854,0,-2.3562,1.5708,2.06962,0.7854
1.5708,-0.7854,0,-2.3562,1.5708,2.07092,0.7854
1.5708,-0.7854,0,-2.3562,1.5708,2.07222,0.7854
1.5708,-0.7854,0,-2.3562,1.5708,2.07352,0.7854
1.5708,-0.7854,0,-2.3562,1.5708,2.07482,0.7854
1.5708,-0.7854,0,-2.3562,1.5708,2.07613,0.7854
1.5708,-0.7854,0,-2.3562,1.5708,2.07743,0.7854
1.5708,-0.7854,0,-2.3562,1.5708,2.07874,0.7854
1.5708,-0.7854,0,-2.3562,1.5708,2.08005,0.7854
1.5708,-0.7854,0,-2.3562,1.5708,2.08135,0.7854
1.5708,-0.7854,0,-2.3562,1.5708,2.08266,0.7854
1.5708,-0.7854,0,-2.3562,1.5708,2.08397,0.7854
1.5708,-0.7854,0,-2.3562,1.5708,2.08529,0.7854
1.5708,-0.7854,0,-2.3562,1.5708,2.0866,0.7854
1.5708,-0.7854,0,-2.3562,1.5708,2.08791,0.7854
1.5708,-0.7854,0,-2.3562,1.5708,2.08923,0.7854
1.5708,-0.7854,0,-2.3562,1.5708,2.09055,0.7854
1.5708,-0.7854,0,-2.3562,1.5708,2.09187,0.7854
1.5708,-0.7854,0,-2.3562,1.5708,2.09319,0.7854
1.5708,-0.7854,0,-2.3562,1.5708,2.09451,0.7854
1.5708,-0.7854,0,-2.3562,1.5708,2.09583,0.7854
1.5708,-0.7854,0,-2.3562,1.5708,2.09715,0.7854
1.5708,-0.7854,0,-2.3562,1.5708,2.09848,0.7854
1.5708,-0.7854,0,-2.3562,1.5708,2.0998,0.7854
1.5708,-0.7854,0,-2.3562,1.5708,2.10113,0.7854
1.5708,-0.7854,0,-2.3562,1.5708,2.10246,0.7854
1.5708,-0.7854,0,-2.3562,1.5708,2.10378,0.7854
1.5708,-0.7854,0,-2.3562,1.5708,2.10511,0.7854
1.5708,-0.7854,0,-2.3562,1.5708,2.10645,0.7854
1.5708,-0.7854,0,-2.3562,1.5708,2.10778,0.7854
1.5708,-0.7854,0,-2.3562,1.5708,2.10911,0.7854
1.5708,-0.7854,0,-2.3562,1.5708,2.11045,0.7854
1.5708,-0.7854,0,-2.3562,1.5708,2.11178,0.7854
1.5708,-0.7854,0,-2.3562,1.5708,2.11312,0.7854
1.5708,-0.7854,0,-2.3562,1.5708,2.11446,0.7854
1.5708,-0.7854,0,-2.3562,1.5708,2.11579,0.7854
1.5708,-0.7854,0,-2.3562,1.5708,2.11713,0.7854
1.5708,-0.7854,0,-2.3562,1.5708,2.11848,0.7854
1.5708,-0.7854,0,-2.3562,1.5708,2.11982,0.7854
1.5708,-0.7854,0,-2.3562,1.5708,2.12116,0.7854
1.5708,-0.7854,0,-2.3562,1.5708,2.1225,0.7854
1.5708,-0.7854,0,-2.3562,1.5708,2.12385,0.7854
1.5708,-0.7854,0,-2.3562,1.5708,2.12519,0.7854
1.5708,-0.7854,0,-2.3562,1.5708,2.12654,0.7854
1.5708,-0.7854,0,-2.3562,1.5708,2.12789,0.7854
1.5708,-0.7854,0,-2.3562,1.5708,2.12924,0.7854
1.5708,-0.7854,0,-2.3562,1.5708,2.13059,0.7854
1.5708,-0.7854,0,-2.3562,1.5708,2.13194,0.7854
1.5708,-0.7854,0,-2.3562,1.5708,2.13329,0.7854
1.5708,-0.7854,0,-2.3562,1.5708,2.13464,0.7854
1.5708,-0.7854,0,-2.3562,1.5708,2.136,0.7854
1.5708,-0.7854,0,-2.3562,1.5708,2.13735,0.7854
1.5708,-0.7854,0,-2.3562,1.5708,2.13871,0.7854
1.5708,-0.7854,0,-2.3562,1.5708,2.14006,0.7854
1.5708,-0.7854,0,-2.3562,1.5708,2.14142,0.7854
1.5708,-0.7854,0,-2.3562,1.5708,2.14278,0.7854
1.5708,-0.7854,0,-2.3562,1.5708,2.14414,0.7854
1.5708,-0.7854,0,-2.3562,1.5708,2.1455,0.7854
1.5708,-0.7854,0,-2.3562,1.5708,2.14686,0.7854
1.5708,-0.7854,0,-2.3562,1.5708,2.14822,0.7854
1.5708,-0.7854,0,-2.3562,1.5708,2.14958,0.7854
1.5708,-0.7854,0,-2.3562,1.5708,2.15094,0.7854
1.5708,-0.7854,0,-2.3562,1.5708,2.15231,0.7854
1.5708,-0.7854,0,-2.3562,1.5708,2.15367,0.7854
1.5708,-0.7854,0,-2.3562,1.5708,2.15504,0.7854
1.5708,-0.7854,0,-2.3562,1.5708,2.15641,0.7854
1.5708,-0.7854,0,-2.3562,1.5708,2.15777,0.7854
1.5708,-0.7854,0,-2.3562,1.5708,2.15914,0.7854
1.5708,-0.7854,0,-2.3562,1.5708,2.16051,0.7854
1.5708,-0.7854,0,-2.3562,1.5708,2.16188,0.7854
1.5708,-0.7854,0,-2.3562,1.5708,2.16325,0.7854
1.5708,-0.7854,0,-2.3562,1.5708,2.16462,0.7854
1.5708,-0.7854,0,-2.3562,1.5708,2.16599,0.7854
1.5708,-0.7854,0,-2.3562,1.5708,2.16736,0.7854
1.5708,-0.7854,0,-2.3562,1.5708,2.16874,0.7854
1.5708,-0.7854,0,-2.3562,1.5708,2.17011,0.7854
1.5708,-0.7854,0,-2.3562,1.5708,2.17148,0.7854
1.5708,-0.7854,0,-2.3562,1.5708,2.17286,0.7854
1.5708,-0.7854,0,-2.3562,1.5708,2.17424,0.7854
1.5708,-0.7854,0,-2.3562,1.5708,2.17561,0.7854
1.5708,-0.7854,0,-2.3562,1.5708,2.17699,0.7854
1.5708,-0.7854,0,-2.3562,1.5708,2.17837,0.7854
1.5708,-0.7854,0,-2.3562,1.5708,2.17975,0.7854
1.5708,-0.7854,0,-2.3562,1.5708,2.18112,0.7854
1.5708,-0.7854,0,-2.3562,1.5708,2.1825,0.7854
1.5708,-0.7854,0,-2.3562,1.5708,2.18388,0.7854
1.5708,-0.7854,0,-2.3562,1.5708,2.18526,0.7854
1.5708,-0.7854,0,-2.3562,1.5708,2.18665,0.7854
1.5708,-0.7854,0,-2.3562,1.5708,2.18803,0.7854
1.5708,-0.7854,0,-2.3562,1.5708,2.18941,0.7854
1.5708,-0.7854,0,-2.3562,1.5708,2.19079,0.7854
1.5708,-0.7854,0,-2.3562,1.5708,2.19218,0.7854
1.5708,-0.7854,0,-2.3562,1.5708,2.19356,0.7854
1.5708,-0.7854,0,-2.3562,1.5708,2.19495,0.7854
1.5708,-0.7854,0,-2.3562,1.5708,2.19633,0.7854
1.5708,-0.7854,0,-2.3562,1.5708,2.19772,0.7854
1.5708,-0.7854,0,-2.3562,1.5708,2.1991,0.7854
1.5708,-0.7854,0,-2.3562,1.5708,2.20049,0.7854
1.5708,-0.7854,0,-2.3562,1.5708,2.20188,0.7854
1.5708,-0.7854,0,-2.3562,1.5708,2.20326,0.7854
1.5708,-0.7854,0,-2.3562,1.5708,2.20465,0.7854
1.5708,-0.7854,0,-2.3562,1.5708,2.20604,0.7854
1.5708,-0.7854,0,-2.3562,1.5708,2.20743,0.7854
1.5708,-0.7854,0,-2.3562,1.5708,2.20882,0.7854
1.5708,-0.7854,0,-2.3562,1.5708,2.21021,0.7854
1.5708,-0.7854,0,-2.3562,1.5708,2.2116,0.7854
1.5708,-0.7854,0,-2.3562,1.5708,2.21299,0.7854
1.5708,-0.7854,0,-2.3562,1.5708,2.21438,0.7854
1.5708,-0.7854,0,-2.3562,1.5708,2.21577,0.7854
1.5708,-0.7854,0,-2.3562,1.5708,2.21716,0.7854
1.5708,-0.7854,0,-2.3562,1.5708,2.21855,0.7854
1.5708,-0.7854,0,-2.3562,1.5708,2.21995,0.7854
1.5708,-0.7854,0,-2.3562,1.5708,2.22134,0.7854
1.5708,-0.7854,0,-2.3562,1.5708,2.22273,0.7854
1.5708,-0.7854,0,-2.3562,1.5708,2.22413,0.7854
1.5708,-0.7854,0,-2.3562,1.5708,2.22552,0.7854
1.5708,-0.7854,0,-2.3562,1.5708,2.22691,0.7854
1.5708,-0.7854,0,-2.3562,1.5708,2.22831,0.7854
1.5708,-0.7854,0,-2.3562,1.5708,2.2297,0.7854
1.5708,-0.7854,0,-2.3562,1.5708,2.2311,0.7854
1.5708,-0.7854,0,-2.3562,1.5708,2.23249,0.7854
1.5708,-0.7854,0,-2.3562,1.5708,2.23389,0.7854
1.5708,-0.7854,0,-2.3562,1.5708,2.23528,0.7854
1.5708,-0.7854,0,-2.3562,1.5708,2.23668,0.7854
1.5708,-0.7854,0,-2.3562,1.5708,2.23808,0.7854
1.5708,-0.7854,0,-2.3562,1.5708,2.23947,0.7854
1.5708,-0.7854,0,-2.3562,1.5708,2.24087,0.7854
1.5708,-0.7854,0,-2.3562,1.5708,2.24227,0.7854
1.5708,-0.7854,0,-2.3562,1.5708,2.24366,0.7854
1.5708,-0.7854,0,-2.3562,1.5708,2.24506,0.7854
1.5708,-0.7854,0,-2.3562,1.5708,2.24646,0.7854
1.5708,-0.7854,0,-2.3562,1.5708,2.24785,0.7854
1.5708,-0.7854,0,-2.3562,1.5708,2.24925,0.7854
1.5708,-0.7854,0,-2.3562,1.5708,2.25065,0.7854
1.5708,-0.7854,0,-2.3562,1.5708,2.25205,0.7854
1.5708,-0.7854,0,-2.3562,1.5708,2.25345,0.7854
1.5708,-0.7854,0,-2.3562,1.5708,2.25484,0.7854
1.5708,-0.7854,0,-2.3562,1.5708,2.25624,0.7854
1.5708,-0.7854,0,-2.3562,1.5708,2.25764,0.7854
1.5708,-0.7854,0,-2.3562,1.5708,2.25904,0.7854
1.5708,-0.7854,0,-2.3562,1.5708,2.26044,0.7854
1.5708,-0.7854,0,-2.3562,1.5708,2.26184,0.7854
1.5708,-0.7854,0,-2.3562,1.5708,2.26323,0.7854
1.5708,-0.7854,0,-2.3562,1.5708,2.26463,0.7854
1.5708,-0.7854,0,-2.3562,1.5708,2.26603,0.7854
1.5708,-0.7854,0,-2.3562,1.5708,2.26743,0.7854
1.5708,-0.7854,0,-2.3562,1.5708,2.26883,0.7854
1.5708,-0.7854,0,-2.3562,1.5708,2.27023,0.7854
1.5708,-0.7854,0,-2.3562,1.5708,2.27163,0.7854
1.5708,-0.7854,0,-2.3562,1.5708,2.27302,0.7854
1.5708,-0.7854,0,-2.3562,1.5708,2.27442,0.7854
1.5708,-0.7854,0,-2.3562,1.5708,2.27582,0.7854
1.5708,-0.7854,0,-2.3562,1.5708,2.27722,0.7854
1.5708,-0.7854,0,-2.3562,1.5708,2.27862,0.7854
1.5708,-0.7854,0,-2.3562,1.5708,2.28002,0.7854
1.5708,-0.7854,0,-2.3562,1.5708,2.28141,0.7854
1.5708,-0.7854,0,-2.3562,1.5708,2.28281,0.7854
1.5708,-0.7854,0,-2.3562,1.5708,2.28421,0.7854
1.5708,-0.7854,0,-2.3562,1.5708,2.28561,0.7854
1.5708,-0.7854,0,-2.3562,1.5708,2.28701,0.7854
1.5708,-0.7854,0,-2.3562,1.5708,2.2884,0.7854
1.5708,-0.7854,0,-2.3562,1.5708,2.2898,0.7854
1.5708,-0.7854,0,-2.3562,1.5708,2.2912,0.7854
1.5708,-0.7854,0,-2.3562,1.5708,2.2926,0.7854
1.5708,-0.7854,0,-2.3562,1.5708,2.29399,0.7854
1.5708,-0.7854,0,-2.3562,1.5708,2.29539,0.7854
1.5708,-0.7854,0,-2.3562,1.5708,2.29679,0.7854
1.5708,-0.7854,0,-2.3562,1.5708,2.29818,0.7854
1.5708,-0.7854,0,-2.3562,1.5708,2.29958,0.7854
1.5708,-0.7854,0,-2.3562,1.5708,2.30098,0.7854
1.5708,-0.7854,0,-2.3562,1.5708,2.30237,0.7854
1.5708,-0.7854,0,-2.3562,1.5708,2.30377,0.7854
1.5708,-0.7854,0,-2.3562,1.5708,2.30516,0.7854
1.5708,-0.7854,0,-2.3562,1.5708,2.30656,0.7854
1.5708,-0.7854,0,-2.3562,1.5708,2.30795,0.7854
1.5708,-0.7854,0,-2.3562,1.5708,2.30935,0.7854
1.5708,-0.7854,0,-2.3562,1.5708,2.31074,0.7854
1.5708,-0.7854,0,-2.3562,1.5708,2.31214,0.7854
1.5708,-0.7854,0,-2.3562,1.5708,2.31353,0.7854
1.5708,-0.7854,0,-2.3562,1.5708,2.31492,0.7854
1.5708,-0.7854,0,-2.3562,1.5708,2.31632,0.7854
1.5708,-0.7854,0,-2.3562,1.5708,2.31771,0.7854
1.5708,-0.7854,0,-2.3562,1.5708,2.3191,0.7854
1.5708,-0.7854,0,-2.3562,1.5708,2.32049,0.7854
1.5708,-0.7854,0,-2.3562,1.5708,2.32189,0.7854
1.5708,-0.7854,0,-2.3562,1.5708,2.32328,0.7854
1.5708,-0.7854,0,-2.3562,1.5708,2.32467,0.7854
1.5708,-0.7854,0,-2.3562,1.5708,2.32606,0.7854
1.5708,-0.7854,0,-2.3562,1.5708,2.32745,0.7854
1.5708,-0.7854,0,-2.3562,1.5708,2.32884,0.7854
1.5708,-0.7854,0,-2.3562,1.5708,2.33023,0.7854
1.5708,-0.7854,0,-2.3562,1.5708,2.33162,0.7854
1.5708,-0.7854,0,-2.3562,1.5708,2.33301,0.7854
1.5708,-0.7854,0,-2.3562,1.5708,2.33439,0.7854
1.5708,-0.7854,0,-2.3562,1.5708,2.33578,0.7854
1.5708,-0.7854,0,-2.3562,1.5708,2.33717,0.7854
1.5708,-0.7854,0,-2.3562,1.5708,2.33856,0.7854
1.5708,-0.7854,0,-2.3562,1.5708,2.33994,0.7854
1.5708,-0.7854,0,-2.3562,1.5708,2.34133,0.7854
1.5708,-0.7854,0,-2.3562,1.5708,2.34271,0.7854
1.5708,-0.7854,0,-2.3562,1.5708,2.3441,0.7854
1.5708,-0.7854,0,-2.3562,1.5708,2.34548,0.7854
1.5708,-0.7854,0,-2.3562,1.5708,2.34687,0.7854
1.5708,-0.7854,0,-2.3562,1.5708,2.34825,0.7854
1.5708,-0.7854,0,-2.3562,1.5708,2.34963,0.7854
1.5708,-0.7854,0,-2.3562,1.5708,2.35101,0.7854
1.5708,-0.7854,0,-2.3562,1.5708,2.35239,0.7854
1.5708,-0.7854,0,-2.3562,1.5708,2.35378,0.7854
1.5708,-0.7854,0,-2.3562,1.5708,2.35516,0.7854
1.5708,-0.7854,0,-2.3562,1.5708,2.35654,0.7854
1.5708,-0.7854,0,-2.3562,1.5708,2.35791,0.7854
1.5708,-0.7854,0,-2.3562,1.5708,2.35929,0.7854
1.5708,-0.7854,0,-2.3562,1.5708,2.36067,0.7854
1.5708,-0.7854,0,-2.3562,1.5708,2.36205,0.7854
1.5708,-0.7854,0,-2.3562,1.5708,2.36342,0.7854
1.5708,-0.7854,0,-2.3562,1.5708,2.3648,0.7854
1.5708,-0.7854,0,-2.3562,1.5708,2.36618,0.7854
1.5708,-0.7854,0,-2.3562,1.5708,2.36755,0.7854
1.5708,-0.7854,0,-2.3562,1.5708,2.36892,0.7854
1.5708,-0.7854,0,-2.3562,1.5708,2.3703,0.7854
1.5708,-0.7854,0,-2.3562,1.5708,2.37167,0.7854
1.5708,-0.7854,0,-2.3562,1.5708,2.37304,0.7854
1.5708,-0.7854,0,-2.3562,1.5708,2.37441,0.7854
1.5708,-0.7854,0,-2.3562,1.5708,2.37578,0.7854
1.5708,-0.7854,0,-2.3562,1.5708,2.37715,0.7854
1.5708,-0.7854,0,-2.3562,1.5708,2.37852,0.7854
1.5708,-0.7854,0,-2.3562,1.5708,2.37989,0.7854
1.5708,-0.7854,0,-2.3562,1.5708,2.38126,0.7854
1.5708,-0.7854,0,-2.3562,1.5708,2.38262,0.7854
1.5708,-0.7854,0,-2.3562,1.5708,2.38399,0.7854
1.5708,-0.7854,0,-2.3562,1.5708,2.38535,0.7854
1.5708,-0.7854,0,-2.3562,1.5708,2.38672,0.7854
1.5708,-0.7854,0,-2.3562,1.5708,2.38808,0.7854
1.5708,-0.7854,0,-2.3562,1.5708,2.38944,0.7854
1.5708,-0.7854,0,-2.3562,1.5708,2.3908,0.7854
1.5708,-0.7854,0,-2.3562,1.5708,2.39217,0.7854
1.5708,-0.7854,0,-2.3562,1.5708,2.39353,0.7854
1.5708,-0.7854,0,-2.3562,1.5708,2.39488,0.7854
1.5708,-0.7854,0,-2.3562,1.5708,2.39624,0.7854
1.5708,-0.7854,0,-2.3562,1.5708,2.3976,0.7854
1.5708,-0.7854,0,-2.3562,1.5708,2.39896,0.7854
1.5708,-0.7854,0,-2.3562,1.5708,2.40031,0.7854
1.5708,-0.7854,0,-2.3562,1.5708,2.40167,0.7854
1.5708,-0.7854,0,-2.3562,1.5708,2.40302,0.7854
1.5708,-0.7854,0,-2.3562,1.5708,2.40437,0.7854
1.5708,-0.7854,0,-2.3562,1.5708,2.40573,0.7854
1.5708,-0.7854,0,-2.3562,1.5708,2.40708,0.7854
1.5708,-0.7854,0,-2.3562,1.5708,2.40843,0.7854
1.5708,-0.7854,0,-2.3562,1.5708,2.40978,0.7854
1.5708,-0.7854,0,-2.3562,1.5708,2.41112,0.7854
1.5708,-0.7854,0,-2.3562,1.5708,2.41247,0.7854
1.5708,-0.7854,0,-2.3562,1.5708,2.41382,0.7854
1.5708,-0.7854,0,-2.3562,1.5708,2.41516,0.7854
1.5708,-0.7854,0,-2.3562,1.5708,2.41651,0.7854
1.5708,-0.7854,0,-2.3562,1.5708,2.41785,0.7854
1.5708,-0.7854,0,-2.3562,1.5708,2.41919,0.7854
1.5708,-0.7854,0,-2.3562,1.5708,2.42053,0.7854
1.5708,-0.7854,0,-2.3562,1.5708,2.42187,0.7854
1.5708,-0.7854,0,-2.3562,1.5708,2.42321,0.7854
1.5708,-0.7854,0,-2.3562,1.5708,2.42455,0.7854
1.5708,-0.7854,0,-2.3562,1.5708,2.42589,0.7854
1.5708,-0.7854,0,-2.3562,1.5708,2.42722,0.7854
1.5708,-0.7854,0,-2.3562,1.5708,2.42856,0.7854
1.5708,-0.7854,0,-2.3562,1.5708,2.42989,0.7854
1.5708,-0.7854,0,-2.3562,1.5708,2.43122,0.7854
1.5708,-0.7854,0,-2.3562,1.5708,2.43255,0.7854
1.5708,-0.7854,0,-2.3562,1.5708,2.43388,0.7854
1.5708,-0.7854,0,-2.3562,1.5708,2.43521,0.7854
1.5708,-0.7854,0,-2.3562,1.5708,2.43654,0.7854
1.5708,-0.7854,0,-2.3562,1.5708,2.43787,0.7854
1.5708,-0.7854,0,-2.3562,1.5708,2.43919,0.7854
1.5708,-0.7854,0,-2.3562,1.5708,2.44052,0.7854
1.5708,-0.7854,0,-2.3562,1.5708,2.44184,0.7854
1.5708,-0.7854,0,-2.3562,1.5708,2.44316,0.7854
1.5708,-0.7854,0,-2.3562,1.5708,2.44448,0.7854
1.5708,-0.7854,0,-2.3562,1.5708,2.4458,0.7854
1.5708,-0.7854,0,-2.3562,1.5708,2.44712,0.7854
1.5708,-0.7854,0,-2.3562,1.5708,2.44844,0.7854
1.5708,-0.7854,0,-2.3562,1.5708,2.44976,0.7854
1.5708,-0.7854,0,-2.3562,1.5708,2.45107,0.7854
1.5708,-0.7854,0,-2.3562,1.5708,2.45238,0.7854
1.5708,-0.7854,0,-2.3562,1.5708,2.4537,0.7854
1.5708,-0.7854,0,-2.3562,1.5708,2.45501,0.7854
1.5708,-0.7854,0,-2.3562,1.5708,2.45632,0.7854
1.5708,-0.7854,0,-2.3562,1.5708,2.45763,0.7854
1.5708,-0.7854,0,-2.3562,1.5708,2.45893,0.7854
1.5708,-0.7854,0,-2.3562,1.5708,2.46024,0.7854
1.5708,-0.7854,0,-2.3562,1.5708,2.46154,0.7854
1.5708,-0.7854,0,-2.3562,1.5708,2.46285,0.7854
1.5708,-0.7854,0,-2.3562,1.5708,2.46415,0.7854
1.5708,-0.7854,0,-2.3562,1.5708,2.46545,0.7854
1.5708,-0.7854,0,-2.3562,1.5708,2.46675,0.7854
1.5708,-0.7854,0,-2.3562,1.5708,2.46805,0.7854
1.5708,-0.7854,0,-2.3562,1.5708,2.46935,0.7854
1.5708,-0.7854,0,-2.3562,1.5708,2.47064,0.7854
1.5708,-0.7854,0,-2.3562,1.5708,2.47194,0.7854
1.5708,-0.7854,0,-2.3562,1.5708,2.47323,0.7854
1.5708,-0.7854,0,-2.3562,1.5708,2.47452,0.7854
1.5708,-0.7854,0,-2.3562,1.5708,2.47581,0.7854
1.5708,-0.7854,0,-2.3562,1.5708,2.4771,0.7854
1.5708,-0.7854,0,-2.3562,1.5708,2.47839,0.7854
1.5708,-0.7854,0,-2.3562,1.5708,2.47967,0.7854
1.5708,-0.7854,0,-2.3562,1.5708,2.48096,0.7854
1.5708,-0.7854,0,-2.3562,1.5708,2.48224,0.7854
1.5708,-0.7854,0,-2.3562,1.5708,2.48352,0.7854
1.5708,-0.7854,0,-2.3562,1.5708,2.4848,0.7854
1.5708,-0.7854,0,-2.3562,1.5708,2.48608,0.7854
1.5708,-0.7854,0,-2.3562,1.5708,2.48736,0.7854
1.5708,-0.7854,0,-2.3562,1.5708,2.48863,0.7854
1.5708,-0.7854,0,-2.3562,1.5708,2.48991,0.7854
1.5708,-0.7854,0,-2.3562,1.5708,2.49118,0.7854
1.5708,-0.7854,0,-2.3562,1.5708,2.49245,0.7854
1.5708,-0.7854,0,-2.3562,1.5708,2.49372,0.7854
1.5708,-0.7854,0,-2.3562,1.5708,2.49499,0.7854
1.5708,-0.7854,0,-2.3562,1.5708,2.49625,0.7854
1.5708,-0.7854,0,-2.3562,1.5708,2.49752,0.7854
1.5708,-0.7854,0,-2.3562,1.5708,2.49878,0.7854
1.5708,-0.7854,0,-2.3562,1.5708,2.50005,0.7854
1.5708,-0.7854,0,-2.3562,1.5708,2.50131,0.7854
1.5708,-0.7854,0,-2.3562,1.5708,2.50256,0.7854
1.5708,-0.7854,0,-2.3562,1.5708,2.50382,0.7854
1.5708,-0.7854,0,-2.3562,1.5708,2.50508,0.7854
1.5708,-0.7854,0,-2.3562,1.5708,2.50633,0.7854
1.5708,-0.7854,0,-2.3562,1.5708,2.50759,0.7854
1.5708,-0.7854,0,-2.3562,1.5708,2.50884,0.7854
1.5708,-0.7854,0,-2.3562,1.5708,2.51009,0.7854
1.5708,-0.7854,0,-2.3562,1.5708,2.51133,0.7854
1.5708,-0.7854,0,-2.3562,1.5708,2.51258,0.7854
1.5708,-0.7854,0,-2.3562,1.5708,2.51383,0.7854
1.5708,-0.7854,0,-2.3562,1.5708,2.51507,0.7854
1.5708,-0.7854,0,-2.3562,1.5708,2.51631,0.7854
1.5708,-0.7854,0,-2.3562,1.5708,2.51755,0.7854
1.5708,-0.7854,0,-2.3562,1.5708,2.51879,0.7854
1.5708,-0.7854,0,-2.3562,1.5708,2.52002,0.7854
1.5708,-0.7854,0,-2.3562,1.5708,2.52126,0.7854
1.5708,-0.7854,0,-2.3562,1.5708,2.52249,0.7854
1.5708,-0.7854,0,-2.3562,1.5708,2.52372,0.7854
1.5708,-0.7854,0,-2.3562,1.5708,2.52495,0.7854
1.5708,-0.7854,0,-2.3562,1.5708,2.52618,0.7854
1.5708,-0.7854,0,-2.3562,1.5708,2.52741,0.7854
1.5708,-0.7854,0,-2.3562,1.5708,2.52863,0.7854
1.5708,-0.7854,0,-2.3562,1.5708,2.52986,0.7854
1.5708,-0.7854,0,-2.3562,1.5708,2.53108,0.7854
1.5708,-0.7854,0,-2.3562,1.5708,2.5323,0.7854
1.5708,-0.7854,0,-2.3562,1.5708,2.53352,0.7854
1.5708,-0.7854,0,-2.3562,1.5708,2.53473,0.7854
1.5708,-0.7854,0,-2.3562,1.5708,2.53595,0.7854
1.5708,-0.7854,0,-2.3562,1.5708,2.53716,0.7854
1.5708,-0.7854,0,-2.3562,1.5708,2.53837,0.7854
1.5708,-0.7854,0,-2.3562,1.5708,2.53958,0.7854
1.5708,-0.7854,0,-2.3562,1.5708,2.54079,0.7854
1.5708,-0.7854,0,-2.3562,1.5708,2.54199,0.7854
1.5708,-0.7854,0,-2.3562,1.5708,2.5432,0.7854
1.5708,-0.7854,0,-2.3562,1.5708,2.5444,0.7854
1.5708,-0.7854,0,-2.3562,1.5708,2.5456,0.7854
1.5708,-0.7854,0,-2.3562,1.5708,2.5468,0.7854
1.5708,-0.7854,0,-2.3562,1.5708,2.54799,0.7854
1.5708,-0.7854,0,-2.3562,1.5708,2.54919,0.7854
1.5708,-0.7854,0,-2.3562,1.5708,2.55038,0.7854
1.5708,-0.7854,0,-2.3562,1.5708,2.55157,0.7854
1.5708,-0.7854,0,-2.3562,1.5708,2.55276,0.7854
1.5708,-0.7854,0,-2.3562,1.5708,2.55395,0.7854
1.5708,-0.7854,0,-2.3562,1.5708,2.55514,0.7854
1.5708,-0.7854,0,-2.3562,1.5708,2.55632,0.7854
1.5708,-0.7854,0,-2.3562,1.5708,2.5575,0.7854
1.5708,-0.7854,0,-2.3562,1.5708,2.55868,0.7854
1.5708,-0.7854,0,-2.3562,1.5708,2.55986,0.7854
1.5708,-0.7854,0,-2.3562,1.5708,2.56104,0.7854
1.5708,-0.7854,0,-2.3562,1.5708,2.56221,0.7854
1.5708,-0.7854,0,-2.3562,1.5708,2.56338,0.7854
1.5708,-0.7854,0,-2.3562,1.5708,2.56455,0.7854
1.5708,-0.7854,0,-2.3562,1.5708,2.56572,0.7854
1.5708,-0.7854,0,-2.3562,1.5708,2.56689,0.7854
1.5708,-0.7854,0,-2.3562,1.5708,2.56805,0.7854
1.5708,-0.7854,0,-2.3562,1.5708,2.56922,0.7854
1.5708,-0.7854,0,-2.3562,1.5708,2.57038,0.7854
1.5708,-0.7854,0,-2.3562,1.5708,2.57154,0.7854
1.5708,-0.7854,0,-2.3562,1.5708,2.57269,0.7854
1.5708,-0.7854,0,-2.3562,1.5708,2.57385,0.7854
1.5708,-0.7854,0,-2.3562,1.5708,2.575,0.7854
1.5708,-0.7854,0,-2.3562,1.5708,2.57615,0.7854
1.5708,-0.7854,0,-2.3562,1.5708,2.5773,0.7854
1.5708,-0.7854,0,-2.3562,1.5708,2.57845,0.7854
1.5708,-0.7854,0,-2.3562,1.5708,2.5796,0.7854
1.5708,-0.7854,0,-2.3562,1.5708,2.58074,0.7854
1.5708,-0.7854,0,-2.3562,1.5708,2.58188,0.7854
1.5708,-0.7854,0,-2.3562,1.5708,2.58302,0.7854
1.5708,-0.7854,0,-2.3562,1.5708,2.58416,0.7854
1.5708,-0.7854,0,-2.3562,1.5708,2.58529,0.7854
1.5708,-0.7854,0,-2.3562,1.5708,2.58643,0.7854
1.5708,-0.7854,0,-2.3562,1.5708,2.58756,0.7854
1.5708,-0.7854,0,-2.3562,1.5708,2.58869,0.7854
1.5708,-0.7854,0,-2.3562,1.5708,2.58981,0.7854
1.5708,-0.7854,0,-2.3562,1.5708,2.59094,0.7854
1.5708,-0.7854,0,-2.3562,1.5708,2.59206,0.7854
1.5708,-0.7854,0,-2.3562,1.5708,2.59318,0.7854
1.5708,-0.7854,0,-2.3562,1.5708,2.5943,0.7854
1.5708,-0.7854,0,-2.3562,1.5708,2.59542,0.7854
1.5708,-0.7854,0,-2.3562,1.5708,2.59654,0.7854
1.5708,-0.7854,0,-2.3562,1.5708,2.59765,0.7854
1.5708,-0.7854,0,-2.3562,1.5708,2.59876,0.7854
1.5708,-0.7854,0,-2.3562,1.5708,2.59987,0.7854
1.5708,-0.7854,0,-2.3562,1.5708,2.60098,0.7854
1.5708,-0.7854,0,-2.3562,1.5708,2.60208,0.7854
1.5708,-0.7854,0,-2.3562,1.5708,2.60318,0.7854
1.5708,-0.7854,0,-2.3562,1.5708,2.60428,0.7854
1.5708,-0.7854,0,-2.3562,1.5708,2.60538,0.7854
1.5708,-0.7854,0,-2.3562,1.5708,2.60648,0.7854
1.5708,-0.7854,0,-2.3562,1.5708,2.60757,0.7854
1.5708,-0.7854,0,-2.3562,1.5708,2.60866,0.7854
1.5708,-0.7854,0,-2.3562,1.5708,2.60975,0.7854
1.5708,-0.7854,0,-2.3562,1.5708,2.61084,0.7854
1.5708,-0.7854,0,-2.3562,1.5708,2.61193,0.7854
1.5708,-0.7854,0,-2.3562,1.5708,2.61301,0.7854
1.5708,-0.7854,0,-2.3562,1.5708,2.61409,0.7854
1.5708,-0.7854,0,-2.3562,1.5708,2.61517,0.7854
1.5708,-0.7854,0,-2.3562,1.5708,2.61625,0.7854
1.5708,-0.7854,0,-2.3562,1.5708,2.61732,0.7854
1.5708,-0.7854,0,-2.3562,1.5708,2.6184,0.7854
1.5708,-0.7854,0,-2.3562,1.5708,2.61947,0.7854
1.5708,-0.7854,0,-2.3562,1.5708,2.62054,0.7854
1.5708,-0.7854,0,-2.3562,1.5708,2.6216,0.7854
1.5708,-0.7854,0,-2.3562,1.5708,2.62267,0.7854
1.5708,-0.7854,0,-2.3562,1.5708,2.62373,0.7854
1.5708,-0.7854,0,-2.3562,1.5708,2.62479,0.7854
1.5708,-0.7854,0,-2.3562,1.5708,2.62585,0.7854
1.5708,-0.7854,0,-2.3562,1.5708,2.6269,0.7854
1.5708,-0.7854,0,-2.3562,1.5708,2.62795,0.7854
1.5708,-0.7854,0,-2.3562,1.5708,2.62901,0.7854
1.5708,-0.7854,0,-2.3562,1.5708,2.63005,0.7854
1.5708,-0.7854,0,-2.3562,1.5708,2.6311,0.7854
1.5708,-0.7854,0,-2.3562,1.5708,2.63215,0.7854
1.5708,-0.7854,0,-2.3562,1.5708,2.63319,0.7854
1.5708,-0.7854,0,-2.3562,1.5708,2.63423,0.7854
1.5708,-0.7854,0,-2.3562,1.5708,2.63527,0.7854
1.5708,-0.7854,0,-2.3562,1.5708,2.6363,0.7854
1.5708,-0.7854,0,-2.3562,1.5708,2.63733,0.7854
1.5708,-0.7854,0,-2.3562,1.5708,2.63837,0.7854
1.5708,-0.7854,0,-2.3562,1.5708,2.63939,0.7854
1.5708,-0.7854,0,-2.3562,1.5708,2.64042,0.7854
1.5708,-0.7854,0,-2.3562,1.5708,2.64144,0.7854
1.5708,-0.7854,0,-2.3562,1.5708,2.64247,0.7854
1.5708,-0.7854,0,-2.3562,1.5708,2.64349,0.7854
1.5708,-0.7854,0,-2.3562,1.5708,2.6445,0.7854
1.5708,-0.7854,0,-2.3562,1.5708,2.64552,0.7854
1.5708,-0.7854,0,-2.3562,1.5708,2.64653,0.7854
1.5708,-0.7854,0,-2.3562,1.5708,2.64754,0.7854
1.5708,-0.7854,0,-2.3562,1.5708,2.64855,0.7854
1.5708,-0.7854,0,-2.3562,1.5708,2.64956,0.7854
1.5708,-0.7854,0,-2.3562,1.5708,2.65056,0.7854
1.5708,-0.7854,0,-2.3562,1.5708,2.65156,0.7854
1.5708,-0.7854,0,-2.3562,1.5708,2.65256,0.7854
1.5708,-0.7854,0,-2.3562,1.5708,2.65356,0.7854
1.5708,-0.7854,0,-2.3562,1.5708,2.65455,0.7854
1.5708,-0.7854,0,-2.3562,1.5708,2.65555,0.7854
1.5708,-0.7854,0,-2.3562,1.5708,2.65654,0.7854
1.5708,-0.7854,0,-2.3562,1.5708,2.65752,0.7854
1.5708,-0.7854,0,-2.3562,1.5708,2.65851,0.7854
1.5708,-0.7854,0,-2.3562,1.5708,2.65949,0.7854
1.5708,-0.7854,0,-2.3562,1.5708,2.66047,0.7854
1.5708,-0.7854,0,-2.3562,1.5708,2.66145,0.7854
1.5708,-0.7854,0,-2.3562,1.5708,2.66243,0.7854
1.5708,-0.7854,0,-2.3562,1.5708,2.6634,0.7854
1.5708,-0.7854,0,-2.3562,1.5708,2.66437,0.7854
1.5708,-0.7854,0,-2.3562,1.5708,2.66534,0.7854
1.5708,-0.7854,0,-2.3562,1.5708,2.66631,0.7854
1.5708,-0.7854,0,-2.3562,1.5708,2.66727,0.7854
1.5708,-0.7854,0,-2.3562,1.5708,2.66824,0.7854
1.5708,-0.7854,0,-2.3562,1.5708,2.6692,0.7854
1.5708,-0.7854,0,-2.3562,1.5708,2.67015,0.7854
1.5708,-0.7854,0,-2.3562,1.5708,2.67111,0.7854
1.5708,-0.7854,0,-2.3562,1.5708,2.67206,0.7854
1.5708,-0.7854,0,-2.3562,1.5708,2.67301,0.7854
1.5708,-0.7854,0,-2.3562,1.5708,2.67396,0.7854
1.5708,-0.7854,0,-2.3562,1.5708,2.6749,0.7854
1.5708,-0.7854,0,-2.3562,1.5708,2.67585,0.7854
1.5708,-0.7854,0,-2.3562,1.5708,2.67679,0.7854
1.5708,-0.7854,0,-2.3562,1.5708,2.67773,0.7854
1.5708,-0.7854,0,-2.3562,1.5708,2.67866,0.7854
1.5708,-0.7854,0,-2.3562,1.5708,2.6796,0.7854
1.5708,-0.7854,0,-2.3562,1.5708,2.68053,0.7854
1.5708,-0.7854,0,-2.3562,1.5708,2.68146,0.7854
1.5708,-0.7854,0,-2.3562,1.5708,2.68238,0.7854
1.5708,-0.7854,0,-2.3562,1.5708,2.68331,0.7854
1.5708,-0.7854,0,-2.3562,1.5708,2.68423,0.7854
1.5708,-0.7854,0,-2.3562,1.5708,2.68515,0.7854
1.5708,-0.7854,0,-2.3562,1.5708,2.68607,0.7854
1.5708,-0.7854,0,-2.3562,1.5708,2.68698,0.7854
1.5708,-0.7854,0,-2.3562,1.5708,2.68789,0.7854
1.5708,-0.7854,0,-2.3562,1.5708,2.6888,0.7854
1.5708,-0.7854,0,-2.3562,1.5708,2.68971,0.7854
1.5708,-0.7854,0,-2.3562,1.5708,2.69062,0.7854
1.5708,-0.7854,0,-2.3562,1.5708,2.69152,0.7854
1.5708,-0.7854,0,-2.3562,1.5708,2.69242,0.7854
1.5708,-0.7854,0,-2.3562,1.5708,2.69332,0.7854
1.5708,-0.7854,0,-2.3562,1.5708,2.69421,0.7854
1.5708,-0.7854,0,-2.3562,1.5708,2.69511,0.7854
1.5708,-0.7854,0,-2.3562,1.5708,2.696,0.7854
1.5708,-0.7854,0,-2.3562,1.5708,2.69688,0.7854
1.5708,-0.7854,0,-2.3562,1.5708,2.69777,0.7854
1.5708,-0.7854,0,-2.3562,1.5708,2.69865,0.7854
1.5708,-0.7854,0,-2.3562,1.5708,2.69953,0.7854
1.5708,-0.7854,0,-2.3562,1.5708,2.70041,0.7854
1.5708,-0.7854,0,-2.3562,1.5708,2.70129,0.7854
1.5708,-0.7854,0,-2.3562,1.5708,2.70216,0.7854
1.5708,-0.7854,0,-2.3562,1.5708,2.70303,0.7854
1.5708,-0.7854,0,-2.3562,1.5708,2.7039,0.7854
1.5708,-0.7854,0,-2.3562,1.5708,2.70477,0.7854
1.5708,-0.7854,0,-2.3562,1.5708,2.70563,0.7854
1.5708,-0.7854,0,-2.3562,1.5708,2.70649,0.7854
1.5708,-0.7854,0,-2.3562,1.5708,2.70735,0.7854
1.5708,-0.7854,0,-2.3562,1.5708,2.70821,0.7854
1.5708,-0.7854,0,-2.3562,1.5708,2.70906,0.7854
1.5708,-0.7854,0,-2.3562,1.5708,2.70992,0.7854
1.5708,-0.7854,0,-2.3562,1.5708,2.71077,0.7854
1.5708,-0.7854,0,-2.3562,1.5708,2.71161,0.7854
1.5708,-0.7854,0,-2.3562,1.5708,2.71246,0.7854
1.5708,-0.7854,0,-2.3562,1.5708,2.7133,0.7854
1.5708,-0.7854,0,-2.3562,1.5708,2.71414,0.7854
1.5708,-0.7854,0,-2.3562,1.5708,2.71498,0.7854
1.5708,-0.7854,0,-2.3562,1.5708,2.71581,0.7854
1.5708,-0.7854,0,-2.3562,1.5708,2.71664,0.7854
1.5708,-0.7854,0,-2.3562,1.5708,2.71747,0.7854
1.5708,-0.7854,0,-2.3562,1.5708,2.7183,0.7854
1.5708,-0.7854,0,-2.3562,1.5708,2.71912,0.7854
1.5708,-0.7854,0,-2.3562,1.5708,2.71995,0.7854
1.5708,-0.7854,0,-2.3562,1.5708,2.72077,0.7854
1.5708,-0.7854,0,-2.3562,1.5708,2.72158,0.7854
1.5708,-0.7854,0,-2.3562,1.5708,2.7224,0.7854
1.5708,-0.7854,0,-2.3562,1.5708,2.72321,0.7854
1.5708,-0.7854,0,-2.3562,1.5708,2.72402,0.7854
1.5708,-0.7854,0,-2.3562,1.5708,2.72483,0.7854
1.5708,-0.7854,0,-2.3562,1.5708,2.72563,0.7854
1.5708,-0.7854,0,-2.3562,1.5708,2.72644,0.7854
1.5708,-0.7854,0,-2.3562,1.5708,2.72724,0.7854
1.5708,-0.7854,0,-2.3562,1.5708,2.72804,0.7854
1.5708,-0.7854,0,-2.3562,1.5708,2.72883,0.7854
1.5708,-0.7854,0,-2.3562,1.5708,2.72962,0.7854
1.5708,-0.7854,0,-2.3562,1.5708,2.73041,0.7854
1.5708,-0.7854,0,-2.3562,1.5708,2.7312,0.7854
1.5708,-0.7854,0,-2.3562,1.5708,2.73199,0.7854
1.5708,-0.7854,0,-2.3562,1.5708,2.73277,0.7854
1.5708,-0.7854,0,-2.3562,1.5708,2.73355,0.7854
1.5708,-0.7854,0,-2.3562,1.5708,2.73433,0.7854
1.5708,-0.7854,0,-2.3562,1.5708,2.7351,0.7854
1.5708,-0.7854,0,-2.3562,1.5708,2.73588,0.7854
1.5708,-0.7854,0,-2.3562,1.5708,2.73665,0.7854
1.5708,-0.7854,0,-2.3562,1.5708,2.73742,0.7854
1.5708,-0.7854,0,-2.3562,1.5708,2.73818,0.7854
1.5708,-0.7854,0,-2.3562,1.5708,2.73895,0.7854
1.5708,-0.7854,0,-2.3562,1.5708,2.73971,0.7854
1.5708,-0.7854,0,-2.3562,1.5708,2.74046,0.7854
1.5708,-0.7854,0,-2.3562,1.5708,2.74122,0.7854
1.5708,-0.7854,0,-2.3562,1.5708,2.74197,0.7854
1.5708,-0.7854,0,-2.3562,1.5708,2.74273,0.7854
1.5708,-0.7854,0,-2.3562,1.5708,2.74347,0.7854
1.5708,-0.7854,0,-2.3562,1.5708,2.74422,0.7854
1.5708,-0.7854,0,-2.3562,1.5708,2.74496,0.7854
1.5708,-0.7854,0,-2.3562,1.5708,2.7457,0.7854
1.5708,-0.7854,0,-2.3562,1.5708,2.74644,0.7854
1.5708,-0.7854,0,-2.3562,1.5708,2.74718,0.7854
1.5708,-0.7854,0,-2.3562,1.5708,2.74791,0.7854
1.5708,-0.7854,0,-2.3562,1.5708,2.74864,0.7854
1.5708,-0.7854,0,-2.3562,1.5708,2.74937,0.7854
1.5708,-0.7854,0,-2.3562,1.5708,2.7501,0.7854
1.5708,-0.7854,0,-2.3562,1.5708,2.75082,0.7854
1.5708,-0.7854,0,-2.3562,1.5708,2.75154,0.7854
1.5708,-0.7854,0,-2.3562,1.5708,2.75226,0.7854
1.5708,-0.7854,0,-2.3562,1.5708,2.75298,0.7854
1.5708,-0.7854,0,-2.3562,1.5708,2.75369,0.7854
1.5708,-0.7854,0,-2.3562,1.5708,2.75441,0.7854
1.5708,-0.7854,0,-2.3562,1.5708,2.75511,0.7854
1.5708,-0.7854,0,-2.3562,1.5708,2.75582,0.7854
1.5708,-0.7854,0,-2.3562,1.5708,2.75653,0.7854
1.5708,-0.7854,0,-2.3562,1.5708,2.75723,0.7854
1.5708,-0.7854,0,-2.3562,1.5708,2.75793,0.7854
1.5708,-0.7854,0,-2.3562,1.5708,2.75862,0.7854
1.5708,-0.7854,0,-2.3562,1.5708,2.75932,0.7854
1.5708,-0.7854,0,-2.3562,1.5708,2.76001,0.7854
1.5708,-0.7854,0,-2.3562,1.5708,2.7607,0.7854
1.5708,-0.7854,0,-2.3562,1.5708,2.76139,0.7854
1.5708,-0.7854,0,-2.3562,1.5708,2.76207,0.7854
1.5708,-0.7854,0,-2.3562,1.5708,2.76275,0.7854
1.5708,-0.7854,0,-2.3562,1.5708,2.76343,0.7854
1.5708,-0.7854,0,-2.3562,1.5708,2.76411,0.7854
1.5708,-0.7854,0,-2.3562,1.5708,2.76479,0.7854
1.5708,-0.7854,0,-2.3562,1.5708,2.76546,0.7854
1.5708,-0.7854,0,-2.3562,1.5708,2.76613,0.7854
1.5708,-0.7854,0,-2.3562,1.5708,2.76679,0.7854
1.5708,-0.7854,0,-2.3562,1.5708,2.76746,0.7854
1.5708,-0.7854,0,-2.3562,1.5708,2.76812,0.7854
1.5708,-0.7854,0,-2.3562,1.5708,2.76878,0.7854
1.5708,-0.7854,0,-2.3562,1.5708,2.76944,0.7854
1.5708,-0.7854,0,-2.3562,1.5708,2.7701,0.7854
1.5708,-0.7854,0,-2.3562,1.5708,2.77075,0.7854
1.5708,-0.7854,0,-2.3562,1.5708,2.7714,0.7854
1.5708,-0.7854,0,-2.3562,1.5708,2.77205,0.7854
1.5708,-0.7854,0,-2.3562,1.5708,2.77269,0.7854
1.5708,-0.7854,0,-2.3562,1.5708,2.77334,0.7854
1.5708,-0.7854,0,-2.3562,1.5708,2.77398,0.7854
1.5708,-0.7854,0,-2.3562,1.5708,2.77461,0.7854
1.5708,-0.7854,0,-2.3562,1.5708,2.77525,0.7854
1.5708,-0.7854,0,-2.3562,1.5708,2.77588,0.7854
1.5708,-0.7854,0,-2.3562,1.5708,2.77652,0.7854
1.5708,-0.7854,0,-2.3562,1.5708,2.77714,0.7854
1.5708,-0.7854,0,-2.3562,1.5708,2.77777,0.7854
1.5708,-0.7854,0,-2.3562,1.5708,2.77839,0.7854
1.5708,-0.7854,0,-2.3562,1.5708,2.77902,0.7854
1.5708,-0.7854,0,-2.3562,1.5708,2.77963,0.7854
1.5708,-0.7854,0,-2.3562,1.5708,2.78025,0.7854
1.5708,-0.7854,0,-2.3562,1.5708,2.78086,0.7854
1.5708,-0.7854,0,-2.3562,1.5708,2.78148,0.7854
1.5708,-0.7854,0,-2.3562,1.5708,2.78209,0.7854
1.5708,-0.7854,0,-2.3562,1.5708,2.78269,0.7854
1.5708,-0.7854,0,-2.3562,1.5708,2.7833,0.7854
1.5708,-0.7854,0,-2.3562,1.5708,2.7839,0.7854
1.5708,-0.7854,0,-2.3562,1.5708,2.7845,0.7854
1.5708,-0.7854,0,-2.3562,1.5708,2.7851,0.7854
1.5708,-0.7854,0,-2.3562,1.5708,2.78569,0.7854
1.5708,-0.7854,0,-2.3562,1.5708,2.78628,0.7854
1.5708,-0.7854,0,-2.3562,1.5708,2.78687,0.7854
1.5708,-0.7854,0,-2.3562,1.5708,2.78746,0.7854
1.5708,-0.7854,0,-2.3562,1.5708,2.78805,0.7854
1.5708,-0.7854,0,-2.3562,1.5708,2.78863,0.7854
1.5708,-0.7854,0,-2.3562,1.5708,2.78921,0.7854
1.5708,-0.7854,0,-2.3562,1.5708,2.78979,0.7854
1.5708,-0.7854,0,-2.3562,1.5708,2.79037,0.7854
1.5708,-0.7854,0,-2.3562,1.5708,2.79094,0.7854
1.5708,-0.7854,0,-2.3562,1.5708,2.79151,0.7854
1.5708,-0.7854,0,-2.3562,1.5708,2.79208,0.7854
1.5708,-0.7854,0,-2.3562,1.5708,2.79265,0.7854
1.5708,-0.7854,0,-2.3562,1.5708,2.79321,0.7854
1.5708,-0.7854,0,-2.3562,1.5708,2.79377,0.7854
1.5708,-0.7854,0,-2.3562,1.5708,2.79433,0.7854
1.5708,-0.7854,0,-2.3562,1.5708,2.79489,0.7854
1.5708,-0.7854,0,-2.3562,1.5708,2.79544,0.7854
1.5708,-0.7854,0,-2.3562,1.5708,2.796,0.7854
1.5708,-0.7854,0,-2.3562,1.5708,2.79655,0.7854
1.5708,-0.7854,0,-2.3562,1.5708,2.79709,0.7854
1.5708,-0.7854,0,-2.3562,1.5708,2.79764,0.7854
1.5708,-0.7854,0,-2.3562,1.5708,2.79818,0.7854
1.5708,-0.7854,0,-2.3562,1.5708,2.79872,0.7854
1.5708,-0.7854,0,-2.3562,1.5708,2.79926,0.7854
1.5708,-0.7854,0,-2.3562,1.5708,2.7998,0.7854
1.5708,-0.7854,0,-2.3562,1.5708,2.80033,0.7854
1.5708,-0.7854,0,-2.3562,1.5708,2.80086,0.7854
1.5708,-0.7854,0,-2.3562,1.5708,2.80139,0.7854
1.5708,-0.7854,0,-2.3562,1.5708,2.80192,0.7854
1.5708,-0.7854,0,-2.3562,1.5708,2.80244,0.7854
1.5708,-0.7854,0,-2.3562,1.5708,2.80296,0.7854
1.5708,-0.7854,0,-2.3562,1.5708,2.80348,0.7854
1.5708,-0.7854,0,-2.3562,1.5708,2.804,0.7854
1.5708,-0.7854,0,-2.3562,1.5708,2.80452,0.7854
1.5708,-0.7854,0,-2.3562,1.5708,2.80503,0.7854
1.5708,-0.7854,0,-2.3562,1.5708,2.80554,0.7854
1.5708,-0.7854,0,-2.3562,1.5708,2.80605,0.7854
1.5708,-0.7854,0,-2.3562,1.5708,2.80656,0.7854
1.5708,-0.7854,0,-2.3562,1.5708,2.80706,0.7854
1.5708,-0.7854,0,-2.3562,1.5708,2.80756,0.7854
1.5708,-0.7854,0,-2.3562,1.5708,2.80806,0.7854
1.5708,-0.7854,0,-2.3562,1.5708,2.80856,0.7854
1.5708,-0.7854,0,-2.3562,1.5708,2.80905,0.7854
1.5708,-0.7854,0,-2.3562,1.5708,2.80955,0.7854
1.5708,-0.7854,0,-2.3562,1.5708,2.81004,0.7854
1.5708,-0.7854,0,-2.3562,1.5708,2.81052,0.7854
1.5708,-0.7854,0,-2.3562,1.5708,2.81101,0.7854
1.5708,-0.7854,0,-2.3562,1.5708,2.81149,0.7854
1.5708,-0.7854,0,-2.3562,1.5708,2.81197,0.7854
1.5708,-0.7854,0,-2.3562,1.5708,2.81245,0.7854
1.5708,-0.7854,0,-2.3562,1.5708,2.81293,0.7854
1.5708,-0.7854,0,-2.3562,1.5708,2.8134,0.7854
1.5708,-0.7854,0,-2.3562,1.5708,2.81388,0.7854
1.5708,-0.7854,0,-2.3562,1.5708,2.81435,0.7854
1.5708,-0.7854,0,-2.3562,1.5708,2.81481,0.7854
1.5708,-0.7854,0,-2.3562,1.5708,2.81528,0.7854
1.5708,-0.7854,0,-2.3562,1.5708,2.81574,0.7854
1.5708,-0.7854,0,-2.3562,1.5708,2.8162,0.7854
1.5708,-0.7854,0,-2.3562,1.5708,2.81666,0.7854
1.5708,-0.7854,0,-2.3562,1.5708,2.81712,0.7854
1.5708,-0.7854,0,-2.3562,1.5708,2.81758,0.7854
1.5708,-0.7854,0,-2.3562,1.5708,2.81803,0.7854
1.5708,-0.7854,0,-2.3562,1.5708,2.81848,0.7854
1.5708,-0.7854,0,-2.3562,1.5708,2.81893,0.7854
1.5708,-0.7854,0,-2.3562,1.5708,2.81937,0.7854
1.5708,-0.7854,0,-2.3562,1.5708,2.81982,0.7854
1.5708,-0.7854,0,-2.3562,1.5708,2.82026,0.7854
1.5708,-0.7854,0,-2.3562,1.5708,2.8207,0.7854
1.5708,-0.7854,0,-2.3562,1.5708,2.82113,0.7854
1.5708,-0.7854,0,-2.3562,1.5708,2.82157,0.7854
1.5708,-0.7854,0,-2.3562,1.5708,2.822,0.7854
1.5708,-0.7854,0,-2.3562,1.5708,2.82243,0.7854
1.5708,-0.7854,0,-2.3562,1.5708,2.82286,0.7854
1.5708,-0.7854,0,-2.3562,1.5708,2.82329,0.7854
1.5708,-0.7854,0,-2.3562,1.5708,2.82371,0.7854
1.5708,-0.7854,0,-2.3562,1.5708,2.82413,0.7854
1.5708,-0.7854,0,-2.3562,1.5708,2.82455,0.7854
1.5708,-0.7854,0,-2.3562,1.5708,2.82497,0.7854
1.5708,-0.7854,0,-2.3562,1.5708,2.82539,0.7854
1.5708,-0.7854,0,-2.3562,1.5708,2.8258,0.7854
1.5708,-0.7854,0,-2.3562,1.5708,2.82621,0.7854
1.5708,-0.7854,0,-2.3562,1.5708,2.82662,0.7854
1.5708,-0.7854,0,-2.3562,1.5708,2.82703,0.7854
1.5708,-0.7854,0,-2.3562,1.5708,2.82743,0.7854
1.5708,-0.7854,0,-2.3562,1.5708,2.82784,0.7854
1.5708,-0.7854,0,-2.3562,1.5708,2.82824,0.7854
1.5708,-0.7854,0,-2.3562,1.5708,2.82864,0.7854
1.5708,-0.7854,0,-2.3562,1.5708,2.82903,0.7854
1.5708,-0.7854,0,-2.3562,1.5708,2.82943,0.7854
1.5708,-0.7854,0,-2.3562,1.5708,2.82982,0.7854
1.5708,-0.7854,0,-2.3562,1.5708,2.83021,0.7854
1.5708,-0.7854,0,-2.3562,1.5708,2.8306,0.7854
1.5708,-0.7854,0,-2.3562,1.5708,2.83098,0.7854
1.5708,-0.7854,0,-2.3562,1.5708,2.83137,0.7854
1.5708,-0.7854,0,-2.3562,1.5708,2.83175,0.7854
1.5708,-0.7854,0,-2.3562,1.5708,2.83213,0.7854
1.5708,-0.7854,0,-2.3562,1.5708,2.83251,0.7854
1.5708,-0.7854,0,-2.3562,1.5708,2.83289,0.7854
1.5708,-0.7854,0,-2.3562,1.5708,2.83326,0.7854
1.5708,-0.7854,0,-2.3562,1.5708,2.83363,0.7854
1.5708,-0.7854,0,-2.3562,1.5708,2.834,0.7854
1.5708,-0.7854,0,-2.3562,1.5708,2.83437,0.7854
1.5708,-0.7854,0,-2.3562,1.5708,2.83474,0.7854
1.5708,-0.7854,0,-2.3562,1.5708,2.8351,0.7854
1.5708,-0.7854,0,-2.3562,1.5708,2.83546,0.7854
1.5708,-0.7854,0,-2.3562,1.5708,2.83582,0.7854
1.5708,-0.7854,0,-2.3562,1.5708,2.83618,0.7854
1.5708,-0.7854,0,-2.3562,1.5708,2.83654,0.7854
1.5708,-0.7854,0,-2.3562,1.5708,2.83689,0.7854
1.5708,-0.7854,0,-2.3562,1.5708,2.83724,0.7854
1.5708,-0.7854,0,-2.3562,1.5708,2.83759,0.7854
1.5708,-0.7854,0,-2.3562,1.5708,2.83794,0.7854
1.5708,-0.7854,0,-2.3562,1.5708,2.83829,0.7854
1.5708,-0.7854,0,-2.3562,1.5708,2.83863,0.7854
1.5708,-0.7854,0,-2.3562,1.5708,2.83897,0.7854
1.5708,-0.7854,0,-2.3562,1.5708,2.83931,0.7854
1.5708,-0.7854,0,-2.3562,1.5708,2.83965,0.7854
1.5708,-0.7854,0,-2.3562,1.5708,2.83999,0.7854
1.5708,-0.7854,0,-2.3562,1.5708,2.84032,0.7854
1.5708,-0.7854,0,-2.3562,1.5708,2.84065,0.7854
1.5708,-0.7854,0,-2.3562,1.5708,2.84098,0.7854
1.5708,-0.7854,0,-2.3562,1.5708,2.84131,0.7854
1.5708,-0.7854,0,-2.3562,1.5708,2.84164,0.7854
1.5708,-0.7854,0,-2.3562,1.5708,2.84196,0.7854
1.5708,-0.7854,0,-2.3562,1.5708,2.84229,0.7854
1.5708,-0.7854,0,-2.3562,1.5708,2.84261,0.7854
1.5708,-0.7854,0,-2.3562,1.5708,2.84293,0.7854
1.5708,-0.7854,0,-2.3562,1.5708,2.84325,0.7854
1.5708,-0.7854,0,-2.3562,1.5708,2.84356,0.7854
1.5708,-0.7854,0,-2.3562,1.5708,2.84387,0.7854
1.5708,-0.7854,0,-2.3562,1.5708,2.84419,0.7854
1.5708,-0.7854,0,-2.3562,1.5708,2.8445,0.7854
1.5708,-0.7854,0,-2.3562,1.5708,2.8448,0.7854
1.5708,-0.7854,0,-2.3562,1.5708,2.84511,0.7854
1.5708,-0.7854,0,-2.3562,1.5708,2.84541,0.7854
1.5708,-0.7854,0,-2.3562,1.5708,2.84572,0.7854
1.5708,-0.7854,0,-2.3562,1.5708,2.84602,0.7854
1.5708,-0.7854,0,-2.3562,1.5708,2.84631,0.7854
1.5708,-0.7854,0,-2.3562,1.5708,2.84661,0.7854
1.5708,-0.7854,0,-2.3562,1.5708,2.84691,0.7854
1.5708,-0.7854,0,-2.3562,1.5708,2.8472,0.7854
1.5708,-0.7854,0,-2.3562,1.5708,2.84749,0.7854
1.5708,-0.7854,0,-2.3562,1.5708,2.84778,0.7854
1.5708,-0.7854,0,-2.3562,1.5708,2.84807,0.7854
1.5708,-0.7854,0,-2.3562,1.5708,2.84835,0.7854
1.5708,-0.7854,0,-2.3562,1.5708,2.84864,0.7854
1.5708,-0.7854,0,-2.3562,1.5708,2.84892,0.7854
1.5708,-0.7854,0,-2.3562,1.5708,2.8492,0.7854
1.5708,-0.7854,0,-2.3562,1.5708,2.84948,0.7854
1.5708,-0.7854,0,-2.3562,1.5708,2.84976,0.7854
1.5708,-0.7854,0,-2.3562,1.5708,2.85003,0.7854
1.5708,-0.7854,0,-2.3562,1.5708,2.8503,0.7854
1.5708,-0.7854,0,-2.3562,1.5708,2.85058,0.7854
1.5708,-0.7854,0,-2.3562,1.5708,2.85085,0.7854
1.5708,-0.7854,0,-2.3562,1.5708,2.85111,0.7854
1.5708,-0.7854,0,-2.3562,1.5708,2.85138,0.7854
1.5708,-0.7854,0,-2.3562,1.5708,2.85165,0.7854
1.5708,-0.7854,0,-2.3562,1.5708,2.85191,0.7854
1.5708,-0.7854,0,-2.3562,1.5708,2.85217,0.7854
1.5708,-0.7854,0,-2.3562,1.5708,2.85243,0.7854
1.5708,-0.7854,0,-2.3562,1.5708,2.85269,0.7854
1.5708,-0.7854,0,-2.3562,1.5708,2.85294,0.7854
1.5708,-0.7854,0,-2.3562,1.5708,2.8532,0.7854
1.5708,-0.7854,0,-2.3562,1.5708,2.85345,0.7854
1.5708,-0.7854,0,-2.3562,1.5708,2.8537,0.7854
1.5708,-0.7854,0,-2.3562,1.5708,2.85395,0.7854
1.5708,-0.7854,0,-2.3562,1.5708,2.8542,0.7854
1.5708,-0.7854,0,-2.3562,1.5708,2.85445,0.7854
1.5708,-0.7854,0,-2.3562,1.5708,2.85469,0.7854
1.5708,-0.7854,0,-2.3562,1.5708,2.85493,0.7854
1.5708,-0.7854,0,-2.3562,1.5708,2.85517,0.7854
1.5708,-0.7854,0,-2.3562,1.5708,2.85541,0.7854
1.5708,-0.7854,0,-2.3562,1.5708,2.85565,0.7854
1.5708,-0.7854,0,-2.3562,1.5708,2.85589,0.7854
1.5708,-0.7854,0,-2.3562,1.5708,2.85612,0.7854
1.5708,-0.7854,0,-2.3562,1.5708,2.85635,0.7854
1.5708,-0.7854,0,-2.3562,1.5708,2.85659,0.7854
1.5708,-0.7854,0,-2.3562,1.5708,2.85682,0.7854
1.5708,-0.7854,0,-2.3562,1.5708,2.85704,0.7854
1.5708,-0.7854,0,-2.3562,1.5708,2.85727,0.7854
1.5708,-0.7854,0,-2.3562,1.5708,2.85749,0.7854
1.5708,-0.7854,0,-2.3562,1.5708,2.85772,0.7854
1.5708,-0.7854,0,-2.3562,1.5708,2.85794,0.7854
1.5708,-0.7854,0,-2.3562,1.5708,2.85816,0.7854
1.5708,-0.7854,0,-2.3562,1.5708,2.85838,0.7854
1.5708,-0.7854,0,-2.3562,1.5708,2.8586,0.7854
1.5708,-0.7854,0,-2.3562,1.5708,2.85881,0.7854
1.5708,-0.7854,0,-2.3562,1.5708,2.85903,0.7854
1.5708,-0.7854,0,-2.3562,1.5708,2.85924,0.7854
1.5708,-0.7854,0,-2.3562,1.5708,2.85945,0.7854
1.5708,-0.7854,0,-2.3562,1.5708,2.85966,0.7854
1.5708,-0.7854,0,-2.3562,1.5708,2.85987,0.7854
1.5708,-0.7854,0,-2.3562,1.5708,2.86007,0.7854
1.5708,-0.7854,0,-2.3562,1.5708,2.86028,0.7854
1.5708,-0.7854,0,-2.3562,1.5708,2.86048,0.7854
1.5708,-0.7854,0,-2.3562,1.5708,2.86068,0.7854
1.5708,-0.7854,0,-2.3562,1.5708,2.86088,0.7854
1.5708,-0.7854,0,-2.3562,1.5708,2.86108,0.7854
1.5708,-0.7854,0,-2.3562,1.5708,2.86128,0.7854
1.5708,-0.7854,0,-2.3562,1.5708,2.86147,0.7854
1.5708,-0.7854,0,-2.3562,1.5708,2.86167,0.7854
1.5708,-0.7854,0,-2.3562,1.5708,2.86186,0.7854
1.5708,-0.7854,0,-2.3562,1.5708,2.86205,0.7854
1.5708,-0.7854,0,-2.3562,1.5708,2.86224,0.7854
1.5708,-0.7854,0,-2.3562,1.5708,2.86243,0.7854
1.5708,-0.7854,0,-2.3562,1.5708,2.86262,0.7854
1.5708,-0.7854,0,-2.3562,1.5708,2.8628,0.7854
1.5708,-0.7854,0,-2.3562,1.5708,2.86299,0.7854
1.5708,-0.7854,0,-2.3562,1.5708,2.86317,0.7854
1.5708,-0.7854,0,-2.3562,1.5708,2.86335,0.7854
1.5708,-0.7854,0,-2.3562,1.5708,2.86353,0.7854
1.5708,-0.7854,0,-2.3562,1.5708,2.86371,0.7854
1.5708,-0.7854,0,-2.3562,1.5708,2.86389,0.7854
1.5708,-0.7854,0,-2.3562,1.5708,2.86406,0.7854
1.5708,-0.7854,0,-2.3562,1.5708,2.86424,0.7854
1.5708,-0.7854,0,-2.3562,1.5708,2.86441,0.7854
1.5708,-0.7854,0,-2.3562,1.5708,2.86458,0.7854
1.5708,-0.7854,0,-2.3562,1.5708,2.86475,0.7854
1.5708,-0.7854,0,-2.3562,1.5708,2.86492,0.7854
1.5708,-0.7854,0,-2.3562,1.5708,2.86509,0.7854
1.5708,-0.7854,0,-2.3562,1.5708,2.86525,0.7854
1.5708,-0.7854,0,-2.3562,1.5708,2.86542,0.7854
1.5708,-0.7854,0,-2.3562,1.5708,2.86558,0.7854
1.5708,-0.7854,0,-2.3562,1.5708,2.86574,0.7854
1.5708,-0.7854,0,-2.3562,1.5708,2.86591,0.7854
1.5708,-0.7854,0,-2.3562,1.5708,2.86606,0.7854
1.5708,-0.7854,0,-2.3562,1.5708,2.86622,0.7854
1.5708,-0.7854,0,-2.3562,1.5708,2.86638,0.7854
1.5708,-0.7854,0,-2.3562,1.5708,2.86654,0.7854
1.5708,-0.7854,0,-2.3562,1.5708,2.86669,0.7854
1.5708,-0.7854,0,-2.3562,1.5708,2.86684,0.7854
1.5708,-0.7854,0,-2.3562,1.5708,2.86699,0.7854
1.5708,-0.7854,0,-2.3562,1.5708,2.86714,0.7854
1.5708,-0.7854,0,-2.3562,1.5708,2.86729,0.7854
1.5708,-0.7854,0,-2.3562,1.5708,2.86744,0.7854
1.5708,-0.7854,0,-2.3562,1.5708,2.86759,0.7854
1.5708,-0.7854,0,-2.3562,1.5708,2.86773,0.7854
1.5708,-0.7854,0,-2.3562,1.5708,2.86788,0.7854
1.5708,-0.7854,0,-2.3562,1.5708,2.86802,0.7854
1.5708,-0.7854,0,-2.3562,1.5708,2.86816,0.7854
1.5708,-0.7854,0,-2.3562,1.5708,2.8683,0.7854
1.5708,-0.7854,0,-2.3562,1.5708,2.86844,0.7854
1.5708,-0.7854,0,-2.3562,1.5708,2.86858,0.7854
1.5708,-0.7854,0,-2.3562,1.5708,2.86872,0.7854
1.5708,-0.7854,0,-2.3562,1.5708,2.86885,0.7854
1.5708,-0.7854,0,-2.3562,1.5708,2.86899,0.7854
1.5708,-0.7854,0,-2.3562,1.5708,2.86912,0.7854
1.5708,-0.7854,0,-2.3562,1.5708,2.86925,0.7854
1.5708,-0.7854,0,-2.3562,1.5708,2.86938,0.7854
1.5708,-0.7854,0,-2.3562,1.5708,2.86951,0.7854
1.5708,-0.7854,0,-2.3562,1.5708,2.86964,0.7854
1.5708,-0.7854,0,-2.3562,1.5708,2.86977,0.7854
1.5708,-0.7854,0,-2.3562,1.5708,2.86989,0.7854
1.5708,-0.7854,0,-2.3562,1.5708,2.87002,0.7854
1.5708,-0.7854,0,-2.3562,1.5708,2.87014,0.7854
1.5708,-0.7854,0,-2.3562,1.5708,2.87027,0.7854
1.5708,-0.7854,0,-2.3562,1.5708,2.87039,0.7854
1.5708,-0.7854,0,-2.3562,1.5708,2.87051,0.7854
1.5708,-0.7854,0,-2.3562,1.5708,2.87063,0.7854
1.5708,-0.7854,0,-2.3562,1.5708,2.87075,0.7854
1.5708,-0.7854,0,-2.3562,1.5708,2.87086,0.7854
1.5708,-0.7854,0,-2.3562,1.5708,2.87098,0.7854
1.5708,-0.7854,0,-2.3562,1.5708,2.87109,0.7854
1.5708,-0.7854,0,-2.3562,1.5708,2.87121,0.7854
1.5708,-0.7854,0,-2.3562,1.5708,2.87132,0.7854
1.5708,-0.7854,0,-2.3562,1.5708,2.87143,0.7854
1.5708,-0.7854,0,-2.3562,1.5708,2.87154,0.7854
1.5708,-0.7854,0,-2.3562,1.5708,2.87165,0.7854
1.5708,-0.7854,0,-2.3562,1.5708,2.87176,0.7854
1.5708,-0.7854,0,-2.3562,1.5708,2.87187,0.7854
1.5708,-0.7854,0,-2.3562,1.5708,2.87197,0.7854
1.5708,-0.7854,0,-2.3562,1.5708,2.87208,0.7854
1.5708,-0.7854,0,-2.3562,1.5708,2.87218,0.7854
1.5708,-0.7854,0,-2.3562,1.5708,2.87229,0.7854
1.5708,-0.7854,0,-2.3562,1.5708,2.87239,0.7854
1.5708,-0.7854,0,-2.3562,1.5708,2.87249,0.7854
1.5708,-0.7854,0,-2.3562,1.5708,2.87259,0.7854
1.5708,-0.7854,0,-2.3562,1.5708,2.87269,0.7854
1.5708,-0.7854,0,-2.3562,1.5708,2.87279,0.7854
1.5708,-0.7854,0,-2.3562,1.5708,2.87289,0.7854
1.5708,-0.7854,0,-2.3562,1.5708,2.87298,0.7854
1.5708,-0.7854,0,-2.3562,1.5708,2.87308,0.7854
1.5708,-0.7854,0,-2.3562,1.5708,2.87317,0.7854
1.5708,-0.7854,0,-2.3562,1.5708,2.87327,0.7854
1.5708,-0.7854,0,-2.3562,1.5708,2.87336,0.7854
1.5708,-0.7854,0,-2.3562,1.5708,2.87345,0.7854
1.5708,-0.7854,0,-2.3562,1.5708,2.87354,0.7854
1.5708,-0.7854,0,-2.3562,1.5708,2.87363,0.7854
1.5708,-0.7854,0,-2.3562,1.5708,2.87372,0.7854
1.5708,-0.7854,0,-2.3562,1.5708,2.87381,0.7854
1.5708,-0.7854,0,-2.3562,1.5708,2.87389,0.7854
1.5708,-0.7854,0,-2.3562,1.5708,2.87398,0.7854
1.5708,-0.7854,0,-2.3562,1.5708,2.87406,0.7854
1.5708,-0.7854,0,-2.3562,1.5708,2.87415,0.7854
1.5708,-0.7854,0,-2.3562,1.5708,2.87423,0.7854
1.5708,-0.7854,0,-2.3562,1.5708,2.87431,0.7854
1.5708,-0.7854,0,-2.3562,1.5708,2.87439,0.7854
1.5708,-0.7854,0,-2.3562,1.5708,2.87447,0.7854
1.5708,-0.7854,0,-2.3562,1.5708,2.87455,0.7854
1.5708,-0.7854,0,-2.3562,1.5708,2.87463,0.7854
1.5708,-0.7854,0,-2.3562,1.5708,2.87471,0.7854
1.5708,-0.7854,0,-2.3562,1.5708,2.87479,0.7854
1.5708,-0.7854,0,-2.3562,1.5708,2.87486,0.7854
1.5708,-0.7854,0,-2.3562,1.5708,2.87494,0.7854
1.5708,-0.7854,0,-2.3562,1.5708,2.87501,0.7854
1.5708,-0.7854,0,-2.3562,1.5708,2.87509,0.7854
1.5708,-0.7854,0,-2.3562,1.5708,2.87516,0.7854
1.5708,-0.7854,0,-2.3562,1.5708,2.87523,0.7854
1.5708,-0.7854,0,-2.3562,1.5708,2.8753,0.7854
1.5708,-0.7854,0,-2.3562,1.5708,2.87537,0.7854
1.5708,-0.7854,0,-2.3562,1.5708,2.87544,0.7854
1.5708,-0.7854,0,-2.3562,1.5708,2.87551,0.7854
1.5708,-0.7854,0,-2.3562,1.5708,2.87558,0.7854
1.5708,-0.7854,0,-2.3562,1.5708,2.87565,0.7854
1.5708,-0.7854,0,-2.3562,1.5708,2.87571,0.7854
1.5708,-0.7854,0,-2.3562,1.5708,2.87578,0.7854
1.5708,-0.7854,0,-2.3562,1.5708,2.87584,0.7854
1.5708,-0.7854,0,-2.3562,1.5708,2.87591,0.7854
1.5708,-0.7854,0,-2.3562,1.5708,2.87597,0.7854
1.5708,-0.7854,0,-2.3562,1.5708,2.87603,0.7854
1.5708,-0.7854,0,-2.3562,1.5708,2.8761,0.7854
1.5708,-0.7854,0,-2.3562,1.5708,2.87616,0.7854
1.5708,-0.7854,0,-2.3562,1.5708,2.87622,0.7854
1.5708,-0.7854,0,-2.3562,1.5708,2.87628,0.7854
1.5708,-0.7854,0,-2.3562,1.5708,2.87633,0.7854
1.5708,-0.7854,0,-2.3562,1.5708,2.87639,0.7854
1.5708,-0.7854,0,-2.3562,1.5708,2.87645,0.7854
1.5708,-0.7854,0,-2.3562,1.5708,2.87651,0.7854
1.5708,-0.7854,0,-2.3562,1.5708,2.87656,0.7854
1.5708,-0.7854,0,-2.3562,1.5708,2.87662,0.7854
1.5708,-0.7854,0,-2.3562,1.5708,2.87667,0.7854
1.5708,-0.7854,0,-2.3562,1.5708,2.87673,0.7854
1.5708,-0.7854,0,-2.3562,1.5708,2.87678,0.7854
1.5708,-0.7854,0,-2.3562,1.5708,2.87683,0.7854
1.5708,-0.7854,0,-2.3562,1.5708,2.87688,0.7854
1.5708,-0.7854,0,-2.3562,1.5708,2.87694,0.7854
1.5708,-0.7854,0,-2.3562,1.5708,2.87699,0.7854
1.5708,-0.7854,0,-2.3562,1.5708,2.87704,0.7854
1.5708,-0.7854,0,-2.3562,1.5708,2.87708,0.7854
1.5708,-0.7854,0,-2.3562,1.5708,2.87713,0.7854
1.5708,-0.7854,0,-2.3562,1.5708,2.87718,0.7854
1.5708,-0.7854,0,-2.3562,1.5708,2.87723,0.7854
1.5708,-0.7854,0,-2.3562,1.5708,2.87728,0.7854
1.5708,-0.7854,0,-2.3562,1.5708,2.87732,0.7854
1.5708,-0.7854,0,-2.3562,1.5708,2.87737,0.7854
1.5708,-0.7854,0,-2.3562,1.5708,2.87741,0.7854
1.5708,-0.7854,0,-2.3562,1.5708,2.87746,0.7854
1.5708,-0.7854,0,-2.3562,1.5708,2.8775,0.7854
1.5708,-0.7854,0,-2.3562,1.5708,2.87754,0.7854
1.5708,-0.7854,0,-2.3562,1.5708,2.87758,0.7854
1.5708,-0.7854,0,-2.3562,1.5708,2.87763,0.7854
1.5708,-0.7854,0,-2.3562,1.5708,2.87767,0.7854
1.5708,-0.7854,0,-2.3562,1.5708,2.87771,0.7854
1.5708,-0.7854,0,-2.3562,1.5708,2.87775,0.7854
1.5708,-0.7854,0,-2.3562,1.5708,2.87779,0.7854
1.5708,-0.7854,0,-2.3562,1.5708,2.87783,0.7854
1.5708,-0.7854,0,-2.3562,1.5708,2.87786,0.7854
1.5708,-0.7854,0,-2.3562,1.5708,2.8779,0.7854
1.5708,-0.7854,0,-2.3562,1.5708,2.87794,0.7854
1.5708,-0.7854,0,-2.3562,1.5708,2.87798,0.7854
1.5708,-0.7854,0,-2.3562,1.5708,2.87801,0.7854
1.5708,-0.7854,0,-2.3562,1.5708,2.87805,0.7854
1.5708,-0.7854,0,-2.3562,1.5708,2.87808,0.7854
1.5708,-0.7854,0,-2.3562,1.5708,2.87812,0.7854
1.5708,-0.7854,0,-2.3562,1.5708,2.87815,0.7854
1.5708,-0.7854,0,-2.3562,1.5708,2.87819,0.7854
1.5708,-0.7854,0,-2.3562,1.5708,2.87822,0.7854
1.5708,-0.7854,0,-2.3562,1.5708,2.87825,0.7854
1.5708,-0.7854,0,-2.3562,1.5708,2.87828,0.7854
1.5708,-0.7854,0,-2.3562,1.5708,2.87831,0.7854
1.5708,-0.7854,0,-2.3562,1.5708,2.87835,0.7854
1.5708,-0.7854,0,-2.3562,1.5708,2.87838,0.7854
1.5708,-0.7854,0,-2.3562,1.5708,2.87841,0.7854
1.5708,-0.7854,0,-2.3562,1.5708,2.87844,0.7854
1.5708,-0.7854,0,-2.3562,1.5708,2.87847,0.7854
1.5708,-0.7854,0,-2.3562,1.5708,2.87849,0.7854
1.5708,-0.7854,0,-2.3562,1.5708,2.87852,0.7854
1.5708,-0.7854,0,-2.3562,1.5708,2.87855,0.7854
1.5708,-0.7854,0,-2.3562,1.5708,2.87858,0.7854
1.5708,-0.7854,0,-2.3562,1.5708,2.8786,0.7854
1.5708,-0.7854,0,-2.3562,1.5708,2.87863,0.7854
1.5708,-0.7854,0,-2.3562,1.5708,2.87866,0.7854
1.5708,-0.7854,0,-2.3562,1.5708,2.87868,0.7854
1.5708,-0.7854,0,-2.3562,1.5708,2.87871,0.7854
1.5708,-0.7854,0,-2.3562,1.5708,2.87873,0.7854
1.5708,-0.7854,0,-2.3562,1.5708,2.87876,0.7854
1.5708,-0.7854,0,-2.3562,1.5708,2.87878,0.7854
1.5708,-0.7854,0,-2.3562,1.5708,2.8788,0.7854
1.5708,-0.7854,0,-2.3562,1.5708,2.87883,0.7854
1.5708,-0.7854,0,-2.3562,1.5708,2.87885,0.7854
1.5708,-0.7854,0,-2.3562,1.5708,2.87887,0.7854
1.5708,-0.7854,0,-2.3562,1.5708,2.87889,0.7854
1.5708,-0.7854,0,-2.3562,1.5708,2.87892,0.7854
1.5708,-0.7854,0,-2.3562,1.5708,2.87894,0.7854
1.5708,-0.7854,0,-2.3562,1.5708,2.87896,0.7854
1.5708,-0.7854,0,-2.3562,1.5708,2.87898,0.7854
1.5708,-0.7854,0,-2.3562,1.5708,2.879,0.7854
1.5708,-0.7854,0,-2.3562,1.5708,2.87902,0.7854
1.5708,-0.7854,0,-2.3562,1.5708,2.87904,0.7854
1.5708,-0.7854,0,-2.3562,1.5708,2.87906,0.7854
1.5708,-0.7854,0,-2.3562,1.5708,2.87907,0.7854
1.5708,-0.7854,0,-2.3562,1.5708,2.87909,0.7854
1.5708,-0.7854,0,-2.3562,1.5708,2.87911,0.7854
1.5708,-0.7854,0,-2.3562,1.5708,2.87913,0.7854
1.5708,-0.7854,0,-2.3562,1.5708,2.87915,0.7854
1.5708,-0.7854,0,-2.3562,1.5708,2.87916,0.7854
1.5708,-0.7854,0,-2.3562,1.5708,2.87918,0.7854
1.5708,-0.7854,0,-2.3562,1.5708,2.87919,0.7854
1.5708,-0.7854,0,-2.3562,1.5708,2.87921,0.7854
1.5708,-0.7854,0,-2.3562,1.5708,2.87923,0.7854
1.5708,-0.7854,0,-2.3562,1.5708,2.87924,0.7854
1.5708,-0.7854,0,-2.3562,1.5708,2.87926,0.7854
1.5708,-0.7854,0,-2.3562,1.5708,2.87927,0.7854
1.5708,-0.7854,0,-2.3562,1.5708,2.87929,0.7854
1.5708,-0.7854,0,-2.3562,1.5708,2.8793,0.7854
1.5708,-0.7854,0,-2.3562,1.5708,2.87931,0.7854
1.5708,-0.7854,0,-2.3562,1.5708,2.87933,0.7854
1.5708,-0.7854,0,-2.3562,1.5708,2.87934,0.7854
1.5708,-0.7854,0,-2.3562,1.5708,2.87935,0.7854
1.5708,-0.7854,0,-2.3562,1.5708,2.87937,0.7854
1.5708,-0.7854,0,-2.3562,1.5708,2.87938,0.7854
1.5708,-0.7854,0,-2.3562,1.5708,2.87939,0.7854
1.5708,-0.7854,0,-2.3562,1.5708,2.8794,0.7854
1.5708,-0.7854,0,-2.3562,1.5708,2.87941,0.7854
1.5708,-0.7854,0,-2.3562,1.5708,2.87943,0.7854
1.5708,-0.7854,0,-2.3562,1.5708,2.87944,0.7854
1.5708,-0.7854,0,-2.3562,1.5708,2.87945,0.7854
1.5708,-0.7854,0,-2.3562,1.5708,2.87946,0.7854
1.5708,-0.7854,0,-2.3562,1.5708,2.87947,0.7854
1.5708,-0.7854,0,-2.3562,1.5708,2.87948,0.7854
1.5708,-0.7854,0,-2.3562,1.5708,2.87949,0.7854
1.5708,-0.7854,0,-2.3562,1.5708,2.8795,0.7854
1.5708,-0.7854,0,-2.3562,1.5708,2.87951,0.7854
1.5708,-0.7854,0,-2.3562,1.5708,2.87952,0.7854
1.5708,-0.7854,0,-2.3562,1.5708,2.87953,0.7854
1.5708,-0.7854,0,-2.3562,1.5708,2.87953,0.7854
1.5708,-0.7854,0,-2.3562,1.5708,2.87954,0.7854
1.5708,-0.7854,0,-2.3562,1.5708,2.87955,0.7854
1.5708,-0.7854,0,-2.3562,1.5708,2.87956,0.7854
1.5708,-0.7854,0,-2.3562,1.5708,2.87957,0.7854
1.5708,-0.7854,0,-2.3562,1.5708,2.87958,0.7854
1.5708,-0.7854,0,-2.3562,1.5708,2.87958,0.7854
1.5708,-0.7854,0,-2.3562,1.5708,2.87959,0.7854
1.5708,-0.7854,0,-2.3562,1.5708,2.8796,0.7854
1.5708,-0.7854,0,-2.3562,1.5708,2.87961,0.7854
1.5708,-0.7854,0,-2.3562,1.5708,2.87961,0.7854
1.5708,-0.7854,0,-2.3562,1.5708,2.87962,0.7854
1.5708,-0.7854,0,-2.3562,1.5708,2.87962,0.7854
1.5708,-0.7854,0,-2.3562,1.5708,2.87963,0.7854
1.5708,-0.7854,0,-2.3562,1.5708,2.87964,0.7854
1.5708,-0.7854,0,-2.3562,1.5708,2.87964,0.7854
1.5708,-0.7854,0,-2.3562,1.5708,2.87965,0.7854
1.5708,-0.7854,0,-2.3562,1.5708,2.87965,0.7854
1.5708,-0.7854,0,-2.3562,1.5708,2.87966,0.7854
1.5708,-0.7854,0,-2.3562,1.5708,2.87967,0.7854
1.5708,-0.7854,0,-2.3562,1.5708,2.87967,0.7854
1.5708,-0.7854,0,-2.3562,1.5708,2.87968,0.7854
1.5708,-0.7854,0,-2.3562,1.5708,2.87968,0.7854
1.5708,-0.7854,0,-2.3562,1.5708,2.87969,0.7854
1.5708,-0.7854,0,-2.3562,1.5708,2.87969,0.7854
1.5708,-0.7854,0,-2.3562,1.5708,2.87969,0.7854
1.5708,-0.7854,0,-2.3562,1.5708,2.8797,0.7854
1.5708,-0.7854,0,-2.3562,1.5708,2.8797,0.7854
1.5708,-0.7854,0,-2.3562,1.5708,2.87971,0.7854
1.5708,-0.7854,0,-2.3562,1.5708,2.87971,0.7854
1.5708,-0.7854,0,-2.3562,1.5708,2.87971,0.7854
1.5708,-0.7854,0,-2.3562,1.5708,2.87972,0.7854
1.5708,-0.7854,0,-2.3562,1.5708,2.87972,0.7854
1.5708,-0.7854,0,-2.3562,1.5708,2.87973,0.7854
1.5708,-0.7854,0,-2.3562,1.5708,2.87973,0.7854
1.5708,-0.7854,0,-2.3562,1.5708,2.87973,0.7854
1.5708,-0.7854,0,-2.3562,1.5708,2.87973,0.7854
1.5708,-0.7854,0,-2.3562,1.5708,2.87974,0.7854
1.5708,-0.7854,0,-2.3562,1.5708,2.87974,0.7854
1.5708,-0.7854,0,-2.3562,1.5708,2.87974,0.7854
1.5708,-0.7854,0,-2.3562,1.5708,2.87975,0.7854
1.5708,-0.7854,0,-2.3562,1.5708,2.87975,0.7854
1.5708,-0.7854,0,-2.3562,1.5708,2.87975,0.7854
1.5708,-0.7854,0,-2.3562,1.5708,2.87975,0.7854
1.5708,-0.7854,0,-2.3562,1.5708,2.87976,0.7854
1.5708,-0.7854,0,-2.3562,1.5708,2.87976,0.7854
1.5708,-0.7854,0,-2.3562,1.5708,2.87976,0.7854
1.5708,-0.7854,0,-2.3562,1.5708,2.87976,0.7854
1.5708,-0.7854,0,-2.3562,1.5708,2.87976,0.7854
1.5708,-0.7854,0,-2.3562,1.5708,2.87977,0.7854
1.5708,-0.7854,0,-2.3562,1.5708,2.87977,0.7854
1.5708,-0.7854,0,-2.3562,1.5708,2.87977,0.7854
1.5708,-0.7854,0,-2.3562,1.5708,2.87977,0.7854
1.5708,-0.7854,0,-2.3562,1.5708,2.87977,0.7854
1.5708,-0.7854,0,-2.3562,1.5708,2.87977,0.7854
1.5708,-0.7854,0,-2.3562,1.5708,2.87978,0.7854
1.5708,-0.7854,0,-2.3562,1.5708,2.87978,0.7854
1.5708,-0.7854,0,-2.3562,1.5708,2.87978,0.7854
1.5708,-0.7854,0,-2.3562,1.5708,2.87978,0.7854
1.5708,-0.7854,0,-2.3562,1.5708,2.87978,0.7854
1.5708,-0.7854,0,-2.3562,1.5708,2.87978,0.7854
1.5708,-0.7854,0,-2.3562,1.5708,2.87978,0.7854
1.5708,-0.7854,0,-2.3562,1.5708,2.87978,0.7854
1.5708,-0.7854,0,-2.3562,1.5708,2.87979,0.7854
1.5708,-0.7854,0,-2.3562,1.5708,2.87979,0.7854
1.5708,-0.7854,0,-2.3562,1.5708,2.87979,0.7854
1.5708,-0.7854,0,-2.3562,1.5708,2.87979,0.7854
1.5708,-0.7854,0,-2.3562,1.5708,2.87979,0.7854
1.5708,-0.7854,0,-2.3562,1.5708,2.87979,0.7854
1.5708,-0.7854,0,-2.3562,1.5708,2.87979,0.7854
1.5708,-0.7854,0,-2.3562,1.5708,2.87979,0.7854
1.5708,-0.7854,0,-2.3562,1.5708,2.87979,0.7854
1.5708,-0.7854,0,-2.3562,1.5708,2.87979,0.7854
1.5708,-0.7854,0,-2.3562,1.5708,2.87979,0.7854
1.5708,-0.7854,0,-2.3562,1.5708,2.87979,0.7854
1.5708,-0.7854,0,-2.3562,1.5708,2.87979,0.7854
1.5708,-0.7854,0,-2.3562,1.5708,2.87979,0.7854
1.5708,-0.7854,0,-2.3562,1.5708,2.8798,0.7854
1.5708,-0.7854,0,-2.3562,1.5708,2.8798,0.7854
1.5708,-0.7854,0,-2.3562,1.5708,2.8798,0.7854
1.5708,-0.7854,0,-2.3562,1.5708,2.8798,0.7854
1.5708,-0.7854,0,-2.3562,1.5708,2.8798,0.7854
1.5708,-0.7854,0,-2.3562,1.5708,2.8798,0.7854
1.5708,-0.7854,0,-2.3562,1.5708,2.8798,0.7854
1.5708,-0.7854,0,-2.3562,1.5708,2.8798,0.7854
1.5708,-0.7854,0,-2.3562,1.5708,2.8798,0.7854
1.5708,-0.7854,0,-2.3562,1.5708,2.8798,0.7854
1.5708,-0.7854,0,-2.3562,1.5708,2.8798,0.7854
1.5708,-0.7854,0,-2.3562,1.5708,2.8798,0.7854
1.5708,-0.7854,0,-2.3562,1.5708,2.8798,0.7854
1.5708,-0.7854,0,-2.3562,1.5708,2.8798,0.7854
1.5708,-0.7854,0,-2.3562,1.5708,2.8798,0.7854
1.5708,-0.7854,0,-2.3562,1.5708,2.8798,0.7854
1.5708,-0.7854,0,-2.3562,1.5708,2.8798,0.7854
1.5708,-0.7854,0,-2.3562,1.5708,2.8798,0.7854
1.5708,-0.7854,0,-2.3562,1.5708,2.8798,0.7854
1.5708,-0.7854,0,-2.3562,1.5708,2.8798,0.7854
1.5708,-0.7854,0,-2.3562,1.5708,2.8798,0.7854
1.5708,-0.7854,0,-2.3562,1.5708,2.8798,0.7854
1.5708,-0.7854,0,-2.3562,1.5708,2.8798,0.7854
1.5708,-0.7854,0,-2.3562,1.5708,2.8798,0.7854
1.5708,-0.7854,0,-2.3562,1.5708,2.8798,0.7854
1.5708,-0.7854,0,-2.3562,1.5708,2.8798,0.7854
1.5708,-0.7854,0,-2.3562,1.5708,2.8798,0.7854
1.5708,-0.7854,0,-2.3562,1.5708,2.8798,0.7854
1.5708,-0.7854,0,-2.3562,1.5708,2.8798,0.7854
1.5708,-0.7854,0,-2.3562,1.5708,2.8798,0.7854
1.5708,-0.7854,0,-2.3562,1.5708,2.8798,0.7854
1.5708,-0.7854,0,-2.3562,1.5708,2.8798,0.7854
1.5708,-0.7854,0,-2.3562,1.5708,2.8798,0.7854
1.5708,-0.7854,0,-2.3562,1.5708,2.8798,0.7854
1.5708,-0.7854,0,-2.3562,1.5708,2.8798,0.7854
1.5708,-0.7854,0,-2.3562,1.5708,2.8798,0.7854
1.5708,-0.7854,0,-2.3562,1.5708,2.8798,0.7854
1.5708,-0.7854,0,-2.3562,1.5708,2.8798,0.7854
1.5708,-0.7854,0,-2.3562,1.5708,2.8798,0.7854
1.5708,-0.7854,0,-2.3562,1.5708,2.8798,0.7854
1.5708,-0.7854,0,-2.3562,1.5708,2.8798,0.7854
1.5708,-0.7854,0,-2.3562,1.5708,2.8798,0.7854
1.5708,-0.7854,0,-2.3562,1.5708,2.8798,0.7854
1.5708,-0.7854,0,-2.3562,1.5708,2.8798,0.7854
1.5708,-0.7854,0,-2.3562,1.5708,2.8798,0.7854
