0,-1.570800,-1.570800,-2.795200,0,1.570800,0.785400
0,-1.570800,-1.570800,-2.795200,0,1.570800,0.785400
0,-1.570800,-1.570800,-2.795200,0,1.570800,0.785400
0,-1.570800,-1.570800,-2.795200,0,1.570800,0.785400
0,-1.570800,-1.570800,-2.795200,0,1.570800,0.785400
0,-1.570800,-1.570800,-2.795200,0,1.570800,0.785400
0,-1.570800,-1.570800,-2.795200,0,1.570800,0.785400
0,-1.570800,-1.570800,-2.795200,0,1.570800,0.785400
0,-1.570800,-1.570800,-2.795200,0,1.570800,0.785400
0,-1.570800,-1.570800,-2.795200,0,1.570800,0.785400
0,-1.570800,-1.570800,-2.795200,0,1.570800,0.785400
0,-1.570800,-1.570800,-2.795200,0,1.570800,0.785400
0,-1.570800,-1.570800,-2.795200,0,1.570800,0.785400
0,-1.570800,-1.570800,-2.795200,0,1.570800,0.785400
0,-1.570800,-1.570800,-2.795200,0,1.570800,0.785400
0,-1.570800,-1.570800,-2.795200,0,1.570800,0.785400
0,-1.570800,-1.570800,-2.795200,0,1.570800,0.785400
0,-1.570800,-1.570800,-2.795200,0,1.570800,0.785400
0,-1.570800,-1.570800,-2.795200,0,1.570800,0.785400
0,-1.570800,-1.570800,-2.795200,0,1.570800,0.785400
0,-1.570800,-1.570800,-2.795199,0,1.570800,0.785400
0,-1.570800,-1.570800,-2.795199,0,1.570800,0.785400
0,-1.570800,-1.570800,-2.795199,0,1.570800,0.785400
0,-1.570800,-1.570800,-2.795199,0,1.570800,0.785400
0,-1.570800,-1.570800,-2.795199,0,1.570800,0.785400
0,-1.570800,-1.570800,-2.795199,0,1.570800,0.785400
0,-1.570800,-1.570800,-2.795199,0,1.570800,0.785400
0,-1.570800,-1.570800,-2.795198,0,1.570800,0.785400
0,-1.570800,-1.570800,-2.795198,0,1.570800,0.785400
0,-1.570800,-1.570800,-2.795198,0,1.570800,0.785400
0,-1.570800,-1.570800,-2.795197,0,1.570800,0.785400
0,-1.570800,-1.570800,-2.795197,0,1.570800,0.785400
0,-1.570800,-1.570800,-2.795197,0,1.570800,0.785400
0,-1.570800,-1.570800,-2.795196,0,1.570800,0.785400
0,-1.570800,-1.570800,-2.795196,0,1.570800,0.785400
0,-1.570800,-1.570800,-2.795195,0,1.570800,0.785400
0,-1.570800,-1.570800,-2.795195,0,1.570800,0.785400
0,-1.570800,-1.570800,-2.795194,0,1.570800,0.785400
0,-1.570800,-1.570800,-2.795193,0,1.570800,0.785400
0,-1.570800,-1.570800,-2.795192,0,1.570800,0.785400
0,-1.570800,-1.570800,-2.795192,0,1.570800,0.785400
0,-1.570800,-1.570800,-2.795191,0,1.570800,0.785400
0,-1.570800,-1.570800,-2.795190,0,1.570800,0.785400
0,-1.570800,-1.570800,-2.795189,0,1.570800,0.785400
0,-1.570800,-1.570800,-2.795188,0,1.570800,0.785400
0,-1.570800,-1.570800,-2.795187,0,1.570800,0.785400
0,-1.570800,-1.570800,-2.795185,0,1.570800,0.785400
0,-1.570800,-1.570800,-2.795184,0,1.570800,0.785400
0,-1.570800,-1.570800,-2.795183,0,1.570800,0.785400
0,-1.570800,-1.570800,-2.795181,0,1.570800,0.785400
0,-1.570800,-1.570800,-2.795180,0,1.570800,0.785400
0,-1.570800,-1.570800,-2.795178,0,1.570800,0.785400
0,-1.570800,-1.570800,-2.795176,0,1.570800,0.785400
0,-1.570800,-1.570800,-2.795174,0,1.570800,0.785400
0,-1.570800,-1.570800,-2.795172,0,1.570800,0.785400
0,-1.570800,-1.570800,-2.795170,0,1.570800,0.785400
0,-1.570800,-1.570800,-2.795168,0,1.570800,0.785400
0,-1.570800,-1.570800,-2.795166,0,1.570800,0.785400
0,-1.570800,-1.570800,-2.795163,0,1.570800,0.785400
0,-1.570800,-1.570800,-2.795161,0,1.570800,0.785400
0,-1.570800,-1.570800,-2.795158,0,1.570800,0.785400
0,-1.570800,-1.570800,-2.795155,0,1.570800,0.785400
0,-1.570800,-1.570800,-2.795152,0,1.570800,0.785400
0,-1.570800,-1.570800,-2.795149,0,1.570800,0.785400
0,-1.570800,-1.570800,-2.795146,0,1.570800,0.785400
0,-1.570800,-1.570800,-2.795142,0,1.570800,0.785400
0,-1.570800,-1.570800,-2.795139,0,1.570800,0.785400
0,-1.570800,-1.570800,-2.795135,0,1.570800,0.785400
0,-1.570800,-1.570800,-2.795131,0,1.570800,0.785400
0,-1.570800,-1.570800,-2.795127,0,1.570800,0.785400
0,-1.570800,-1.570800,-2.795122,0,1.570800,0.785400
0,-1.570800,-1.570800,-2.795118,0,1.570800,0.785400
0,-1.570800,-1.570800,-2.795113,0,1.570800,0.785400
0,-1.570800,-1.570800,-2.795108,0,1.570800,0.785400
0,-1.570800,-1.570800,-2.795103,0,1.570800,0.785400
0,-1.570800,-1.570800,-2.795098,0,1.570800,0.785400
0,-1.570800,-1.570800,-2.795092,0,1.570800,0.785400
0,-1.570800,-1.570800,-2.795086,0,1.570800,0.785400
0,-1.570800,-1.570800,-2.795080,0,1.570800,0.785400
0,-1.570800,-1.570800,-2.795074,0,1.570800,0.785400
0,-1.570800,-1.570800,-2.795068,0,1.570800,0.785400
0,-1.570800,-1.570800,-2.795061,0,1.570800,0.785400
0,-1.570800,-1.570800,-2.795054,0,1.570800,0.785400
0,-1.570800,-1.570800,-2.795047,0,1.570800,0.785400
0,-1.570800,-1.570800,-2.795039,0,1.570800,0.785400
0,-1.570800,-1.570800,-2.795032,0,1.570800,0.785400
0,-1.570800,-1.570800,-2.795024,0,1.570800,0.785400
0,-1.570800,-1.570800,-2.795015,0,1.570800,0.785400
0,-1.570800,-1.570800,-2.795007,0,1.570800,0.785400
0,-1.570800,-1.570800,-2.794998,0,1.570800,0.785400
0,-1.570800,-1.570800,-2.794989,0,1.570800,0.785400
0,-1.570800,-1.570800,-2.794979,0,1.570800,0.785400
0,-1.570800,-1.570800,-2.794969,0,1.570800,0.785400
0,-1.570800,-1.570800,-2.794959,0,1.570800,0.785400
0,-1.570800,-1.570800,-2.794949,0,1.570800,0.785400
0,-1.570800,-1.570800,-2.794938,0,1.570800,0.785400
0,-1.570800,-1.570800,-2.794927,0,1.570800,0.785400
0,-1.570800,-1.570800,-2.794915,0,1.570800,0.785400
0,-1.570800,-1.570800,-2.794903,0,1.570800,0.785400
0,-1.570800,-1.570800,-2.794891,0,1.570800,0.785400
0,-1.570800,-1.570800,-2.794879,0,1.570800,0.785400
0,-1.570800,-1.570800,-2.794866,0,1.570800,0.785400
0,-1.570800,-1.570800,-2.794852,0,1.570800,0.785400
0,-1.570800,-1.570800,-2.794839,0,1.570800,0.785400
0,-1.570800,-1.570800,-2.794824,0,1.570800,0.785400
0,-1.570800,-1.570800,-2.794810,0,1.570800,0.785400
0,-1.570800,-1.570800,-2.794795,0,1.570800,0.785400
0,-1.570800,-1.570800,-2.794780,0,1.570800,0.785400
0,-1.570800,-1.570800,-2.794764,0,1.570800,0.785400
0,-1.570800,-1.570800,-2.794747,0,1.570800,0.785400
0,-1.570800,-1.570800,-2.794731,0,1.570800,0.785400
0,-1.570800,-1.570800,-2.794714,0,1.570800,0.785400
0,-1.570800,-1.570800,-2.794696,0,1.570800,0.785400
0,-1.570800,-1.570800,-2.794678,0,1.570800,0.785400
0,-1.570800,-1.570800,-2.794659,0,1.570800,0.785400
0,-1.570800,-1.570800,-2.794640,0,1.570800,0.785400
0,-1.570800,-1.570800,-2.794621,0,1.570800,0.785400
0,-1.570800,-1.570800,-2.794601,0,1.570800,0.785400
0,-1.570800,-1.570800,-2.794580,0,1.570800,0.785400
0,-1.570800,-1.570800,-2.794559,0,1.570800,0.785400
0,-1.570800,-1.570800,-2.794537,0,1.570800,0.785400
0,-1.570800,-1.570800,-2.794515,0,1.570800,0.785400
0,-1.570800,-1.570800,-2.794493,0,1.570800,0.785400
0,-1.570800,-1.570800,-2.794469,0,1.570800,0.785400
0,-1.570800,-1.570800,-2.794445,0,1.570800,0.785400
0,-1.570800,-1.570800,-2.794421,0,1.570800,0.785400
0,-1.570800,-1.570800,-2.794396,0,1.570800,0.785400
0,-1.570800,-1.570800,-2.794370,0,1.570800,0.785400
0,-1.570800,-1.570800,-2.794344,0,1.570800,0.785400
0,-1.570800,-1.570800,-2.794318,0,1.570800,0.785400
0,-1.570800,-1.570800,-2.794290,0,1.570800,0.785400
0,-1.570800,-1.570800,-2.794262,0,1.570800,0.785400
0,-1.570800,-1.570800,-2.794234,0,1.570800,0.785400
0,-1.570800,-1.570800,-2.794204,0,1.570800,0.785400
0,-1.570800,-1.570800,-2.794174,0,1.570800,0.785400
0,-1.570800,-1.570800,-2.794144,0,1.570800,0.785400
0,-1.570800,-1.570800,-2.794112,0,1.570800,0.785400
0,-1.570800,-1.570800,-2.794080,0,1.570800,0.785400
0,-1.570800,-1.570800,-2.794048,0,1.570800,0.785400
0,-1.570800,-1.570800,-2.794014,0,1.570800,0.785400
0,-1.570800,-1.570800,-2.793980,0,1.570800,0.785400
0,-1.570800,-1.570800,-2.793946,0,1.570800,0.785400
0,-1.570800,-1.570800,-2.793910,0,1.570800,0.785400
0,-1.570800,-1.570800,-2.793874,0,1.570800,0.785400
0,-1.570800,-1.570800,-2.793837,0,1.570800,0.785400
0,-1.570800,-1.570800,-2.793799,0,1.570800,0.785400
0,-1.570800,-1.570800,-2.793761,0,1.570800,0.785400
0,-1.570800,-1.570800,-2.793721,0,1.570800,0.785400
0,-1.570800,-1.570800,-2.793681,0,1.570800,0.785400
0,-1.570800,-1.570800,-2.793640,0,1.570800,0.785400
0,-1.570800,-1.570800,-2.793599,0,1.570800,0.785400
0,-1.570800,-1.570800,-2.793556,0,1.570800,0.785400
0,-1.570800,-1.570800,-2.793513,0,1.570800,0.785400
0,-1.570800,-1.570800,-2.793469,0,1.570800,0.785400
0,-1.570800,-1.570800,-2.793424,0,1.570800,0.785400
0,-1.570800,-1.570800,-2.793378,0,1.570800,0.785400
0,-1.570800,-1.570800,-2.793331,0,1.570800,0.785400
0,-1.570800,-1.570800,-2.793283,0,1.570800,0.785400
0,-1.570800,-1.570800,-2.793235,0,1.570800,0.785400
0,-1.570800,-1.570800,-2.793185,0,1.570800,0.785400
0,-1.570800,-1.570800,-2.793135,0,1.570800,0.785400
0,-1.570800,-1.570800,-2.793084,0,1.570800,0.785400
0,-1.570800,-1.570800,-2.793032,0,1.570800,0.785400
0,-1.570800,-1.570800,-2.792978,0,1.570800,0.785400
0,-1.570800,-1.570800,-2.792924,0,1.570800,0.785400
0,-1.570800,-1.570800,-2.792869,0,1.570800,0.785400
0,-1.570800,-1.570800,-2.792813,0,1.570800,0.785400
0,-1.570800,-1.570800,-2.792756,0,1.570800,0.785400
0,-1.570800,-1.570800,-2.792698,0,1.570800,0.785400
0,-1.570800,-1.570800,-2.792639,0,1.570800,0.785400
0,-1.570800,-1.570800,-2.792579,0,1.570800,0.785400
0,-1.570800,-1.570800,-2.792518,0,1.570800,0.785400
0,-1.570800,-1.570800,-2.792456,0,1.570800,0.785400
0,-1.570800,-1.570800,-2.792393,0,1.570800,0.785400
0,-1.570800,-1.570800,-2.792329,0,1.570800,0.785400
0,-1.570800,-1.570800,-2.792263,0,1.570800,0.785400
0,-1.570800,-1.570800,-2.792197,0,1.570800,0.785400
0,-1.570800,-1.570800,-2.792130,0,1.570800,0.785400
0,-1.570800,-1.570800,-2.792061,0,1.570800,0.785400
0,-1.570800,-1.570800,-2.791991,0,1.570800,0.785400
0,-1.570800,-1.570800,-2.791920,0,1.570800,0.785400
0,-1.570800,-1.570800,-2.791848,0,1.570800,0.785400
0,-1.570800,-1.570800,-2.791775,0,1.570800,0.785400
0,-1.570800,-1.570800,-2.791701,0,1.570800,0.785400
0,-1.570800,-1.570800,-2.791626,0,1.570800,0.785400
0,-1.570800,-1.570800,-2.791549,0,1.570800,0.785400
0,-1.570800,-1.570800,-2.791471,0,1.570800,0.785400
0,-1.570800,-1.570800,-2.791392,0,1.570800,0.785400
0,-1.570800,-1.570800,-2.791312,0,1.570800,0.785400
0,-1.570800,-1.570800,-2.791230,0,1.570800,0.785400
0,-1.570800,-1.570800,-2.791147,0,1.570800,0.785400
0,-1.570800,-1.570800,-2.791063,0,1.570800,0.785400
0,-1.570800,-1.570800,-2.790978,0,1.570800,0.785400
0,-1.570800,-1.570800,-2.790892,0,1.570800,0.785400
0,-1.570800,-1.570800,-2.790804,0,1.570800,0.785400
0,-1.570800,-1.570800,-2.790715,0,1.570800,0.785400
0,-1.570800,-1.570800,-2.790624,0,1.570800,0.785400
0,-1.570800,-1.570800,-2.790532,0,1.570800,0.785400
0,-1.570800,-1.570800,-2.790439,0,1.570800,0.785400
0,-1.570800,-1.570800,-2.790345,0,1.570800,0.785400
0,-1.570800,-1.570800,-2.790249,0,1.570800,0.785400
0,-1.570800,-1.570800,-2.790152,0,1.570800,0.785400
0,-1.570800,-1.570800,-2.790053,0,1.570800,0.785400
0,-1.570800,-1.570800,-2.789953,0,1.570800,0.785400
0,-1.570800,-1.570800,-2.789852,0,1.570800,0.785400
0,-1.570800,-1.570800,-2.789749,0,1.570800,0.785400
0,-1.570800,-1.570800,-2.789644,0,1.570800,0.785400
0,-1.570800,-1.570800,-2.789539,0,1.570800,0.785400
0,-1.570800,-1.570800,-2.789432,0,1.570800,0.785400
0,-1.570800,-1.570800,-2.789323,0,1.570800,0.785400
0,-1.570800,-1.570800,-2.789213,0,1.570800,0.785400
0,-1.570800,-1.570800,-2.789101,0,1.570800,0.785400
0,-1.570800,-1.570800,-2.788988,0,1.570800,0.785400
0,-1.570800,-1.570800,-2.788873,0,1.570800,0.785400
0,-1.570800,-1.570800,-2.788757,0,1.570800,0.785400
0,-1.570800,-1.570800,-2.788639,0,1.570800,0.785400
0,-1.570800,-1.570800,-2.788520,0,1.570800,0.785400
0,-1.570800,-1.570800,-2.788399,0,1.570800,0.785400
0,-1.570800,-1.570800,-2.788277,0,1.570800,0.785400
0,-1.570800,-1.570800,-2.788153,0,1.570800,0.785400
0,-1.570800,-1.570800,-2.788027,0,1.570800,0.785400
0,-1.570800,-1.570800,-2.787900,0,1.570800,0.785400
0,-1.570800,-1.570800,-2.787771,0,1.570800,0.785400
0,-1.570800,-1.570800,-2.787640,0,1.570800,0.785400
0,-1.570800,-1.570800,-2.787508,0,1.570800,0.785400
0,-1.570800,-1.570800,-2.787374,0,1.570800,0.785400
0,-1.570800,-1.570800,-2.787239,0,1.570800,0.785400
0,-1.570800,-1.570800,-2.787102,0,1.570800,0.785400
0,-1.570800,-1.570800,-2.786963,0,1.570800,0.785400
0,-1.570800,-1.570800,-2.786822,0,1.570800,0.785400
0,-1.570800,-1.570800,-2.786680,0,1.570800,0.785400
0,-1.570800,-1.570800,-2.786536,0,1.570800,0.785400
0,-1.570800,-1.570800,-2.786390,0,1.570800,0.785400
0,-1.570800,-1.570800,-2.786242,0,1.570800,0.785400
0,-1.570800,-1.570800,-2.786093,0,1.570800,0.785400
0,-1.570800,-1.570800,-2.785941,0,1.570800,0.785400
0,-1.570800,-1.570800,-2.785788,0,1.570800,0.785400
0,-1.570800,-1.570800,-2.785633,0,1.570800,0.785400
0,-1.570800,-1.570800,-2.785477,0,1.570800,0.785400
0,-1.570800,-1.570800,-2.785318,0,1.570800,0.785400
0,-1.570800,-1.570800,-2.785158,0,1.570800,0.785400
0,-1.570800,-1.570800,-2.784996,0,1.570800,0.785400
0,-1.570800,-1.570800,-2.784832,0,1.570800,0.785400
0,-1.570800,-1.570800,-2.784666,0,1.570800,0.785400
0,-1.570800,-1.570800,-2.784498,0,1.570800,0.785400
0,-1.570800,-1.570800,-2.784328,0,1.570800,0.785400
0,-1.570800,-1.570800,-2.784156,0,1.570800,0.785400
0,-1.570800,-1.570800,-2.783982,0,1.570800,0.785400
0,-1.570800,-1.570800,-2.783807,0,1.570800,0.785400
0,-1.570800,-1.570800,-2.783629,0,1.570800,0.785400
0,-1.570800,-1.570800,-2.783449,0,1.570800,0.785400
0,-1.570800,-1.570800,-2.783268,0,1.570800,0.785400
0,-1.570800,-1.570800,-2.783084,0,1.570800,0.785400
0,-1.570800,-1.570800,-2.782898,0,1.570800,0.785400
0,-1.570800,-1.570800,-2.782711,0,1.570800,0.785400
0,-1.570800,-1.570800,-2.782521,0,1.570800,0.785400
0,-1.570800,-1.570800,-2.782329,0,1.570800,0.785400
0,-1.570800,-1.570800,-2.782135,0,1.570800,0.785400
0,-1.570800,-1.570800,-2.781939,0,1.570800,0.785400
0,-1.570800,-1.570800,-2.781741,0,1.570800,0.785400
0,-1.570800,-1.570800,-2.781541,0,1.570800,0.785400
0,-1.570800,-1.570800,-2.781339,0,1.570800,0.785400
0,-1.570800,-1.570800,-2.781135,0,1.570800,0.785400
0,-1.570800,-1.570800,-2.780928,0,1.570800,0.785400
0,-1.570800,-1.570800,-2.780719,0,1.570800,0.785400
0,-1.570800,-1.570800,-2.780508,0,1.570800,0.785400
0,-1.570800,-1.570800,-2.780295,0,1.570800,0.785400
0,-1.570800,-1.570800,-2.780080,0,1.570800,0.785400
0,-1.570800,-1.570800,-2.779863,0,1.570800,0.785400
0,-1.570800,-1.570800,-2.779643,0,1.570800,0.785400
0,-1.570800,-1.570800,-2.779421,0,1.570800,0.785400
0,-1.570800,-1.570800,-2.779197,0,1.570800,0.785400
0,-1.570800,-1.570800,-2.778970,0,1.570800,0.785400
0,-1.570800,-1.570800,-2.778742,0,1.570800,0.785400
0,-1.570800,-1.570800,-2.778511,0,1.570800,0.785400
0,-1.570800,-1.570800,-2.778277,0,1.570800,0.785400
0,-1.570800,-1.570800,-2.778042,0,1.570800,0.785400
0,-1.570800,-1.570800,-2.777804,0,1.570800,0.785400
0,-1.570800,-1.570800,-2.777564,0,1.570800,0.785400
0,-1.570800,-1.570800,-2.777321,0,1.570800,0.785400
0,-1.570800,-1.570800,-2.777076,0,1.570800,0.785400
0,-1.570800,-1.570800,-2.776829,0,1.570800,0.785400
0,-1.570800,-1.570800,-2.776579,0,1.570800,0.785400
0,-1.570800,-1.570800,-2.776327,0,1.570800,0.785400
0,-1.570800,-1.570800,-2.776072,0,1.570800,0.785400
0,-1.570800,-1.570800,-2.775815,0,1.570800,0.785400
0,-1.570800,-1.570800,-2.775556,0,1.570800,0.785400
0,-1.570800,-1.570800,-2.775294,0,1.570800,0.785400
0,-1.570800,-1.570800,-2.775030,0,1.570800,0.785400
0,-1.570800,-1.570800,-2.774763,0,1.570800,0.785400
0,-1.570800,-1.570800,-2.774494,0,1.570800,0.785400
0,-1.570800,-1.570800,-2.774222,0,1.570800,0.785400
0,-1.570800,-1.570800,-2.773948,0,1.570800,0.785400
0,-1.570800,-1.570800,-2.773671,0,1.570800,0.785400
0,-1.570800,-1.570800,-2.773392,0,1.570800,0.785400
0,-1.570800,-1.570800,-2.773110,0,1.570800,0.785400
0,-1.570800,-1.570800,-2.772826,0,1.570800,0.785400
0,-1.570800,-1.570800,-2.772539,0,1.570800,0.785400
0,-1.570800,-1.570800,-2.772249,0,1.570800,0.785400
0,-1.570800,-1.570800,-2.771957,0,1.570800,0.785400
0,-1.570800,-1.570800,-2.771662,0,1.570800,0.785400
0,-1.570800,-1.570800,-2.771365,0,1.570800,0.785400
0,-1.570800,-1.570800,-2.771065,0,1.570800,0.785400
0,-1.570800,-1.570800,-2.770762,0,1.570800,0.785400
0,-1.570800,-1.570800,-2.770457,0,1.570800,0.785400
0,-1.570800,-1.570800,-2.770149,0,1.570800,0.785400
0,-1.570800,-1.570800,-2.769838,0,1.570800,0.785400
0,-1.570800,-1.570800,-2.769525,0,1.570800,0.785400
0,-1.570800,-1.570800,-2.769209,0,1.570800,0.785400
0,-1.570800,-1.570800,-2.768890,0,1.570800,0.785400
0,-1.570800,-1.570800,-2.768568,0,1.570800,0.785400
0,-1.570800,-1.570800,-2.768244,0,1.570800,0.785400
0,-1.570800,-1.570800,-2.767917,0,1.570800,0.785400
0,-1.570800,-1.570800,-2.767587,0,1.570800,0.785400
0,-1.570800,-1.570800,-2.767255,0,1.570800,0.785400
0,-1.570800,-1.570800,-2.766920,0,1.570800,0.785400
0,-1.570800,-1.570800,-2.766582,0,1.570800,0.785400
0,-1.570800,-1.570800,-2.766241,0,1.570800,0.785400
0,-1.570800,-1.570800,-2.765897,0,1.570800,0.785400
0,-1.570800,-1.570800,-2.765550,0,1.570800,0.785400
0,-1.570800,-1.570800,-2.765201,0,1.570800,0.785400
0,-1.570800,-1.570800,-2.764849,0,1.570800,0.785400
0,-1.570800,-1.570800,-2.764494,0,1.570800,0.785400
0,-1.570800,-1.570800,-2.764136,0,1.570800,0.785400
0,-1.570800,-1.570800,-2.763775,0,1.570800,0.785400
0,-1.570800,-1.570800,-2.763411,0,1.570800,0.785400
0,-1.570800,-1.570800,-2.763044,0,1.570800,0.785400
0,-1.570800,-1.570800,-2.762675,0,1.570800,0.785400
0,-1.570800,-1.570800,-2.762302,0,1.570800,0.785400
0,-1.570800,-1.570800,-2.761926,0,1.570800,0.785400
0,-1.570800,-1.570800,-2.761548,0,1.570800,0.785400
0,-1.570800,-1.570800,-2.761167,0,1.570800,0.785400
0,-1.570800,-1.570800,-2.760782,0,1.570800,0.785400
0,-1.570800,-1.570800,-2.760395,0,1.570800,0.785400
0,-1.570800,-1.570800,-2.760004,0,1.570800,0.785400
0,-1.570800,-1.570800,-2.759611,0,1.570800,0.785400
0,-1.570800,-1.570800,-2.759214,0,1.570800,0.785400
0,-1.570800,-1.570800,-2.758815,0,1.570800,0.785400
0,-1.570800,-1.570800,-2.758412,0,1.570800,0.785400
0,-1.570800,-1.570800,-2.758007,0,1.570800,0.785400
0,-1.570800,-1.570800,-2.757598,0,1.570800,0.785400
0,-1.570800,-1.570800,-2.757187,0,1.570800,0.785400
0,-1.570800,-1.570800,-2.756772,0,1.570800,0.785400
0,-1.570800,-1.570800,-2.756354,0,1.570800,0.785400
0,-1.570800,-1.570800,-2.755933,0,1.570800,0.785400
0,-1.570800,-1.570800,-2.755509,0,1.570800,0.785400
0,-1.570800,-1.570800,-2.755081,0,1.570800,0.785400
0,-1.570800,-1.570800,-2.754651,0,1.570800,0.785400
0,-1.570800,-1.570800,-2.754217,0,1.570800,0.785400
0,-1.570800,-1.570800,-2.753781,0,1.570800,0.785400
0,-1.570800,-1.570800,-2.753341,0,1.570800,0.785400
0,-1.570800,-1.570800,-2.752898,0,1.570800,0.785400
0,-1.570800,-1.570800,-2.752451,0,1.570800,0.785400
0,-1.570800,-1.570800,-2.752002,0,1.570800,0.785400
0,-1.570800,-1.570800,-2.751549,0,1.570800,0.785400
0,-1.570800,-1.570800,-2.751093,0,1.570800,0.785400
0,-1.570800,-1.570800,-2.750634,0,1.570800,0.785400
0,-1.570800,-1.570800,-2.750172,0,1.570800,0.785400
0,-1.570800,-1.570800,-2.749706,0,1.570800,0.785400
0,-1.570800,-1.570800,-2.749237,0,1.570800,0.785400
0,-1.570800,-1.570800,-2.748765,0,1.570800,0.785400
0,-1.570800,-1.570800,-2.748289,0,1.570800,0.785400
0,-1.570800,-1.570800,-2.747810,0,1.570800,0.785400
0,-1.570800,-1.570800,-2.747328,0,1.570800,0.785400
0,-1.570800,-1.570800,-2.746843,0,1.570800,0.785400
0,-1.570800,-1.570800,-2.746354,0,1.570800,0.785400
0,-1.570800,-1.570800,-2.745862,0,1.570800,0.785400
0,-1.570800,-1.570800,-2.745367,0,1.570800,0.785400
0,-1.570800,-1.570800,-2.744868,0,1.570800,0.785400
0,-1.570800,-1.570800,-2.744366,0,1.570800,0.785400
0,-1.570800,-1.570800,-2.743860,0,1.570800,0.785400
0,-1.570800,-1.570800,-2.743352,0,1.570800,0.785400
0,-1.570800,-1.570800,-2.742839,0,1.570800,0.785400
0,-1.570800,-1.570800,-2.742324,0,1.570800,0.785400
0,-1.570800,-1.570800,-2.741805,0,1.570800,0.785400
0,-1.570800,-1.570800,-2.741282,0,1.570800,0.785400
0,-1.570800,-1.570800,-2.740756,0,1.570800,0.785400
0,-1.570800,-1.570800,-2.740227,0,1.570800,0.785400
0,-1.570800,-1.570800,-2.739694,0,1.570800,0.785400
0,-1.570800,-1.570800,-2.739158,0,1.570800,0.785400
0,-1.570800,-1.570800,-2.738618,0,1.570800,0.785400
0,-1.570800,-1.570800,-2.738075,0,1.570800,0.785400
0,-1.570800,-1.570800,-2.737528,0,1.570800,0.785400
0,-1.570800,-1.570800,-2.736978,0,1.570800,0.785400
0,-1.570800,-1.570800,-2.736425,0,1.570800,0.785400
0,-1.570800,-1.570800,-2.735867,0,1.570800,0.785400
0,-1.570800,-1.570800,-2.735307,0,1.570800,0.785400
0,-1.570800,-1.570800,-2.734743,0,1.570800,0.785400
0,-1.570800,-1.570800,-2.734175,0,1.570800,0.785400
0,-1.570800,-1.570800,-2.733604,0,1.570800,0.785400
0,-1.570800,-1.570800,-2.733029,0,1.570800,0.785400
0,-1.570800,-1.570800,-2.732451,0,1.570800,0.785400
0,-1.570800,-1.570800,-2.731869,0,1.570800,0.785400
0,-1.570800,-1.570800,-2.731283,0,1.570800,0.785400
0,-1.570800,-1.570800,-2.730694,0,1.570800,0.785400
0,-1.570800,-1.570800,-2.730101,0,1.570800,0.785400
0,-1.570800,-1.570800,-2.729505,0,1.570800,0.785400
0,-1.570800,-1.570800,-2.728905,0,1.570800,0.785400
0,-1.570800,-1.570800,-2.728302,0,1.570800,0.785400
0,-1.570800,-1.570800,-2.727695,0,1.570800,0.785400
0,-1.570800,-1.570800,-2.727084,0,1.570800,0.785400
0,-1.570800,-1.570800,-2.726470,0,1.570800,0.785400
0,-1.570800,-1.570800,-2.725852,0,1.570800,0.785400
0,-1.570800,-1.570800,-2.725230,0,1.570800,0.785400
0,-1.570800,-1.570800,-2.724605,0,1.570800,0.785400
0,-1.570800,-1.570800,-2.723976,0,1.570800,0.785400
0,-1.570800,-1.570800,-2.723344,0,1.570800,0.785400
0,-1.570800,-1.570800,-2.722707,0,1.570800,0.785400
0,-1.570800,-1.570800,-2.722067,0,1.570800,0.785400
0,-1.570800,-1.570800,-2.721424,0,1.570800,0.785400
0,-1.570800,-1.570800,-2.720776,0,1.570800,0.785400
0,-1.570800,-1.570800,-2.720125,0,1.570800,0.785400
0,-1.570800,-1.570800,-2.719471,0,1.570800,0.785400
0,-1.570800,-1.570800,-2.718812,0,1.570800,0.785400
0,-1.570800,-1.570800,-2.718150,0,1.570800,0.785400
0,-1.570800,-1.570800,-2.717484,0,1.570800,0.785400
0,-1.570800,-1.570800,-2.716814,0,1.570800,0.785400
0,-1.570800,-1.570800,-2.716141,0,1.570800,0.785400
0,-1.570800,-1.570800,-2.715464,0,1.570800,0.785400
0,-1.570800,-1.570800,-2.714783,0,1.570800,0.785400
0,-1.570800,-1.570800,-2.714098,0,1.570800,0.785400
0,-1.570800,-1.570800,-2.713410,0,1.570800,0.785400
0,-1.570800,-1.570800,-2.712718,0,1.570800,0.785400
0,-1.570800,-1.570800,-2.712022,0,1.570800,0.785400
0,-1.570800,-1.570800,-2.711322,0,1.570800,0.785400
0,-1.570800,-1.570800,-2.710618,0,1.570800,0.785400
0,-1.570800,-1.570800,-2.709911,0,1.570800,0.785400
0,-1.570800,-1.570800,-2.709200,0,1.570800,0.785400
0,-1.570800,-1.570800,-2.708485,0,1.570800,0.785400
0,-1.570800,-1.570800,-2.707766,0,1.570800,0.785400
0,-1.570800,-1.570800,-2.707044,0,1.570800,0.785400
0,-1.570800,-1.570800,-2.706317,0,1.570800,0.785400
0,-1.570800,-1.570800,-2.705587,0,1.570800,0.785400
0,-1.570800,-1.570800,-2.704853,0,1.570800,0.785400
0,-1.570800,-1.570800,-2.704115,0,1.570800,0.785400
0,-1.570800,-1.570800,-2.703373,0,1.570800,0.785400
0,-1.570800,-1.570800,-2.702628,0,1.570800,0.785400
0,-1.570800,-1.570800,-2.701878,0,1.570800,0.785400
0,-1.570800,-1.570800,-2.701125,0,1.570800,0.785400
0,-1.570800,-1.570800,-2.700368,0,1.570800,0.785400
0,-1.570800,-1.570800,-2.699607,0,1.570800,0.785400
0,-1.570800,-1.570800,-2.698842,0,1.570800,0.785400
0,-1.570800,-1.570800,-2.698073,0,1.570800,0.785400
0,-1.570800,-1.570800,-2.697300,0,1.570800,0.785400
0,-1.570800,-1.570800,-2.696524,0,1.570800,0.785400
0,-1.570800,-1.570800,-2.695743,0,1.570800,0.785400
0,-1.570800,-1.570800,-2.694959,0,1.570800,0.785400
0,-1.570800,-1.570800,-2.694171,0,1.570800,0.785400
0,-1.570800,-1.570800,-2.693379,0,1.570800,0.785400
0,-1.570800,-1.570800,-2.692582,0,1.570800,0.785400
0,-1.570800,-1.570800,-2.691783,0,1.570800,0.785400
0,-1.570800,-1.570800,-2.690979,0,1.570800,0.785400
0,-1.570800,-1.570800,-2.690171,0,1.570800,0.785400
0,-1.570800,-1.570800,-2.689359,0,1.570800,0.785400
0,-1.570800,-1.570800,-2.688544,0,1.570800,0.785400
0,-1.570800,-1.570800,-2.687724,0,1.570800,0.785400
0,-1.570800,-1.570800,-2.686900,0,1.570800,0.785400
0,-1.570800,-1.570800,-2.686073,0,1.570800,0.785400
0,-1.570800,-1.570800,-2.685242,0,1.570800,0.785400
0,-1.570800,-1.570800,-2.684406,0,1.570800,0.785400
0,-1.570800,-1.570800,-2.683567,0,1.570800,0.785400
0,-1.570800,-1.570800,-2.682724,0,1.570800,0.785400
0,-1.570800,-1.570800,-2.681877,0,1.570800,0.785400
0,-1.570800,-1.570800,-2.681026,0,1.570800,0.785400
0,-1.570800,-1.570800,-2.680171,0,1.570800,0.785400
0,-1.570800,-1.570800,-2.679312,0,1.570800,0.785400
0,-1.570800,-1.570800,-2.678449,0,1.570800,0.785400
0,-1.570800,-1.570800,-2.677582,0,1.570800,0.785400
0,-1.570800,-1.570800,-2.676711,0,1.570800,0.785400
0,-1.570800,-1.570800,-2.675836,0,1.570800,0.785400
0,-1.570800,-1.570800,-2.674957,0,1.570800,0.785400
0,-1.570800,-1.570800,-2.674074,0,1.570800,0.785400
0,-1.570800,-1.570800,-2.673188,0,1.570800,0.785400
0,-1.570800,-1.570800,-2.672297,0,1.570800,0.785400
0,-1.570800,-1.570800,-2.671402,0,1.570800,0.785400
0,-1.570800,-1.570800,-2.670504,0,1.570800,0.785400
0,-1.570800,-1.570800,-2.669601,0,1.570800,0.785400
0,-1.570800,-1.570800,-2.668694,0,1.570800,0.785400
0,-1.570800,-1.570800,-2.667784,0,1.570800,0.785400
0,-1.570800,-1.570800,-2.666869,0,1.570800,0.785400
0,-1.570800,-1.570800,-2.665950,0,1.570800,0.785400
0,-1.570800,-1.570800,-2.665028,0,1.570800,0.785400
0,-1.570800,-1.570800,-2.664101,0,1.570800,0.785400
0,-1.570800,-1.570800,-2.663171,0,1.570800,0.785400
0,-1.570800,-1.570800,-2.662236,0,1.570800,0.785400
0,-1.570800,-1.570800,-2.661298,0,1.570800,0.785400
0,-1.570800,-1.570800,-2.660355,0,1.570800,0.785400
0,-1.570800,-1.570800,-2.659409,0,1.570800,0.785400
0,-1.570800,-1.570800,-2.658458,0,1.570800,0.785400
0,-1.570800,-1.570800,-2.657504,0,1.570800,0.785400
0,-1.570800,-1.570800,-2.656545,0,1.570800,0.785400
0,-1.570800,-1.570800,-2.655583,0,1.570800,0.785400
0,-1.570800,-1.570800,-2.654616,0,1.570800,0.785400
0,-1.570800,-1.570800,-2.653646,0,1.570800,0.785400
0,-1.570800,-1.570800,-2.652671,0,1.570800,0.785400
0,-1.570800,-1.570800,-2.651693,0,1.570800,0.785400
0,-1.570800,-1.570800,-2.650711,0,1.570800,0.785400
0,-1.570800,-1.570800,-2.649724,0,1.570800,0.785400
0,-1.570800,-1.570800,-2.648734,0,1.570800,0.785400
0,-1.570800,-1.570800,-2.647739,0,1.570800,0.785400
0,-1.570800,-1.570800,-2.646741,0,1.570800,0.785400
0,-1.570800,-1.570800,-2.645739,0,1.570800,0.785400
0,-1.570800,-1.570800,-2.644732,0,1.570800,0.785400
0,-1.570800,-1.570800,-2.643722,0,1.570800,0.785400
0,-1.570800,-1.570800,-2.642708,0,1.570800,0.785400
0,-1.570800,-1.570800,-2.641689,0,1.570800,0.785400
0,-1.570800,-1.570800,-2.640667,0,1.570800,0.785400
0,-1.570800,-1.570800,-2.639641,0,1.570800,0.785400
0,-1.570800,-1.570800,-2.638610,0,1.570800,0.785400
0,-1.570800,-1.570800,-2.637576,0,1.570800,0.785400
0,-1.570800,-1.570800,-2.636538,0,1.570800,0.785400
0,-1.570800,-1.570800,-2.635496,0,1.570800,0.785400
0,-1.570800,-1.570800,-2.634449,0,1.570800,0.785400
0,-1.570800,-1.570800,-2.633399,0,1.570800,0.785400
0,-1.570800,-1.570800,-2.632345,0,1.570800,0.785400
0,-1.570800,-1.570800,-2.631287,0,1.570800,0.785400
0,-1.570800,-1.570800,-2.630225,0,1.570800,0.785400
0,-1.570800,-1.570800,-2.629159,0,1.570800,0.785400
0,-1.570800,-1.570800,-2.628089,0,1.570800,0.785400
0,-1.570800,-1.570800,-2.627015,0,1.570800,0.785400
0,-1.570800,-1.570800,-2.625937,0,1.570800,0.785400
0,-1.570800,-1.570800,-2.624855,0,1.570800,0.785400
0,-1.570800,-1.570800,-2.623769,0,1.570800,0.785400
0,-1.570800,-1.570800,-2.622679,0,1.570800,0.785400
0,-1.570800,-1.570800,-2.621586,0,1.570800,0.785400
0,-1.570800,-1.570800,-2.620488,0,1.570800,0.785400
0,-1.570800,-1.570800,-2.619386,0,1.570800,0.785400
0,-1.570800,-1.570800,-2.618281,0,1.570800,0.785400
0,-1.570800,-1.570800,-2.617171,0,1.570800,0.785400
0,-1.570800,-1.570800,-2.616058,0,1.570800,0.785400
0,-1.570800,-1.570800,-2.614940,0,1.570800,0.785400
0,-1.570800,-1.570800,-2.613819,0,1.570800,0.785400
0,-1.570800,-1.570800,-2.612694,0,1.570800,0.785400
0,-1.570800,-1.570800,-2.611565,0,1.570800,0.785400
0,-1.570800,-1.570800,-2.610432,0,1.570800,0.785400
0,-1.570800,-1.570800,-2.609295,0,1.570800,0.785400
0,-1.570800,-1.570800,-2.608154,0,1.570800,0.785400
0,-1.570800,-1.570800,-2.607009,0,1.570800,0.785400
0,-1.570800,-1.570800,-2.605860,0,1.570800,0.785400
0,-1.570800,-1.570800,-2.604708,0,1.570800,0.785400
0,-1.570800,-1.570800,-2.603551,0,1.570800,0.785400
0,-1.570800,-1.570800,-2.602391,0,1.570800,0.785400
0,-1.570800,-1.570800,-2.601227,0,1.570800,0.785400
0,-1.570800,-1.570800,-2.600058,0,1.570800,0.785400
0,-1.570800,-1.570800,-2.598886,0,1.570800,0.785400
0,-1.570800,-1.570800,-2.597711,0,1.570800,0.785400
0,-1.570800,-1.570800,-2.596531,0,1.570800,0.785400
0,-1.570800,-1.570800,-2.595347,0,1.570800,0.785400
0,-1.570800,-1.570800,-2.594160,0,1.570800,0.785400
0,-1.570800,-1.570800,-2.592968,0,1.570800,0.785400
0,-1.570800,-1.570800,-2.591773,0,1.570800,0.785400
0,-1.570800,-1.570800,-2.590574,0,1.570800,0.785400
0,-1.570800,-1.570800,-2.589371,0,1.570800,0.785400
0,-1.570800,-1.570800,-2.588165,0,1.570800,0.785400
0,-1.570800,-1.570800,-2.586954,0,1.570800,0.785400
0,-1.570800,-1.570800,-2.585740,0,1.570800,0.785400
0,-1.570800,-1.570800,-2.584522,0,1.570800,0.785400
0,-1.570800,-1.570800,-2.583300,0,1.570800,0.785400
0,-1.570800,-1.570800,-2.582074,0,1.570800,0.785400
0,-1.570800,-1.570800,-2.580845,0,1.570800,0.785400
0,-1.570800,-1.570800,-2.579612,0,1.570800,0.785400
0,-1.570800,-1.570800,-2.578374,0,1.570800,0.785400
0,-1.570800,-1.570800,-2.577134,0,1.570800,0.785400
0,-1.570800,-1.570800,-2.575889,0,1.570800,0.785400
0,-1.570800,-1.570800,-2.574641,0,1.570800,0.785400
0,-1.570800,-1.570800,-2.573388,0,1.570800,0.785400
0,-1.570800,-1.570800,-2.572133,0,1.570800,0.785400
0,-1.570800,-1.570800,-2.570873,0,1.570800,0.785400
0,-1.570800,-1.570800,-2.569610,0,1.570800,0.785400
0,-1.570800,-1.570800,-2.568342,0,1.570800,0.785400
0,-1.570800,-1.570800,-2.567072,0,1.570800,0.785400
0,-1.570800,-1.570800,-2.565797,0,1.570800,0.785400
0,-1.570800,-1.570800,-2.564519,0,1.570800,0.785400
0,-1.570800,-1.570800,-2.563237,0,1.570800,0.785400
0,-1.570800,-1.570800,-2.561951,0,1.570800,0.785400
0,-1.570800,-1.570800,-2.560662,0,1.570800,0.785400
0,-1.570800,-1.570800,-2.559369,0,1.570800,0.785400
0,-1.570800,-1.570800,-2.558072,0,1.570800,0.785400
0,-1.570800,-1.570800,-2.556772,0,1.570800,0.785400
0,-1.570800,-1.570800,-2.555468,0,1.570800,0.785400
0,-1.570800,-1.570800,-2.554160,0,1.570800,0.785400
0,-1.570800,-1.570800,-2.552849,0,1.570800,0.785400
0,-1.570800,-1.570800,-2.551534,0,1.570800,0.785400
0,-1.570800,-1.570800,-2.550216,0,1.570800,0.785400
0,-1.570800,-1.570800,-2.548893,0,1.570800,0.785400
0,-1.570800,-1.570800,-2.547568,0,1.570800,0.785400
0,-1.570800,-1.570800,-2.546238,0,1.570800,0.785400
0,-1.570800,-1.570800,-2.544905,0,1.570800,0.785400
0,-1.570800,-1.570800,-2.543569,0,1.570800,0.785400
0,-1.570800,-1.570800,-2.542229,0,1.570800,0.785400
0,-1.570800,-1.570800,-2.540885,0,1.570800,0.785400
0,-1.570800,-1.570800,-2.539538,0,1.570800,0.785400
0,-1.570800,-1.570800,-2.538187,0,1.570800,0.785400
0,-1.570800,-1.570800,-2.536833,0,1.570800,0.785400
0,-1.570800,-1.570800,-2.535475,0,1.570800,0.785400
0,-1.570800,-1.570800,-2.534114,0,1.570800,0.785400
0,-1.570800,-1.570800,-2.532749,0,1.570800,0.785400
0,-1.570800,-1.570800,-2.531381,0,1.570800,0.785400
0,-1.570800,-1.570800,-2.530009,0,1.570800,0.785400
0,-1.570800,-1.570800,-2.528633,0,1.570800,0.785400
0,-1.570800,-1.570800,-2.527255,0,1.570800,0.785400
0,-1.570800,-1.570800,-2.525872,0,1.570800,0.785400
0,-1.570800,-1.570800,-2.524487,0,1.570800,0.785400
0,-1.570800,-1.570800,-2.523098,0,1.570800,0.785400
0,-1.570800,-1.570800,-2.521705,0,1.570800,0.785400
0,-1.570800,-1.570800,-2.520309,0,1.570800,0.785400
0,-1.570800,-1.570800,-2.518910,0,1.570800,0.785400
0,-1.570800,-1.570800,-2.517507,0,1.570800,0.785400
0,-1.570800,-1.570800,-2.516101,0,1.570800,0.785400
0,-1.570800,-1.570800,-2.514691,0,1.570800,0.785400
0,-1.570800,-1.570800,-2.513278,0,1.570800,0.785400
0,-1.570800,-1.570800,-2.511862,0,1.570800,0.785400
0,-1.570800,-1.570800,-2.510442,0,1.570800,0.785400
0,-1.570800,-1.570800,-2.509019,0,1.570800,0.785400
0,-1.570800,-1.570800,-2.507593,0,1.570800,0.785400
0,-1.570800,-1.570800,-2.506163,0,1.570800,0.785400
0,-1.570800,-1.570800,-2.504731,0,1.570800,0.785400
0,-1.570800,-1.570800,-2.503294,0,1.570800,0.785400
0,-1.570800,-1.570800,-2.501855,0,1.570800,0.785400
0,-1.570800,-1.570800,-2.500412,0,1.570800,0.785400
0,-1.570800,-1.570800,-2.498966,0,1.570800,0.785400
0,-1.570800,-1.570800,-2.497517,0,1.570800,0.785400
0,-1.570800,-1.570800,-2.496064,0,1.570800,0.785400
0,-1.570800,-1.570800,-2.494609,0,1.570800,0.785400
0,-1.570800,-1.570800,-2.493150,0,1.570800,0.785400
0,-1.570800,-1.570800,-2.491688,0,1.570800,0.785400
0,-1.570800,-1.570800,-2.490222,0,1.570800,0.785400
0,-1.570800,-1.570800,-2.488754,0,1.570800,0.785400
0,-1.570800,-1.570800,-2.487282,0,1.570800,0.785400
0,-1.570800,-1.570800,-2.485807,0,1.570800,0.785400
0,-1.570800,-1.570800,-2.484329,0,1.570800,0.785400
0,-1.570800,-1.570800,-2.482848,0,1.570800,0.785400
0,-1.570800,-1.570800,-2.481364,0,1.570800,0.785400
0,-1.570800,-1.570800,-2.479877,0,1.570800,0.785400
0,-1.570800,-1.570800,-2.478386,0,1.570800,0.785400
0,-1.570800,-1.570800,-2.476893,0,1.570800,0.785400
0,-1.570800,-1.570800,-2.475396,0,1.570800,0.785400
0,-1.570800,-1.570800,-2.473897,0,1.570800,0.785400
0,-1.570800,-1.570800,-2.472394,0,1.570800,0.785400
0,-1.570800,-1.570800,-2.470888,0,1.570800,0.785400
0,-1.570800,-1.570800,-2.469380,0,1.570800,0.785400
0,-1.570800,-1.570800,-2.467868,0,1.570800,0.785400
0,-1.570800,-1.570800,-2.466353,0,1.570800,0.785400
0,-1.570800,-1.570800,-2.464836,0,1.570800,0.785400
0,-1.570800,-1.570800,-2.463315,0,1.570800,0.785400
0,-1.570800,-1.570800,-2.461792,0,1.570800,0.785400
0,-1.570800,-1.570800,-2.460265,0,1.570800,0.785400
0,-1.570800,-1.570800,-2.458736,0,1.570800,0.785400
0,-1.570800,-1.570800,-2.457203,0,1.570800,0.785400
0,-1.570800,-1.570800,-2.455668,0,1.570800,0.785400
0,-1.570800,-1.570800,-2.454130,0,1.570800,0.785400
0,-1.570800,-1.570800,-2.452589,0,1.570800,0.785400
0,-1.570800,-1.570800,-2.451045,0,1.570800,0.785400
0,-1.570800,-1.570800,-2.449499,0,1.570800,0.785400
0,-1.570800,-1.570800,-2.447949,0,1.570800,0.785400
0,-1.570800,-1.570800,-2.446397,0,1.570800,0.785400
0,-1.570800,-1.570800,-2.444842,0,1.570800,0.785400
0,-1.570800,-1.570800,-2.443284,0,1.570800,0.785400
0,-1.570800,-1.570800,-2.441723,0,1.570800,0.785400
0,-1.570800,-1.570800,-2.440160,0,1.570800,0.785400
0,-1.570800,-1.570800,-2.438594,0,1.570800,0.785400
0,-1.570800,-1.570800,-2.437025,0,1.570800,0.785400
0,-1.570800,-1.570800,-2.435453,0,1.570800,0.785400
0,-1.570800,-1.570800,-2.433879,0,1.570800,0.785400
0,-1.570800,-1.570800,-2.432302,0,1.570800,0.785400
0,-1.570800,-1.570800,-2.430723,0,1.570800,0.785400
0,-1.570800,-1.570800,-2.429140,0,1.570800,0.785400
0,-1.570800,-1.570800,-2.427556,0,1.570800,0.785400
0,-1.570800,-1.570800,-2.425968,0,1.570800,0.785400
0,-1.570800,-1.570800,-2.424378,0,1.570800,0.785400
0,-1.570800,-1.570800,-2.422785,0,1.570800,0.785400
0,-1.570800,-1.570800,-2.421190,0,1.570800,0.785400
0,-1.570800,-1.570800,-2.419592,0,1.570800,0.785400
0,-1.570800,-1.570800,-2.417992,0,1.570800,0.785400
0,-1.570800,-1.570800,-2.416389,0,1.570800,0.785400
0,-1.570800,-1.570800,-2.414783,0,1.570800,0.785400
0,-1.570800,-1.570800,-2.413175,0,1.570800,0.785400
0,-1.570800,-1.570800,-2.411565,0,1.570800,0.785400
0,-1.570800,-1.570800,-2.409952,0,1.570800,0.785400
0,-1.570800,-1.570800,-2.408337,0,1.570800,0.785400
0,-1.570800,-1.570800,-2.406719,0,1.570800,0.785400
0,-1.570800,-1.570800,-2.405099,0,1.570800,0.785400
0,-1.570800,-1.570800,-2.403476,0,1.570800,0.785400
0,-1.570800,-1.570800,-2.401851,0,1.570800,0.785400
0,-1.570800,-1.570800,-2.400224,0,1.570800,0.785400
0,-1.570800,-1.570800,-2.398594,0,1.570800,0.785400
0,-1.570800,-1.570800,-2.396962,0,1.570800,0.785400
0,-1.570800,-1.570800,-2.395328,0,1.570800,0.785400
0,-1.570800,-1.570800,-2.393691,0,1.570800,0.785400
0,-1.570800,-1.570800,-2.392052,0,1.570800,0.785400
0,-1.570800,-1.570800,-2.390411,0,1.570800,0.785400
0,-1.570800,-1.570800,-2.388767,0,1.570800,0.785400
0,-1.570800,-1.570800,-2.387122,0,1.570800,0.785400
0,-1.570800,-1.570800,-2.385474,0,1.570800,0.785400
0,-1.570800,-1.570800,-2.383823,0,1.570800,0.785400
0,-1.570800,-1.570800,-2.382171,0,1.570800,0.785400
0,-1.570800,-1.570800,-2.380517,0,1.570800,0.785400
0,-1.570800,-1.570800,-2.378860,0,1.570800,0.785400
0,-1.570800,-1.570800,-2.377201,0,1.570800,0.785400
0,-1.570800,-1.570800,-2.375540,0,1.570800,0.785400
0,-1.570800,-1.570800,-2.373877,0,1.570800,0.785400
0,-1.570800,-1.570800,-2.372212,0,1.570800,0.785400
0,-1.570800,-1.570800,-2.370544,0,1.570800,0.785400
0,-1.570800,-1.570800,-2.368875,0,1.570800,0.785400
0,-1.570800,-1.570800,-2.367204,0,1.570800,0.785400
0,-1.570800,-1.570800,-2.365530,0,1.570800,0.785400
0,-1.570800,-1.570800,-2.363855,0,1.570800,0.785400
0,-1.570800,-1.570800,-2.362178,0,1.570800,0.785400
0,-1.570800,-1.570800,-2.360498,0,1.570800,0.785400
0,-1.570800,-1.570800,-2.358817,0,1.570800,0.785400
0,-1.570800,-1.570800,-2.357134,0,1.570800,0.785400
0,-1.570800,-1.570800,-2.355449,0,1.570800,0.785400
0,-1.570800,-1.570800,-2.353762,0,1.570800,0.785400
0,-1.570800,-1.570800,-2.352073,0,1.570800,0.785400
0,-1.570800,-1.570800,-2.350382,0,1.570800,0.785400
0,-1.570800,-1.570800,-2.348689,0,1.570800,0.785400
0,-1.570800,-1.570800,-2.346995,0,1.570800,0.785400
0,-1.570800,-1.570800,-2.345299,0,1.570800,0.785400
0,-1.570800,-1.570800,-2.343601,0,1.570800,0.785400
0,-1.570800,-1.570800,-2.341901,0,1.570800,0.785400
0,-1.570800,-1.570800,-2.340199,0,1.570800,0.785400
0,-1.570800,-1.570800,-2.338496,0,1.570800,0.785400
0,-1.570800,-1.570800,-2.336791,0,1.570800,0.785400
0,-1.570800,-1.570800,-2.335084,0,1.570800,0.785400
0,-1.570800,-1.570800,-2.333376,0,1.570800,0.785400
0,-1.570800,-1.570800,-2.331665,0,1.570800,0.785400
0,-1.570800,-1.570800,-2.329954,0,1.570800,0.785400
0,-1.570800,-1.570800,-2.328240,0,1.570800,0.785400
0,-1.570800,-1.570800,-2.326525,0,1.570800,0.785400
0,-1.570800,-1.570800,-2.324809,0,1.570800,0.785400
0,-1.570800,-1.570800,-2.323091,0,1.570800,0.785400
0,-1.570800,-1.570800,-2.321371,0,1.570800,0.785400
0,-1.570800,-1.570800,-2.319650,0,1.570800,0.785400
0,-1.570800,-1.570800,-2.317927,0,1.570800,0.785400
0,-1.570800,-1.570800,-2.316202,0,1.570800,0.785400
0,-1.570800,-1.570800,-2.314477,0,1.570800,0.785400
0,-1.570800,-1.570800,-2.312749,0,1.570800,0.785400
0,-1.570800,-1.570800,-2.311021,0,1.570800,0.785400
0,-1.570800,-1.570800,-2.309291,0,1.570800,0.785400
0,-1.570800,-1.570800,-2.307559,0,1.570800,0.785400
0,-1.570800,-1.570800,-2.305826,0,1.570800,0.785400
0,-1.570800,-1.570800,-2.304092,0,1.570800,0.785400
0,-1.570800,-1.570800,-2.302356,0,1.570800,0.785400
0,-1.570800,-1.570800,-2.300619,0,1.570800,0.785400
0,-1.570800,-1.570800,-2.298881,0,1.570800,0.785400
0,-1.570800,-1.570800,-2.297141,0,1.570800,0.785400
0,-1.570800,-1.570800,-2.295401,0,1.570800,0.785400
0,-1.570800,-1.570800,-2.293658,0,1.570800,0.785400
0,-1.570800,-1.570800,-2.291915,0,1.570800,0.785400
0,-1.570800,-1.570800,-2.290171,0,1.570800,0.785400
0,-1.570800,-1.570800,-2.288425,0,1.570800,0.785400
0,-1.570800,-1.570800,-2.286678,0,1.570800,0.785400
0,-1.570800,-1.570800,-2.284930,0,1.570800,0.785400
0,-1.570800,-1.570800,-2.283181,0,1.570800,0.785400
0,-1.570800,-1.570800,-2.281430,0,1.570800,0.785400
0,-1.570800,-1.570800,-2.279679,0,1.570800,0.785400
0,-1.570800,-1.570800,-2.277926,0,1.570800,0.785400
0,-1.570800,-1.570800,-2.276173,0,1.570800,0.785400
0,-1.570800,-1.570800,-2.274418,0,1.570800,0.785400
0,-1.570800,-1.570800,-2.272662,0,1.570800,0.785400
0,-1.570800,-1.570800,-2.270905,0,1.570800,0.785400
0,-1.570800,-1.570800,-2.269148,0,1.570800,0.785400
0,-1.570800,-1.570800,-2.267389,0,1.570800,0.785400
0,-1.570800,-1.570800,-2.265630,0,1.570800,0.785400
0,-1.570800,-1.570800,-2.263869,0,1.570800,0.785400
0,-1.570800,-1.570800,-2.262108,0,1.570800,0.785400
0,-1.570800,-1.570800,-2.260345,0,1.570800,0.785400
0,-1.570800,-1.570800,-2.258582,0,1.570800,0.785400
0,-1.570800,-1.570800,-2.256818,0,1.570800,0.785400
0,-1.570800,-1.570800,-2.255053,0,1.570800,0.785400
0,-1.570800,-1.570800,-2.253287,0,1.570800,0.785400
0,-1.570800,-1.570800,-2.251521,0,1.570800,0.785400
0,-1.570800,-1.570800,-2.249754,0,1.570800,0.785400
0,-1.570800,-1.570800,-2.247986,0,1.570800,0.785400
0,-1.570800,-1.570800,-2.246217,0,1.570800,0.785400
0,-1.570800,-1.570800,-2.244448,0,1.570800,0.785400
0,-1.570800,-1.570800,-2.242677,0,1.570800,0.785400
0,-1.570800,-1.570800,-2.240907,0,1.570800,0.785400
0,-1.570800,-1.570800,-2.239135,0,1.570800,0.785400
0,-1.570800,-1.570800,-2.237363,0,1.570800,0.785400
0,-1.570800,-1.570800,-2.235590,0,1.570800,0.785400
0,-1.570800,-1.570800,-2.233817,0,1.570800,0.785400
0,-1.570800,-1.570800,-2.232043,0,1.570800,0.785400
0,-1.570800,-1.570800,-2.230269,0,1.570800,0.785400
0,-1.570800,-1.570800,-2.228494,0,1.570800,0.785400
0,-1.570800,-1.570800,-2.226718,0,1.570800,0.785400
0,-1.570800,-1.570800,-2.224943,0,1.570800,0.785400
0,-1.570800,-1.570800,-2.223166,0,1.570800,0.785400
0,-1.570800,-1.570800,-2.221389,0,1.570800,0.785400
0,-1.570800,-1.570800,-2.219612,0,1.570800,0.785400
0,-1.570800,-1.570800,-2.217834,0,1.570800,0.785400
0,-1.570800,-1.570800,-2.216056,0,1.570800,0.785400
0,-1.570800,-1.570800,-2.214278,0,1.570800,0.785400
0,-1.570800,-1.570800,-2.212499,0,1.570800,0.785400
0,-1.570800,-1.570800,-2.210720,0,1.570800,0.785400
0,-1.570800,-1.570800,-2.208940,0,1.570800,0.785400
0,-1.570800,-1.570800,-2.207160,0,1.570800,0.785400
0,-1.570800,-1.570800,-2.205380,0,1.570800,0.785400
0,-1.570800,-1.570800,-2.203600,0,1.570800,0.785400
0,-1.570800,-1.570800,-2.201819,0,1.570800,0.785400
0,-1.570800,-1.570800,-2.200039,0,1.570800,0.785400
0,-1.570800,-1.570800,-2.198258,0,1.570800,0.785400
0,-1.570800,-1.570800,-2.196477,0,1.570800,0.785400
0,-1.570800,-1.570800,-2.194695,0,1.570800,0.785400
0,-1.570800,-1.570800,-2.192914,0,1.570800,0.785400
0,-1.570800,-1.570800,-2.191132,0,1.570800,0.785400
0,-1.570800,-1.570800,-2.189351,0,1.570800,0.785400
0,-1.570800,-1.570800,-2.187569,0,1.570800,0.785400
0,-1.570800,-1.570800,-2.185787,0,1.570800,0.785400
0,-1.570800,-1.570800,-2.184006,0,1.570800,0.785400
0,-1.570800,-1.570800,-2.182224,0,1.570800,0.785400
0,-1.570800,-1.570800,-2.180442,0,1.570800,0.785400
0,-1.570800,-1.570800,-2.178660,0,1.570800,0.785400
0,-1.570800,-1.570800,-2.176879,0,1.570800,0.785400
0,-1.570800,-1.570800,-2.175097,0,1.570800,0.785400
0,-1.570800,-1.570800,-2.173315,0,1.570800,0.785400
0,-1.570800,-1.570800,-2.171534,0,1.570800,0.785400
0,-1.570800,-1.570800,-2.169753,0,1.570800,0.785400
0,-1.570800,-1.570800,-2.167972,0,1.570800,0.785400
0,-1.570800,-1.570800,-2.166191,0,1.570800,0.785400
0,-1.570800,-1.570800,-2.164410,0,1.570800,0.785400
0,-1.570800,-1.570800,-2.162629,0,1.570800,0.785400
0,-1.570800,-1.570800,-2.160849,0,1.570800,0.785400
0,-1.570800,-1.570800,-2.159069,0,1.570800,0.785400
0,-1.570800,-1.570800,-2.157289,0,1.570800,0.785400
0,-1.570800,-1.570800,-2.155509,0,1.570800,0.785400
0,-1.570800,-1.570800,-2.153730,0,1.570800,0.785400
0,-1.570800,-1.570800,-2.151951,0,1.570800,0.785400
0,-1.570800,-1.570800,-2.150173,0,1.570800,0.785400
0,-1.570800,-1.570800,-2.148395,0,1.570800,0.785400
0,-1.570800,-1.570800,-2.146617,0,1.570800,0.785400
0,-1.570800,-1.570800,-2.144839,0,1.570800,0.785400
0,-1.570800,-1.570800,-2.143063,0,1.570800,0.785400
0,-1.570800,-1.570800,-2.141286,0,1.570800,0.785400
0,-1.570800,-1.570800,-2.139510,0,1.570800,0.785400
0,-1.570800,-1.570800,-2.137734,0,1.570800,0.785400
0,-1.570800,-1.570800,-2.135959,0,1.570800,0.785400
0,-1.570800,-1.570800,-2.134185,0,1.570800,0.785400
0,-1.570800,-1.570800,-2.132411,0,1.570800,0.785400
0,-1.570800,-1.570800,-2.130638,0,1.570800,0.785400
0,-1.570800,-1.570800,-2.128865,0,1.570800,0.785400
0,-1.570800,-1.570800,-2.127093,0,1.570800,0.785400
0,-1.570800,-1.570800,-2.125321,0,1.570800,0.785400
0,-1.570800,-1.570800,-2.123550,0,1.570800,0.785400
0,-1.570800,-1.570800,-2.121780,0,1.570800,0.785400
0,-1.570800,-1.570800,-2.120011,0,1.570800,0.785400
0,-1.570800,-1.570800,-2.118242,0,1.570800,0.785400
0,-1.570800,-1.570800,-2.116474,0,1.570800,0.785400
0,-1.570800,-1.570800,-2.114706,0,1.570800,0.785400
0,-1.570800,-1.570800,-2.112940,0,1.570800,0.785400
0,-1.570800,-1.570800,-2.111174,0,1.570800,0.785400
0,-1.570800,-1.570800,-2.109409,0,1.570800,0.785400
0,-1.570800,-1.570800,-2.107645,0,1.570800,0.785400
0,-1.570800,-1.570800,-2.105882,0,1.570800,0.785400
0,-1.570800,-1.570800,-2.104119,0,1.570800,0.785400
0,-1.570800,-1.570800,-2.102358,0,1.570800,0.785400
0,-1.570800,-1.570800,-2.100597,0,1.570800,0.785400
0,-1.570800,-1.570800,-2.098837,0,1.570800,0.785400
0,-1.570800,-1.570800,-2.097078,0,1.570800,0.785400
0,-1.570800,-1.570800,-2.095321,0,1.570800,0.785400
0,-1.570800,-1.570800,-2.093564,0,1.570800,0.785400
0,-1.570800,-1.570800,-2.091808,0,1.570800,0.785400
0,-1.570800,-1.570800,-2.090053,0,1.570800,0.785400
0,-1.570800,-1.570800,-2.088299,0,1.570800,0.785400
0,-1.570800,-1.570800,-2.086547,0,1.570800,0.785400
0,-1.570800,-1.570800,-2.084795,0,1.570800,0.785400
0,-1.570800,-1.570800,-2.083045,0,1.570800,0.785400
0,-1.570800,-1.570800,-2.081295,0,1.570800,0.785400
0,-1.570800,-1.570800,-2.079547,0,1.570800,0.785400
0,-1.570800,-1.570800,-2.077800,0,1.570800,0.785400
0,-1.570800,-1.570800,-2.076054,0,1.570800,0.785400
0,-1.570800,-1.570800,-2.074309,0,1.570800,0.785400
0,-1.570800,-1.570800,-2.072566,0,1.570800,0.785400
0,-1.570800,-1.570800,-2.070824,0,1.570800,0.785400
0,-1.570800,-1.570800,-2.069082,0,1.570800,0.785400
0,-1.570800,-1.570800,-2.067343,0,1.570800,0.785400
0,-1.570800,-1.570800,-2.065604,0,1.570800,0.785400
0,-1.570800,-1.570800,-2.063867,0,1.570800,0.785400
0,-1.570800,-1.570800,-2.062131,0,1.570800,0.785400
0,-1.570800,-1.570800,-2.060397,0,1.570800,0.785400
0,-1.570800,-1.570800,-2.058664,0,1.570800,0.785400
0,-1.570800,-1.570800,-2.056932,0,1.570800,0.785400
0,-1.570800,-1.570800,-2.055202,0,1.570800,0.785400
0,-1.570800,-1.570800,-2.053473,0,1.570800,0.785400
0,-1.570800,-1.570800,-2.051746,0,1.570800,0.785400
0,-1.570800,-1.570800,-2.050020,0,1.570800,0.785400
0,-1.570800,-1.570800,-2.048295,0,1.570800,0.785400
0,-1.570800,-1.570800,-2.046572,0,1.570800,0.785400
0,-1.570800,-1.570800,-2.044851,0,1.570800,0.785400
0,-1.570800,-1.570800,-2.043131,0,1.570800,0.785400
0,-1.570800,-1.570800,-2.041412,0,1.570800,0.785400
0,-1.570800,-1.570800,-2.039696,0,1.570800,0.785400
0,-1.570800,-1.570800,-2.037980,0,1.570800,0.785400
0,-1.570800,-1.570800,-2.036267,0,1.570800,0.785400
0,-1.570800,-1.570800,-2.034555,0,1.570800,0.785400
0,-1.570800,-1.570800,-2.032844,0,1.570800,0.785400
0,-1.570800,-1.570800,-2.031136,0,1.570800,0.785400
0,-1.570800,-1.570800,-2.029429,0,1.570800,0.785400
0,-1.570800,-1.570800,-2.027723,0,1.570800,0.785400
0,-1.570800,-1.570800,-2.026020,0,1.570800,0.785400
0,-1.570800,-1.570800,-2.024318,0,1.570800,0.785400
0,-1.570800,-1.570800,-2.022618,0,1.570800,0.785400
0,-1.570800,-1.570800,-2.020920,0,1.570800,0.785400
0,-1.570800,-1.570800,-2.019223,0,1.570800,0.785400
0,-1.570800,-1.570800,-2.017529,0,1.570800,0.785400
0,-1.570800,-1.570800,-2.015836,0,1.570800,0.785400
0,-1.570800,-1.570800,-2.014145,0,1.570800,0.785400
0,-1.570800,-1.570800,-2.012455,0,1.570800,0.785400
0,-1.570800,-1.570800,-2.010768,0,1.570800,0.785400
0,-1.570800,-1.570800,-2.009083,0,1.570800,0.785400
0,-1.570800,-1.570800,-2.007399,0,1.570800,0.785400
0,-1.570800,-1.570800,-2.005718,0,1.570800,0.785400
0,-1.570800,-1.570800,-2.004038,0,1.570800,0.785400
0,-1.570800,-1.570800,-2.002361,0,1.570800,0.785400
0,-1.570800,-1.570800,-2.000685,0,1.570800,0.785400
0,-1.570800,-1.570800,-1.999011,0,1.570800,0.785400
0,-1.570800,-1.570800,-1.997340,0,1.570800,0.785400
0,-1.570800,-1.570800,-1.995670,0,1.570800,0.785400
0,-1.570800,-1.570800,-1.994003,0,1.570800,0.785400
0,-1.570800,-1.570800,-1.992337,0,1.570800,0.785400
0,-1.570800,-1.570800,-1.990674,0,1.570800,0.785400
0,-1.570800,-1.570800,-1.989013,0,1.570800,0.785400
0,-1.570800,-1.570800,-1.987354,0,1.570800,0.785400
0,-1.570800,-1.570800,-1.985697,0,1.570800,0.785400
0,-1.570800,-1.570800,-1.984042,0,1.570800,0.785400
0,-1.570800,-1.570800,-1.982389,0,1.570800,0.785400
0,-1.570800,-1.570800,-1.980739,0,1.570800,0.785400
0,-1.570800,-1.570800,-1.979090,0,1.570800,0.785400
0,-1.570800,-1.570800,-1.977444,0,1.570800,0.785400
0,-1.570800,-1.570800,-1.975800,0,1.570800,0.785400
0,-1.570800,-1.570800,-1.974159,0,1.570800,0.785400
0,-1.570800,-1.570800,-1.972520,0,1.570800,0.785400
0,-1.570800,-1.570800,-1.970883,0,1.570800,0.785400
0,-1.570800,-1.570800,-1.969248,0,1.570800,0.785400
0,-1.570800,-1.570800,-1.967616,0,1.570800,0.785400
0,-1.570800,-1.570800,-1.965986,0,1.570800,0.785400
0,-1.570800,-1.570800,-1.964358,0,1.570800,0.785400
0,-1.570800,-1.570800,-1.962733,0,1.570800,0.785400
0,-1.570800,-1.570800,-1.961110,0,1.570800,0.785400
0,-1.570800,-1.570800,-1.959489,0,1.570800,0.785400
0,-1.570800,-1.570800,-1.957871,0,1.570800,0.785400
0,-1.570800,-1.570800,-1.956256,0,1.570800,0.785400
0,-1.570800,-1.570800,-1.954642,0,1.570800,0.785400
0,-1.570800,-1.570800,-1.953032,0,1.570800,0.785400
0,-1.570800,-1.570800,-1.951423,0,1.570800,0.785400
0,-1.570800,-1.570800,-1.949818,0,1.570800,0.785400
0,-1.570800,-1.570800,-1.948214,0,1.570800,0.785400
0,-1.570800,-1.570800,-1.946614,0,1.570800,0.785400
0,-1.570800,-1.570800,-1.945016,0,1.570800,0.785400
0,-1.570800,-1.570800,-1.943420,0,1.570800,0.785400
0,-1.570800,-1.570800,-1.941827,0,1.570800,0.785400
0,-1.570800,-1.570800,-1.940236,0,1.570800,0.785400
0,-1.570800,-1.570800,-1.938649,0,1.570800,0.785400
0,-1.570800,-1.570800,-1.937063,0,1.570800,0.785400
0,-1.570800,-1.570800,-1.935481,0,1.570800,0.785400
0,-1.570800,-1.570800,-1.933901,0,1.570800,0.785400
0,-1.570800,-1.570800,-1.932324,0,1.570800,0.785400
0,-1.570800,-1.570800,-1.930749,0,1.570800,0.785400
0,-1.570800,-1.570800,-1.929177,0,1.570800,0.785400
0,-1.570800,-1.570800,-1.927608,0,1.570800,0.785400
0,-1.570800,-1.570800,-1.926041,0,1.570800,0.785400
0,-1.570800,-1.570800,-1.924478,0,1.570800,0.785400
0,-1.570800,-1.570800,-1.922917,0,1.570800,0.785400
0,-1.570800,-1.570800,-1.921358,0,1.570800,0.785400
0,-1.570800,-1.570800,-1.919803,0,1.570800,0.785400
0,-1.570800,-1.570800,-1.918250,0,1.570800,0.785400
0,-1.570800,-1.570800,-1.916701,0,1.570800,0.785400
0,-1.570800,-1.570800,-1.915154,0,1.570800,0.785400
0,-1.570800,-1.570800,-1.913609,0,1.570800,0.785400
0,-1.570800,-1.570800,-1.912068,0,1.570800,0.785400
0,-1.570800,-1.570800,-1.910530,0,1.570800,0.785400
0,-1.570800,-1.570800,-1.908994,0,1.570800,0.785400
0,-1.570800,-1.570800,-1.907461,0,1.570800,0.785400
0,-1.570800,-1.570800,-1.905932,0,1.570800,0.785400
0,-1.570800,-1.570800,-1.904405,0,1.570800,0.785400
0,-1.570800,-1.570800,-1.902881,0,1.570800,0.785400
0,-1.570800,-1.570800,-1.901360,0,1.570800,0.785400
0,-1.570800,-1.570800,-1.899842,0,1.570800,0.785400
0,-1.570800,-1.570800,-1.898327,0,1.570800,0.785400
0,-1.570800,-1.570800,-1.896815,0,1.570800,0.785400
0,-1.570800,-1.570800,-1.895306,0,1.570800,0.785400
0,-1.570800,-1.570800,-1.893800,0,1.570800,0.785400
0,-1.570800,-1.570800,-1.892297,0,1.570800,0.785400
0,-1.570800,-1.570800,-1.890797,0,1.570800,0.785400
0,-1.570800,-1.570800,-1.889300,0,1.570800,0.785400
0,-1.570800,-1.570800,-1.887806,0,1.570800,0.785400
0,-1.570800,-1.570800,-1.886315,0,1.570800,0.785400
0,-1.570800,-1.570800,-1.884827,0,1.570800,0.785400
0,-1.570800,-1.570800,-1.883343,0,1.570800,0.785400
0,-1.570800,-1.570800,-1.881861,0,1.570800,0.785400
0,-1.570800,-1.570800,-1.880383,0,1.570800,0.785400
0,-1.570800,-1.570800,-1.878908,0,1.570800,0.785400
0,-1.570800,-1.570800,-1.877435,0,1.570800,0.785400
0,-1.570800,-1.570800,-1.875967,0,1.570800,0.785400
0,-1.570800,-1.570800,-1.874501,0,1.570800,0.785400
0,-1.570800,-1.570800,-1.873038,0,1.570800,0.785400
0,-1.570800,-1.570800,-1.871579,0,1.570800,0.785400
0,-1.570800,-1.570800,-1.870123,0,1.570800,0.785400
0,-1.570800,-1.570800,-1.868670,0,1.570800,0.785400
0,-1.570800,-1.570800,-1.867220,0,1.570800,0.785400
0,-1.570800,-1.570800,-1.865774,0,1.570800,0.785400
0,-1.570800,-1.570800,-1.864331,0,1.570800,0.785400
0,-1.570800,-1.570800,-1.862891,0,1.570800,0.785400
0,-1.570800,-1.570800,-1.861454,0,1.570800,0.785400
0,-1.570800,-1.570800,-1.860021,0,1.570800,0.785400
0,-1.570800,-1.570800,-1.858591,0,1.570800,0.785400
0,-1.570800,-1.570800,-1.857164,0,1.570800,0.785400
0,-1.570800,-1.570800,-1.855741,0,1.570800,0.785400
0,-1.570800,-1.570800,-1.854321,0,1.570800,0.785400
0,-1.570800,-1.570800,-1.852904,0,1.570800,0.785400
0,-1.570800,-1.570800,-1.851490,0,1.570800,0.785400
0,-1.570800,-1.570800,-1.850080,0,1.570800,0.785400
0,-1.570800,-1.570800,-1.848674,0,1.570800,0.785400
0,-1.570800,-1.570800,-1.847271,0,1.570800,0.785400
0,-1.570800,-1.570800,-1.845871,0,1.570800,0.785400
0,-1.570800,-1.570800,-1.844474,0,1.570800,0.785400
0,-1.570800,-1.570800,-1.843081,0,1.570800,0.785400
0,-1.570800,-1.570800,-1.841692,0,1.570800,0.785400
0,-1.570800,-1.570800,-1.840306,0,1.570800,0.785400
0,-1.570800,-1.570800,-1.838923,0,1.570800,0.785400
0,-1.570800,-1.570800,-1.837544,0,1.570800,0.785400
0,-1.570800,-1.570800,-1.836168,0,1.570800,0.785400
0,-1.570800,-1.570800,-1.834796,0,1.570800,0.785400
0,-1.570800,-1.570800,-1.833427,0,1.570800,0.785400
0,-1.570800,-1.570800,-1.832062,0,1.570800,0.785400
0,-1.570800,-1.570800,-1.830700,0,1.570800,0.785400
0,-1.570800,-1.570800,-1.829342,0,1.570800,0.785400
0,-1.570800,-1.570800,-1.827987,0,1.570800,0.785400
0,-1.570800,-1.570800,-1.826636,0,1.570800,0.785400
0,-1.570800,-1.570800,-1.825288,0,1.570800,0.785400
0,-1.570800,-1.570800,-1.823944,0,1.570800,0.785400
0,-1.570800,-1.570800,-1.822603,0,1.570800,0.785400
0,-1.570800,-1.570800,-1.821266,0,1.570800,0.785400
0,-1.570800,-1.570800,-1.819933,0,1.570800,0.785400
0,-1.570800,-1.570800,-1.818603,0,1.570800,0.785400
0,-1.570800,-1.570800,-1.817277,0,1.570800,0.785400
0,-1.570800,-1.570800,-1.815954,0,1.570800,0.785400
0,-1.570800,-1.570800,-1.814635,0,1.570800,0.785400
0,-1.570800,-1.570800,-1.813320,0,1.570800,0.785400
0,-1.570800,-1.570800,-1.812008,0,1.570800,0.785400
0,-1.570800,-1.570800,-1.810700,0,1.570800,0.785400
0,-1.570800,-1.570800,-1.809396,0,1.570800,0.785400
0,-1.570800,-1.570800,-1.808095,0,1.570800,0.785400
0,-1.570800,-1.570800,-1.806798,0,1.570800,0.785400
0,-1.570800,-1.570800,-1.805504,0,1.570800,0.785400
0,-1.570800,-1.570800,-1.804214,0,1.570800,0.785400
0,-1.570800,-1.570800,-1.802928,0,1.570800,0.785400
0,-1.570800,-1.570800,-1.801646,0,1.570800,0.785400
0,-1.570800,-1.570800,-1.800367,0,1.570800,0.785400
0,-1.570800,-1.570800,-1.799092,0,1.570800,0.785400
0,-1.570800,-1.570800,-1.797821,0,1.570800,0.785400
0,-1.570800,-1.570800,-1.796553,0,1.570800,0.785400
0,-1.570800,-1.570800,-1.795289,0,1.570800,0.785400
0,-1.570800,-1.570800,-1.794029,0,1.570800,0.785400
0,-1.570800,-1.570800,-1.792773,0,1.570800,0.785400
0,-1.570800,-1.570800,-1.791520,0,1.570800,0.785400
0,-1.570800,-1.570800,-1.790271,0,1.570800,0.785400
0,-1.570800,-1.570800,-1.789026,0,1.570800,0.785400
0,-1.570800,-1.570800,-1.787785,0,1.570800,0.785400
0,-1.570800,-1.570800,-1.786547,0,1.570800,0.785400
0,-1.570800,-1.570800,-1.785314,0,1.570800,0.785400
0,-1.570800,-1.570800,-1.784084,0,1.570800,0.785400
0,-1.570800,-1.570800,-1.782857,0,1.570800,0.785400
0,-1.570800,-1.570800,-1.781635,0,1.570800,0.785400
0,-1.570800,-1.570800,-1.780416,0,1.570800,0.785400
0,-1.570800,-1.570800,-1.779202,0,1.570800,0.785400
0,-1.570800,-1.570800,-1.777991,0,1.570800,0.785400
0,-1.570800,-1.570800,-1.776784,0,1.570800,0.785400
0,-1.570800,-1.570800,-1.775580,0,1.570800,0.785400
0,-1.570800,-1.570800,-1.774381,0,1.570800,0.785400
0,-1.570800,-1.570800,-1.773185,0,1.570800,0.785400
0,-1.570800,-1.570800,-1.771993,0,1.570800,0.785400
0,-1.570800,-1.570800,-1.770805,0,1.570800,0.785400
0,-1.570800,-1.570800,-1.769621,0,1.570800,0.785400
0,-1.570800,-1.570800,-1.768441,0,1.570800,0.785400
0,-1.570800,-1.570800,-1.767265,0,1.570800,0.785400
0,-1.570800,-1.570800,-1.766092,0,1.570800,0.785400
0,-1.570800,-1.570800,-1.764924,0,1.570800,0.785400
0,-1.570800,-1.570800,-1.763759,0,1.570800,0.785400
0,-1.570800,-1.570800,-1.762598,0,1.570800,0.785400
0,-1.570800,-1.570800,-1.761441,0,1.570800,0.785400
0,-1.570800,-1.570800,-1.760288,0,1.570800,0.785400
0,-1.570800,-1.570800,-1.759139,0,1.570800,0.785400
0,-1.570800,-1.570800,-1.757993,0,1.570800,0.785400
0,-1.570800,-1.570800,-1.756852,0,1.570800,0.785400
0,-1.570800,-1.570800,-1.755714,0,1.570800,0.785400
0,-1.570800,-1.570800,-1.754581,0,1.570800,0.785400
0,-1.570800,-1.570800,-1.753451,0,1.570800,0.785400
0,-1.570800,-1.570800,-1.752325,0,1.570800,0.785400
0,-1.570800,-1.570800,-1.751204,0,1.570800,0.785400
0,-1.570800,-1.570800,-1.750086,0,1.570800,0.785400
0,-1.570800,-1.570800,-1.748972,0,1.570800,0.785400
0,-1.570800,-1.570800,-1.747862,0,1.570800,0.785400
0,-1.570800,-1.570800,-1.746756,0,1.570800,0.785400
0,-1.570800,-1.570800,-1.745654,0,1.570800,0.785400
0,-1.570800,-1.570800,-1.744555,0,1.570800,0.785400
0,-1.570800,-1.570800,-1.743461,0,1.570800,0.785400
0,-1.570800,-1.570800,-1.742371,0,1.570800,0.785400
0,-1.570800,-1.570800,-1.741284,0,1.570800,0.785400
0,-1.570800,-1.570800,-1.740202,0,1.570800,0.785400
0,-1.570800,-1.570800,-1.739124,0,1.570800,0.785400
0,-1.570800,-1.570800,-1.738049,0,1.570800,0.785400
0,-1.570800,-1.570800,-1.736979,0,1.570800,0.785400
0,-1.570800,-1.570800,-1.735912,0,1.570800,0.785400
0,-1.570800,-1.570800,-1.734849,0,1.570800,0.785400
0,-1.570800,-1.570800,-1.733791,0,1.570800,0.785400
0,-1.570800,-1.570800,-1.732736,0,1.570800,0.785400
0,-1.570800,-1.570800,-1.731686,0,1.570800,0.785400
0,-1.570800,-1.570800,-1.730639,0,1.570800,0.785400
0,-1.570800,-1.570800,-1.729596,0,1.570800,0.785400
0,-1.570800,-1.570800,-1.728557,0,1.570800,0.785400
0,-1.570800,-1.570800,-1.727523,0,1.570800,0.785400
0,-1.570800,-1.570800,-1.726492,0,1.570800,0.785400
0,-1.570800,-1.570800,-1.725465,0,1.570800,0.785400
0,-1.570800,-1.570800,-1.724442,0,1.570800,0.785400
0,-1.570800,-1.570800,-1.723423,0,1.570800,0.785400
0,-1.570800,-1.570800,-1.722408,0,1.570800,0.785400
0,-1.570800,-1.570800,-1.721398,0,1.570800,0.785400
0,-1.570800,-1.570800,-1.720391,0,1.570800,0.785400
0,-1.570800,-1.570800,-1.719388,0,1.570800,0.785400
0,-1.570800,-1.570800,-1.718389,0,1.570800,0.785400
0,-1.570800,-1.570800,-1.717394,0,1.570800,0.785400
0,-1.570800,-1.570800,-1.716403,0,1.570800,0.785400
0,-1.570800,-1.570800,-1.715416,0,1.570800,0.785400
0,-1.570800,-1.570800,-1.714433,0,1.570800,0.785400
0,-1.570800,-1.570800,-1.713454,0,1.570800,0.785400
0,-1.570800,-1.570800,-1.712479,0,1.570800,0.785400
0,-1.570800,-1.570800,-1.711508,0,1.570800,0.785400
0,-1.570800,-1.570800,-1.710541,0,1.570800,0.785400
0,-1.570800,-1.570800,-1.709578,0,1.570800,0.785400
0,-1.570800,-1.570800,-1.708619,0,1.570800,0.785400
0,-1.570800,-1.570800,-1.707664,0,1.570800,0.785400
0,-1.570800,-1.570800,-1.706713,0,1.570800,0.785400
0,-1.570800,-1.570800,-1.705766,0,1.570800,0.785400
0,-1.570800,-1.570800,-1.704823,0,1.570800,0.785400
0,-1.570800,-1.570800,-1.703884,0,1.570800,0.785400
0,-1.570800,-1.570800,-1.702949,0,1.570800,0.785400
0,-1.570800,-1.570800,-1.702018,0,1.570800,0.785400
0,-1.570800,-1.570800,-1.701091,0,1.570800,0.785400
0,-1.570800,-1.570800,-1.700168,0,1.570800,0.785400
0,-1.570800,-1.570800,-1.699249,0,1.570800,0.785400
0,-1.570800,-1.570800,-1.698334,0,1.570800,0.785400
0,-1.570800,-1.570800,-1.697423,0,1.570800,0.785400
0,-1.570800,-1.570800,-1.696515,0,1.570800,0.785400
0,-1.570800,-1.570800,-1.695612,0,1.570800,0.785400
0,-1.570800,-1.570800,-1.694713,0,1.570800,0.785400
0,-1.570800,-1.570800,-1.693818,0,1.570800,0.785400
0,-1.570800,-1.570800,-1.692927,0,1.570800,0.785400
0,-1.570800,-1.570800,-1.692039,0,1.570800,0.785400
0,-1.570800,-1.570800,-1.691156,0,1.570800,0.785400
0,-1.570800,-1.570800,-1.690277,0,1.570800,0.785400
0,-1.570800,-1.570800,-1.689401,0,1.570800,0.785400
0,-1.570800,-1.570800,-1.688530,0,1.570800,0.785400
0,-1.570800,-1.570800,-1.687663,0,1.570800,0.785400
0,-1.570800,-1.570800,-1.686799,0,1.570800,0.785400
0,-1.570800,-1.570800,-1.685940,0,1.570800,0.785400
0,-1.570800,-1.570800,-1.685084,0,1.570800,0.785400
0,-1.570800,-1.570800,-1.684232,0,1.570800,0.785400
0,-1.570800,-1.570800,-1.683385,0,1.570800,0.785400
0,-1.570800,-1.570800,-1.682541,0,1.570800,0.785400
0,-1.570800,-1.570800,-1.681701,0,1.570800,0.785400
0,-1.570800,-1.570800,-1.680866,0,1.570800,0.785400
0,-1.570800,-1.570800,-1.680034,0,1.570800,0.785400
0,-1.570800,-1.570800,-1.679206,0,1.570800,0.785400
0,-1.570800,-1.570800,-1.678382,0,1.570800,0.785400
0,-1.570800,-1.570800,-1.677562,0,1.570800,0.785400
0,-1.570800,-1.570800,-1.676746,0,1.570800,0.785400
0,-1.570800,-1.570800,-1.675933,0,1.570800,0.785400
0,-1.570800,-1.570800,-1.675125,0,1.570800,0.785400
0,-1.570800,-1.570800,-1.674321,0,1.570800,0.785400
0,-1.570800,-1.570800,-1.673520,0,1.570800,0.785400
0,-1.570800,-1.570800,-1.672724,0,1.570800,0.785400
0,-1.570800,-1.570800,-1.671931,0,1.570800,0.785400
0,-1.570800,-1.570800,-1.671142,0,1.570800,0.785400
0,-1.570800,-1.570800,-1.670357,0,1.570800,0.785400
0,-1.570800,-1.570800,-1.669577,0,1.570800,0.785400
0,-1.570800,-1.570800,-1.668799,0,1.570800,0.785400
0,-1.570800,-1.570800,-1.668026,0,1.570800,0.785400
0,-1.570800,-1.570800,-1.667257,0,1.570800,0.785400
0,-1.570800,-1.570800,-1.666492,0,1.570800,0.785400
0,-1.570800,-1.570800,-1.665730,0,1.570800,0.785400
0,-1.570800,-1.570800,-1.664972,0,1.570800,0.785400
0,-1.570800,-1.570800,-1.664219,0,1.570800,0.785400
0,-1.570800,-1.570800,-1.663469,0,1.570800,0.785400
0,-1.570800,-1.570800,-1.662722,0,1.570800,0.785400
0,-1.570800,-1.570800,-1.661980,0,1.570800,0.785400
0,-1.570800,-1.570800,-1.661242,0,1.570800,0.785400
0,-1.570800,-1.570800,-1.660507,0,1.570800,0.785400
0,-1.570800,-1.570800,-1.659777,0,1.570800,0.785400
0,-1.570800,-1.570800,-1.659050,0,1.570800,0.785400
0,-1.570800,-1.570800,-1.658327,0,1.570800,0.785400
0,-1.570800,-1.570800,-1.657607,0,1.570800,0.785400
0,-1.570800,-1.570800,-1.656892,0,1.570800,0.785400
0,-1.570800,-1.570800,-1.656180,0,1.570800,0.785400
0,-1.570800,-1.570800,-1.655472,0,1.570800,0.785400
0,-1.570800,-1.570800,-1.654768,0,1.570800,0.785400
0,-1.570800,-1.570800,-1.654068,0,1.570800,0.785400
0,-1.570800,-1.570800,-1.653372,0,1.570800,0.785400
0,-1.570800,-1.570800,-1.652679,0,1.570800,0.785400
0,-1.570800,-1.570800,-1.651990,0,1.570800,0.785400
0,-1.570800,-1.570800,-1.651305,0,1.570800,0.785400
0,-1.570800,-1.570800,-1.650624,0,1.570800,0.785400
0,-1.570800,-1.570800,-1.649946,0,1.570800,0.785400
0,-1.570800,-1.570800,-1.649272,0,1.570800,0.785400
0,-1.570800,-1.570800,-1.648602,0,1.570800,0.785400
0,-1.570800,-1.570800,-1.647936,0,1.570800,0.785400
0,-1.570800,-1.570800,-1.647273,0,1.570800,0.785400
0,-1.570800,-1.570800,-1.646614,0,1.570800,0.785400
0,-1.570800,-1.570800,-1.645959,0,1.570800,0.785400
0,-1.570800,-1.570800,-1.645307,0,1.570800,0.785400
0,-1.570800,-1.570800,-1.644659,0,1.570800,0.785400
0,-1.570800,-1.570800,-1.644015,0,1.570800,0.785400
0,-1.570800,-1.570800,-1.643375,0,1.570800,0.785400
0,-1.570800,-1.570800,-1.642738,0,1.570800,0.785400
0,-1.570800,-1.570800,-1.642105,0,1.570800,0.785400
0,-1.570800,-1.570800,-1.641476,0,1.570800,0.785400
0,-1.570800,-1.570800,-1.640850,0,1.570800,0.785400
0,-1.570800,-1.570800,-1.640228,0,1.570800,0.785400
0,-1.570800,-1.570800,-1.639609,0,1.570800,0.785400
0,-1.570800,-1.570800,-1.638995,0,1.570800,0.785400
0,-1.570800,-1.570800,-1.638383,0,1.570800,0.785400
0,-1.570800,-1.570800,-1.637776,0,1.570800,0.785400
0,-1.570800,-1.570800,-1.637172,0,1.570800,0.785400
0,-1.570800,-1.570800,-1.636572,0,1.570800,0.785400
0,-1.570800,-1.570800,-1.635975,0,1.570800,0.785400
0,-1.570800,-1.570800,-1.635382,0,1.570800,0.785400
0,-1.570800,-1.570800,-1.634792,0,1.570800,0.785400
0,-1.570800,-1.570800,-1.634207,0,1.570800,0.785400
0,-1.570800,-1.570800,-1.633624,0,1.570800,0.785400
0,-1.570800,-1.570800,-1.633045,0,1.570800,0.785400
0,-1.570800,-1.570800,-1.632470,0,1.570800,0.785400
0,-1.570800,-1.570800,-1.631898,0,1.570800,0.785400
0,-1.570800,-1.570800,-1.631330,0,1.570800,0.785400
0,-1.570800,-1.570800,-1.630766,0,1.570800,0.785400
0,-1.570800,-1.570800,-1.630205,0,1.570800,0.785400
0,-1.570800,-1.570800,-1.629647,0,1.570800,0.785400
0,-1.570800,-1.570800,-1.629093,0,1.570800,0.785400
0,-1.570800,-1.570800,-1.628542,0,1.570800,0.785400
0,-1.570800,-1.570800,-1.627995,0,1.570800,0.785400
0,-1.570800,-1.570800,-1.627452,0,1.570800,0.785400
0,-1.570800,-1.570800,-1.626911,0,1.570800,0.785400
0,-1.570800,-1.570800,-1.626375,0,1.570800,0.785400
0,-1.570800,-1.570800,-1.625841,0,1.570800,0.785400
0,-1.570800,-1.570800,-1.625312,0,1.570800,0.785400
0,-1.570800,-1.570800,-1.624785,0,1.570800,0.785400
0,-1.570800,-1.570800,-1.624262,0,1.570800,0.785400
0,-1.570800,-1.570800,-1.623743,0,1.570800,0.785400
0,-1.570800,-1.570800,-1.623227,0,1.570800,0.785400
0,-1.570800,-1.570800,-1.622714,0,1.570800,0.785400
0,-1.570800,-1.570800,-1.622205,0,1.570800,0.785400
0,-1.570800,-1.570800,-1.621699,0,1.570800,0.785400
0,-1.570800,-1.570800,-1.621196,0,1.570800,0.785400
0,-1.570800,-1.570800,-1.620697,0,1.570800,0.785400
0,-1.570800,-1.570800,-1.620201,0,1.570800,0.785400
0,-1.570800,-1.570800,-1.619709,0,1.570800,0.785400
0,-1.570800,-1.570800,-1.619220,0,1.570800,0.785400
0,-1.570800,-1.570800,-1.618734,0,1.570800,0.785400
0,-1.570800,-1.570800,-1.618251,0,1.570800,0.785400
0,-1.570800,-1.570800,-1.617772,0,1.570800,0.785400
0,-1.570800,-1.570800,-1.617296,0,1.570800,0.785400
0,-1.570800,-1.570800,-1.616824,0,1.570800,0.785400
0,-1.570800,-1.570800,-1.616354,0,1.570800,0.785400
0,-1.570800,-1.570800,-1.615888,0,1.570800,0.785400
0,-1.570800,-1.570800,-1.615425,0,1.570800,0.785400
0,-1.570800,-1.570800,-1.614966,0,1.570800,0.785400
0,-1.570800,-1.570800,-1.614509,0,1.570800,0.785400
0,-1.570800,-1.570800,-1.614056,0,1.570800,0.785400
0,-1.570800,-1.570800,-1.613606,0,1.570800,0.785400
0,-1.570800,-1.570800,-1.613160,0,1.570800,0.785400
0,-1.570800,-1.570800,-1.612716,0,1.570800,0.785400
0,-1.570800,-1.570800,-1.612276,0,1.570800,0.785400
0,-1.570800,-1.570800,-1.611839,0,1.570800,0.785400
0,-1.570800,-1.570800,-1.611405,0,1.570800,0.785400
0,-1.570800,-1.570800,-1.610974,0,1.570800,0.785400
0,-1.570800,-1.570800,-1.610546,0,1.570800,0.785400
0,-1.570800,-1.570800,-1.610122,0,1.570800,0.785400
0,-1.570800,-1.570800,-1.609700,0,1.570800,0.785400
0,-1.570800,-1.570800,-1.609282,0,1.570800,0.785400
0,-1.570800,-1.570800,-1.608867,0,1.570800,0.785400
0,-1.570800,-1.570800,-1.608455,0,1.570800,0.785400
0,-1.570800,-1.570800,-1.608046,0,1.570800,0.785400
0,-1.570800,-1.570800,-1.607640,0,1.570800,0.785400
0,-1.570800,-1.570800,-1.607237,0,1.570800,0.785400
0,-1.570800,-1.570800,-1.606837,0,1.570800,0.785400
0,-1.570800,-1.570800,-1.606440,0,1.570800,0.785400
0,-1.570800,-1.570800,-1.606046,0,1.570800,0.785400
0,-1.570800,-1.570800,-1.605655,0,1.570800,0.785400
0,-1.570800,-1.570800,-1.605268,0,1.570800,0.785400
0,-1.570800,-1.570800,-1.604883,0,1.570800,0.785400
0,-1.570800,-1.570800,-1.604501,0,1.570800,0.785400
0,-1.570800,-1.570800,-1.604122,0,1.570800,0.785400
0,-1.570800,-1.570800,-1.603746,0,1.570800,0.785400
0,-1.570800,-1.570800,-1.603373,0,1.570800,0.785400
0,-1.570800,-1.570800,-1.603003,0,1.570800,0.785400
0,-1.570800,-1.570800,-1.602636,0,1.570800,0.785400
0,-1.570800,-1.570800,-1.602272,0,1.570800,0.785400
0,-1.570800,-1.570800,-1.601911,0,1.570800,0.785400
0,-1.570800,-1.570800,-1.601552,0,1.570800,0.785400
0,-1.570800,-1.570800,-1.601197,0,1.570800,0.785400
0,-1.570800,-1.570800,-1.600844,0,1.570800,0.785400
0,-1.570800,-1.570800,-1.600494,0,1.570800,0.785400
0,-1.570800,-1.570800,-1.600148,0,1.570800,0.785400
0,-1.570800,-1.570800,-1.599803,0,1.570800,0.785400
0,-1.570800,-1.570800,-1.599462,0,1.570800,0.785400
0,-1.570800,-1.570800,-1.599124,0,1.570800,0.785400
0,-1.570800,-1.570800,-1.598788,0,1.570800,0.785400
0,-1.570800,-1.570800,-1.598455,0,1.570800,0.785400
0,-1.570800,-1.570800,-1.598125,0,1.570800,0.785400
0,-1.570800,-1.570800,-1.597798,0,1.570800,0.785400
0,-1.570800,-1.570800,-1.597473,0,1.570800,0.785400
0,-1.570800,-1.570800,-1.597151,0,1.570800,0.785400
0,-1.570800,-1.570800,-1.596832,0,1.570800,0.785400
0,-1.570800,-1.570800,-1.596516,0,1.570800,0.785400
0,-1.570800,-1.570800,-1.596202,0,1.570800,0.785400
0,-1.570800,-1.570800,-1.595891,0,1.570800,0.785400
0,-1.570800,-1.570800,-1.595583,0,1.570800,0.785400
0,-1.570800,-1.570800,-1.595277,0,1.570800,0.785400
0,-1.570800,-1.570800,-1.594974,0,1.570800,0.785400
0,-1.570800,-1.570800,-1.594674,0,1.570800,0.785400
0,-1.570800,-1.570800,-1.594376,0,1.570800,0.785400
0,-1.570800,-1.570800,-1.594081,0,1.570800,0.785400
0,-1.570800,-1.570800,-1.593788,0,1.570800,0.785400
0,-1.570800,-1.570800,-1.593499,0,1.570800,0.785400
0,-1.570800,-1.570800,-1.593211,0,1.570800,0.785400
0,-1.570800,-1.570800,-1.592927,0,1.570800,0.785400
0,-1.570800,-1.570800,-1.592644,0,1.570800,0.785400
0,-1.570800,-1.570800,-1.592365,0,1.570800,0.785400
0,-1.570800,-1.570800,-1.592088,0,1.570800,0.785400
0,-1.570800,-1.570800,-1.591813,0,1.570800,0.785400
0,-1.570800,-1.570800,-1.591541,0,1.570800,0.785400
0,-1.570800,-1.570800,-1.591271,0,1.570800,0.785400
0,-1.570800,-1.570800,-1.591004,0,1.570800,0.785400
0,-1.570800,-1.570800,-1.590740,0,1.570800,0.785400
0,-1.570800,-1.570800,-1.590478,0,1.570800,0.785400
0,-1.570800,-1.570800,-1.590218,0,1.570800,0.785400
0,-1.570800,-1.570800,-1.589961,0,1.570800,0.785400
0,-1.570800,-1.570800,-1.589706,0,1.570800,0.785400
0,-1.570800,-1.570800,-1.589453,0,1.570800,0.785400
0,-1.570800,-1.570800,-1.589203,0,1.570800,0.785400
0,-1.570800,-1.570800,-1.588956,0,1.570800,0.785400
0,-1.570800,-1.570800,-1.588710,0,1.570800,0.785400
0,-1.570800,-1.570800,-1.588467,0,1.570800,0.785400
0,-1.570800,-1.570800,-1.588227,0,1.570800,0.785400
0,-1.570800,-1.570800,-1.587989,0,1.570800,0.785400
0,-1.570800,-1.570800,-1.587753,0,1.570800,0.785400
0,-1.570800,-1.570800,-1.587519,0,1.570800,0.785400
0,-1.570800,-1.570800,-1.587288,0,1.570800,0.785400
0,-1.570800,-1.570800,-1.587059,0,1.570800,0.785400
0,-1.570800,-1.570800,-1.586832,0,1.570800,0.785400
0,-1.570800,-1.570800,-1.586608,0,1.570800,0.785400
0,-1.570800,-1.570800,-1.586386,0,1.570800,0.785400
0,-1.570800,-1.570800,-1.586166,0,1.570800,0.785400
0,-1.570800,-1.570800,-1.585948,0,1.570800,0.785400
0,-1.570800,-1.570800,-1.585732,0,1.570800,0.785400
0,-1.570800,-1.570800,-1.585519,0,1.570800,0.785400
0,-1.570800,-1.570800,-1.585308,0,1.570800,0.785400
0,-1.570800,-1.570800,-1.585099,0,1.570800,0.785400
0,-1.570800,-1.570800,-1.584892,0,1.570800,0.785400
0,-1.570800,-1.570800,-1.584687,0,1.570800,0.785400
0,-1.570800,-1.570800,-1.584485,0,1.570800,0.785400
0,-1.570800,-1.570800,-1.584284,0,1.570800,0.785400
0,-1.570800,-1.570800,-1.584086,0,1.570800,0.785400
0,-1.570800,-1.570800,-1.583890,0,1.570800,0.785400
0,-1.570800,-1.570800,-1.583696,0,1.570800,0.785400
0,-1.570800,-1.570800,-1.583504,0,1.570800,0.785400
0,-1.570800,-1.570800,-1.583314,0,1.570800,0.785400
0,-1.570800,-1.570800,-1.583126,0,1.570800,0.785400
0,-1.570800,-1.570800,-1.582940,0,1.570800,0.785400
0,-1.570800,-1.570800,-1.582756,0,1.570800,0.785400
0,-1.570800,-1.570800,-1.582574,0,1.570800,0.785400
0,-1.570800,-1.570800,-1.582394,0,1.570800,0.785400
0,-1.570800,-1.570800,-1.582216,0,1.570800,0.785400
0,-1.570800,-1.570800,-1.582040,0,1.570800,0.785400
0,-1.570800,-1.570800,-1.581866,0,1.570800,0.785400
0,-1.570800,-1.570800,-1.581694,0,1.570800,0.785400
0,-1.570800,-1.570800,-1.581524,0,1.570800,0.785400
0,-1.570800,-1.570800,-1.581356,0,1.570800,0.785400
0,-1.570800,-1.570800,-1.581190,0,1.570800,0.785400
0,-1.570800,-1.570800,-1.581025,0,1.570800,0.785400
0,-1.570800,-1.570800,-1.580863,0,1.570800,0.785400
0,-1.570800,-1.570800,-1.580702,0,1.570800,0.785400
0,-1.570800,-1.570800,-1.580543,0,1.570800,0.785400
0,-1.570800,-1.570800,-1.580387,0,1.570800,0.785400
0,-1.570800,-1.570800,-1.580231,0,1.570800,0.785400
0,-1.570800,-1.570800,-1.580078,0,1.570800,0.785400
0,-1.570800,-1.570800,-1.579927,0,1.570800,0.785400
0,-1.570800,-1.570800,-1.579777,0,1.570800,0.785400
0,-1.570800,-1.570800,-1.579629,0,1.570800,0.785400
0,-1.570800,-1.570800,-1.579483,0,1.570800,0.785400
0,-1.570800,-1.570800,-1.579339,0,1.570800,0.785400
0,-1.570800,-1.570800,-1.579196,0,1.570800,0.785400
0,-1.570800,-1.570800,-1.579055,0,1.570800,0.785400
0,-1.570800,-1.570800,-1.578916,0,1.570800,0.785400
0,-1.570800,-1.570800,-1.578779,0,1.570800,0.785400
0,-1.570800,-1.570800,-1.578643,0,1.570800,0.785400
0,-1.570800,-1.570800,-1.578509,0,1.570800,0.785400
0,-1.570800,-1.570800,-1.578376,0,1.570800,0.785400
0,-1.570800,-1.570800,-1.578246,0,1.570800,0.785400
0,-1.570800,-1.570800,-1.578117,0,1.570800,0.785400
0,-1.570800,-1.570800,-1.577989,0,1.570800,0.785400
0,-1.570800,-1.570800,-1.577863,0,1.570800,0.785400
0,-1.570800,-1.570800,-1.577739,0,1.570800,0.785400
0,-1.570800,-1.570800,-1.577616,0,1.570800,0.785400
0,-1.570800,-1.570800,-1.577495,0,1.570800,0.785400
0,-1.570800,-1.570800,-1.577376,0,1.570800,0.785400
0,-1.570800,-1.570800,-1.577258,0,1.570800,0.785400
0,-1.570800,-1.570800,-1.577142,0,1.570800,0.785400
0,-1.570800,-1.570800,-1.577027,0,1.570800,0.785400
0,-1.570800,-1.570800,-1.576913,0,1.570800,0.785400
0,-1.570800,-1.570800,-1.576801,0,1.570800,0.785400
0,-1.570800,-1.570800,-1.576691,0,1.570800,0.785400
0,-1.570800,-1.570800,-1.576582,0,1.570800,0.785400
0,-1.570800,-1.570800,-1.576475,0,1.570800,0.785400
0,-1.570800,-1.570800,-1.576369,0,1.570800,0.785400
0,-1.570800,-1.570800,-1.576265,0,1.570800,0.785400
0,-1.570800,-1.570800,-1.576162,0,1.570800,0.785400
0,-1.570800,-1.570800,-1.576060,0,1.570800,0.785400
0,-1.570800,-1.570800,-1.575960,0,1.570800,0.785400
0,-1.570800,-1.570800,-1.575861,0,1.570800,0.785400
0,-1.570800,-1.570800,-1.575764,0,1.570800,0.785400
0,-1.570800,-1.570800,-1.575668,0,1.570800,0.785400
0,-1.570800,-1.570800,-1.575573,0,1.570800,0.785400
0,-1.570800,-1.570800,-1.575480,0,1.570800,0.785400
0,-1.570800,-1.570800,-1.575388,0,1.570800,0.785400
0,-1.570800,-1.570800,-1.575297,0,1.570800,0.785400
0,-1.570800,-1.570800,-1.575208,0,1.570800,0.785400
0,-1.570800,-1.570800,-1.575120,0,1.570800,0.785400
0,-1.570800,-1.570800,-1.575033,0,1.570800,0.785400
0,-1.570800,-1.570800,-1.574947,0,1.570800,0.785400
0,-1.570800,-1.570800,-1.574863,0,1.570800,0.785400
0,-1.570800,-1.570800,-1.574780,0,1.570800,0.785400
0,-1.570800,-1.570800,-1.574699,0,1.570800,0.785400
0,-1.570800,-1.570800,-1.574618,0,1.570800,0.785400
0,-1.570800,-1.570800,-1.574539,0,1.570800,0.785400
0,-1.570800,-1.570800,-1.574461,0,1.570800,0.785400
0,-1.570800,-1.570800,-1.574384,0,1.570800,0.785400
0,-1.570800,-1.570800,-1.574309,0,1.570800,0.785400
0,-1.570800,-1.570800,-1.574234,0,1.570800,0.785400
0,-1.570800,-1.570800,-1.574161,0,1.570800,0.785400
0,-1.570800,-1.570800,-1.574089,0,1.570800,0.785400
0,-1.570800,-1.570800,-1.574018,0,1.570800,0.785400
0,-1.570800,-1.570800,-1.573948,0,1.570800,0.785400
0,-1.570800,-1.570800,-1.573879,0,1.570800,0.785400
0,-1.570800,-1.570800,-1.573812,0,1.570800,0.785400
0,-1.570800,-1.570800,-1.573745,0,1.570800,0.785400
0,-1.570800,-1.570800,-1.573680,0,1.570800,0.785400
0,-1.570800,-1.570800,-1.573615,0,1.570800,0.785400
0,-1.570800,-1.570800,-1.573552,0,1.570800,0.785400
0,-1.570800,-1.570800,-1.573490,0,1.570800,0.785400
0,-1.570800,-1.570800,-1.573429,0,1.570800,0.785400
0,-1.570800,-1.570800,-1.573368,0,1.570800,0.785400
0,-1.570800,-1.570800,-1.573309,0,1.570800,0.785400
0,-1.570800,-1.570800,-1.573251,0,1.570800,0.785400
0,-1.570800,-1.570800,-1.573194,0,1.570800,0.785400
0,-1.570800,-1.570800,-1.573138,0,1.570800,0.785400
0,-1.570800,-1.570800,-1.573083,0,1.570800,0.785400
0,-1.570800,-1.570800,-1.573028,0,1.570800,0.785400
0,-1.570800,-1.570800,-1.572975,0,1.570800,0.785400
0,-1.570800,-1.570800,-1.572923,0,1.570800,0.785400
0,-1.570800,-1.570800,-1.572872,0,1.570800,0.785400
0,-1.570800,-1.570800,-1.572821,0,1.570800,0.785400
0,-1.570800,-1.570800,-1.572772,0,1.570800,0.785400
0,-1.570800,-1.570800,-1.572723,0,1.570800,0.785400
0,-1.570800,-1.570800,-1.572675,0,1.570800,0.785400
0,-1.570800,-1.570800,-1.572628,0,1.570800,0.785400
0,-1.570800,-1.570800,-1.572582,0,1.570800,0.785400
0,-1.570800,-1.570800,-1.572537,0,1.570800,0.785400
0,-1.570800,-1.570800,-1.572493,0,1.570800,0.785400
0,-1.570800,-1.570800,-1.572449,0,1.570800,0.785400
0,-1.570800,-1.570800,-1.572407,0,1.570800,0.785400
0,-1.570800,-1.570800,-1.572365,0,1.570800,0.785400
0,-1.570800,-1.570800,-1.572324,0,1.570800,0.785400
0,-1.570800,-1.570800,-1.572284,0,1.570800,0.785400
0,-1.570800,-1.570800,-1.572244,0,1.570800,0.785400
0,-1.570800,-1.570800,-1.572206,0,1.570800,0.785400
0,-1.570800,-1.570800,-1.572168,0,1.570800,0.785400
0,-1.570800,-1.570800,-1.572131,0,1.570800,0.785400
0,-1.570800,-1.570800,-1.572095,0,1.570800,0.785400
0,-1.570800,-1.570800,-1.572059,0,1.570800,0.785400
0,-1.570800,-1.570800,-1.572024,0,1.570800,0.785400
0,-1.570800,-1.570800,-1.571990,0,1.570800,0.785400
0,-1.570800,-1.570800,-1.571956,0,1.570800,0.785400
0,-1.570800,-1.570800,-1.571924,0,1.570800,0.785400
0,-1.570800,-1.570800,-1.571892,0,1.570800,0.785400
0,-1.570800,-1.570800,-1.571860,0,1.570800,0.785400
0,-1.570800,-1.570800,-1.571830,0,1.570800,0.785400
0,-1.570800,-1.570800,-1.571800,0,1.570800,0.785400
0,-1.570800,-1.570800,-1.571770,0,1.570800,0.785400
0,-1.570800,-1.570800,-1.571741,0,1.570800,0.785400
0,-1.570800,-1.570800,-1.571713,0,1.570800,0.785400
0,-1.570800,-1.570800,-1.571686,0,1.570800,0.785400
0,-1.570800,-1.570800,-1.571659,0,1.570800,0.785400
0,-1.570800,-1.570800,-1.571633,0,1.570800,0.785400
0,-1.570800,-1.570800,-1.571607,0,1.570800,0.785400
0,-1.570800,-1.570800,-1.571582,0,1.570800,0.785400
0,-1.570800,-1.570800,-1.571558,0,1.570800,0.785400
0,-1.570800,-1.570800,-1.571534,0,1.570800,0.785400
0,-1.570800,-1.570800,-1.571510,0,1.570800,0.785400
0,-1.570800,-1.570800,-1.571488,0,1.570800,0.785400
0,-1.570800,-1.570800,-1.571465,0,1.570800,0.785400
0,-1.570800,-1.570800,-1.571444,0,1.570800,0.785400
0,-1.570800,-1.570800,-1.571423,0,1.570800,0.785400
0,-1.570800,-1.570800,-1.571402,0,1.570800,0.785400
0,-1.570800,-1.570800,-1.571382,0,1.570800,0.785400
0,-1.570800,-1.570800,-1.571362,0,1.570800,0.785400
0,-1.570800,-1.570800,-1.571343,0,1.570800,0.785400
0,-1.570800,-1.570800,-1.571324,0,1.570800,0.785400
0,-1.570800,-1.570800,-1.571306,0,1.570800,0.785400
0,-1.570800,-1.570800,-1.571289,0,1.570800,0.785400
0,-1.570800,-1.570800,-1.571271,0,1.570800,0.785400
0,-1.570800,-1.570800,-1.571255,0,1.570800,0.785400
0,-1.570800,-1.570800,-1.571238,0,1.570800,0.785400
0,-1.570800,-1.570800,-1.571222,0,1.570800,0.785400
0,-1.570800,-1.570800,-1.571207,0,1.570800,0.785400
0,-1.570800,-1.570800,-1.571192,0,1.570800,0.785400
0,-1.570800,-1.570800,-1.571177,0,1.570800,0.785400
0,-1.570800,-1.570800,-1.571163,0,1.570800,0.785400
0,-1.570800,-1.570800,-1.571149,0,1.570800,0.785400
0,-1.570800,-1.570800,-1.571136,0,1.570800,0.785400
0,-1.570800,-1.570800,-1.571123,0,1.570800,0.785400
0,-1.570800,-1.570800,-1.571110,0,1.570800,0.785400
0,-1.570800,-1.570800,-1.571098,0,1.570800,0.785400
0,-1.570800,-1.570800,-1.571086,0,1.570800,0.785400
0,-1.570800,-1.570800,-1.571075,0,1.570800,0.785400
0,-1.570800,-1.570800,-1.571063,0,1.570800,0.785400
0,-1.570800,-1.570800,-1.571053,0,1.570800,0.785400
0,-1.570800,-1.570800,-1.571042,0,1.570800,0.785400
0,-1.570800,-1.570800,-1.571032,0,1.570800,0.785400
0,-1.570800,-1.570800,-1.571022,0,1.570800,0.785400
0,-1.570800,-1.570800,-1.571013,0,1.570800,0.785400
0,-1.570800,-1.570800,-1.571003,0,1.570800,0.785400
0,-1.570800,-1.570800,-1.570994,0,1.570800,0.785400
0,-1.570800,-1.570800,-1.570986,0,1.570800,0.785400
0,-1.570800,-1.570800,-1.570977,0,1.570800,0.785400
0,-1.570800,-1.570800,-1.570969,0,1.570800,0.785400
0,-1.570800,-1.570800,-1.570962,0,1.570800,0.785400
0,-1.570800,-1.570800,-1.570954,0,1.570800,0.785400
0,-1.570800,-1.570800,-1.570947,0,1.570800,0.785400
0,-1.570800,-1.570800,-1.570940,0,1.570800,0.785400
0,-1.570800,-1.570800,-1.570933,0,1.570800,0.785400
0,-1.570800,-1.570800,-1.570927,0,1.570800,0.785400
0,-1.570800,-1.570800,-1.570920,0,1.570800,0.785400
0,-1.570800,-1.570800,-1.570914,0,1.570800,0.785400
0,-1.570800,-1.570800,-1.570909,0,1.570800,0.785400
0,-1.570800,-1.570800,-1.570903,0,1.570800,0.785400
0,-1.570800,-1.570800,-1.570898,0,1.570800,0.785400
0,-1.570800,-1.570800,-1.570892,0,1.570800,0.785400
0,-1.570800,-1.570800,-1.570887,0,1.570800,0.785400
0,-1.570800,-1.570800,-1.570883,0,1.570800,0.785400
0,-1.570800,-1.570800,-1.570878,0,1.570800,0.785400
0,-1.570800,-1.570800,-1.570874,0,1.570800,0.785400
0,-1.570800,-1.570800,-1.570870,0,1.570800,0.785400
0,-1.570800,-1.570800,-1.570866,0,1.570800,0.785400
0,-1.570800,-1.570800,-1.570862,0,1.570800,0.785400
0,-1.570800,-1.570800,-1.570858,0,1.570800,0.785400
0,-1.570800,-1.570800,-1.570855,0,1.570800,0.785400
0,-1.570800,-1.570800,-1.570851,0,1.570800,0.785400
0,-1.570800,-1.570800,-1.570848,0,1.570800,0.785400
0,-1.570800,-1.570800,-1.570845,0,1.570800,0.785400
0,-1.570800,-1.570800,-1.570842,0,1.570800,0.785400
0,-1.570800,-1.570800,-1.570840,0,1.570800,0.785400
0,-1.570800,-1.570800,-1.570837,0,1.570800,0.785400
0,-1.570800,-1.570800,-1.570835,0,1.570800,0.785400
0,-1.570800,-1.570800,-1.570832,0,1.570800,0.785400
0,-1.570800,-1.570800,-1.570830,0,1.570800,0.785400
0,-1.570800,-1.570800,-1.570828,0,1.570800,0.785400
0,-1.570800,-1.570800,-1.570826,0,1.570800,0.785400
0,-1.570800,-1.570800,-1.570824,0,1.570800,0.785400
0,-1.570800,-1.570800,-1.570822,0,1.570800,0.785400
0,-1.570800,-1.570800,-1.570820,0,1.570800,0.785400
0,-1.570800,-1.570800,-1.570819,0,1.570800,0.785400
0,-1.570800,-1.570800,-1.570817,0,1.570800,0.785400
0,-1.570800,-1.570800,-1.570816,0,1.570800,0.785400
0,-1.570800,-1.570800,-1.570815,0,1.570800,0.785400
0,-1.570800,-1.570800,-1.570813,0,1.570800,0.785400
0,-1.570800,-1.570800,-1.570812,0,1.570800,0.785400
0,-1.570800,-1.570800,-1.570811,0,1.570800,0.785400
0,-1.570800,-1.570800,-1.570810,0,1.570800,0.785400
0,-1.570800,-1.570800,-1.570809,0,1.570800,0.785400
0,-1.570800,-1.570800,-1.570808,0,1.570800,0.785400
0,-1.570800,-1.570800,-1.570808,0,1.570800,0.785400
0,-1.570800,-1.570800,-1.570807,0,1.570800,0.785400
0,-1.570800,-1.570800,-1.570806,0,1.570800,0.785400
0,-1.570800,-1.570800,-1.570806,0,1.570800,0.785400
0,-1.570800,-1.570800,-1.570805,0,1.570800,0.785400
0,-1.570800,-1.570800,-1.570804,0,1.570800,0.785400
0,-1.570800,-1.570800,-1.570804,0,1.570800,0.785400
0,-1.570800,-1.570800,-1.570803,0,1.570800,0.785400
0,-1.570800,-1.570800,-1.570803,0,1.570800,0.785400
0,-1.570800,-1.570800,-1.570803,0,1.570800,0.785400
0,-1.570800,-1.570800,-1.570802,0,1.570800,0.785400
0,-1.570800,-1.570800,-1.570802,0,1.570800,0.785400
0,-1.570800,-1.570800,-1.570802,0,1.570800,0.785400
0,-1.570800,-1.570800,-1.570802,0,1.570800,0.785400
0,-1.570800,-1.570800,-1.570801,0,1.570800,0.785400
0,-1.570800,-1.570800,-1.570801,0,1.570800,0.785400
0,-1.570800,-1.570800,-1.570801,0,1.570800,0.785400
0,-1.570800,-1.570800,-1.570801,0,1.570800,0.785400
0,-1.570800,-1.570800,-1.570801,0,1.570800,0.785400
0,-1.570800,-1.570800,-1.570801,0,1.570800,0.785400
0,-1.570800,-1.570800,-1.570800,0,1.570800,0.785400
0,-1.570800,-1.570800,-1.570800,0,1.570800,0.785400
0,-1.570800,-1.570800,-1.570800,0,1.570800,0.785400
0,-1.570800,-1.570800,-1.570800,0,1.570800,0.785400
0,-1.570800,-1.570800,-1.570800,0,1.570800,0.785400
0,-1.570800,-1.570800,-1.570800,0,1.570800,0.785400
0,-1.570800,-1.570800,-1.570800,0,1.570800,0.785400
0,-1.570800,-1.570800,-1.570800,0,1.570800,0.785400
0,-1.570800,-1.570800,-1.570800,0,1.570800,0.785400
0,-1.570800,-1.570800,-1.570800,0,1.570800,0.785400
0,-1.570800,-1.570800,-1.570800,0,1.570800,0.785400
0,-1.570800,-1.570800,-1.570800,0,1.570800,0.785400
0,-1.570800,-1.570800,-1.570800,0,1.570800,0.785400
0,-1.570800,-1.570800,-1.570800,0,1.570800,0.785400
0,-1.570800,-1.570800,-1.570800,0,1.570800,0.785400
0,-1.570800,-1.570800,-1.570800,0,1.570800,0.785400
0,-1.570800,-1.570800,-1.570800,0,1.570800,0.785400
0,-1.570800,-1.570800,-1.570800,0,1.570800,0.785400
0,-1.570800,-1.570800,-1.570800,0,1.570800,0.785400
0,-1.570800,-1.570800,-1.570800,0,1.570800,0.785400
