1.5798,2.77556e-17,0,-0.3491,0,1.5708,0.7854
1.5798,-2.52187e-12,0,-0.3491,0,1.5708,0.7854
1.5798,-4.03495e-11,0,-0.3491,0,1.5708,0.7854
1.5798,-2.04268e-10,0,-0.3491,0,1.5708,0.7854
1.5798,-6.45585e-10,0,-0.3491,0,1.5708,0.7854
1.5798,-1.57612e-09,0,-0.3491,0,1.5708,0.7854
1.5798,-3.26821e-09,0,-0.3491,0,1.5708,0.7854
1.5798,-6.05468e-09,0,-0.3491,0,1.5708,0.7854
1.5798,-1.03289e-08,0,-0.3491,0,1.5708,0.7854
1.5798,-1.65446e-08,0,-0.3491,0,1.5708,0.7854
1.5798,-2.52161e-08,0,-0.3491,0,1.5708,0.7854
1.5798,-3.69181e-08,0,-0.3491,0,1.5708,0.7854
1.5798,-5.22858e-08,0,-0.3491,0,1.5708,0.7854
1.5798,-7.20148e-08,0,-0.3491,0,1.5708,0.7854
1.5798,-9.68611e-08,0,-0.3491,0,1.5708,0.7854
1.5798,-1.27641e-07,0,-0.3491,0,1.5708,0.7854
1.5798,-1.65231e-07,0,-0.3491,0,1.5708,0.7854
1.5798,-2.10569e-07,0,-0.3491,0,1.5708,0.7854
1.5798,-2.64651e-07,0,-0.3491,0,1.5708,0.7854
1.5798,-3.28535e-07,0,-0.3491,0,1.5708,0.7854
1.5798,-4.0334e-07,0,-0.3491,0,1.5708,0.7854
1.5798,-4.90242e-07,0,-0.3491,0,1.5708,0.7854
1.5798,-5.90481e-07,0,-0.3491,0,1.5708,0.7854
1.5798,-7.05355e-07,0,-0.3491,0,1.5708,0.7854
1.5798,-8.36222e-07,0,-0.3491,0,1.5708,0.7854
1.5798,-9.845e-07,0,-0.3491,0,1.5708,0.7854
1.5798,-1.15167e-06,0,-0.3491,0,1.5708,0.7854
1.5798,-1.33927e-06,0,-0.3491,0,1.5708,0.7854
1.5798,-1.54889e-06,0,-0.3491,0,1.5708,0.7854
1.5798,-1.7822e-06,0,-0.3491,0,1.5708,0.7854
1.5798,-2.04091e-06,0,-0.3491,0,1.5708,0.7854
1.5798,-2.32681e-06,0,-0.3491,0,1.5708,0.7854
1.5798,-2.64172e-06,0,-0.3491,0,1.5708,0.7854
1.5798,-2.98755e-06,0,-0.3491,0,1.5708,0.7854
1.5798,-3.36626e-06,0,-0.3491,0,1.5708,0.7854
1.5798,-3.77985e-06,0,-0.3491,0,1.5708,0.7854
1.5798,-4.23041e-06,0,-0.3491,0,1.5708,0.7854
1.5798,-4.72007e-06,0,-0.3491,0,1.5708,0.7854
1.5798,-5.25103e-06,0,-0.3491,0,1.5708,0.7854
1.5798,-5.82553e-06,0,-0.3491,0,1.5708,0.7854
1.5798,-6.44591e-06,0,-0.3491,0,1.5708,0.7854
1.5798,-7.11451e-06,0,-0.3491,0,1.5708,0.7854
1.5798,-7.83379e-06,0,-0.3491,0,1.5708,0.7854
1.5798,-8.60622e-06,0,-0.3491,0,1.5708,0.7854
1.5798,-9.43437e-06,0,-0.3491,0,1.5708,0.7854
1.5798,-1.03208e-05,0,-0.3491,0,1.5708,0.7854
1.5798,-1.12683e-05,0,-0.3491,0,1.5708,0.7854
1.5798,-1.22794e-05,0,-0.3491,0,1.5708,0.7854
1.5798,-1.33571e-05,0,-0.3491,0,1.5708,0.7854
1.5798,-1.45041e-05,0,-0.3491,0,1.5708,0.7854
1.5798,-1.57233e-05,0,-0.3491,0,1.5708,0.7854
1.5798,-1.70177e-05,0,-0.3491,0,1.5708,0.7854
1.5798,-1.83904e-05,0,-0.3491,0,1.5708,0.7854
1.5798,-1.98443e-05,0,-0.3491,0,1.5708,0.7854
1.5798,-2.13827e-05,0,-0.3491,0,1.5708,0.7854
1.5798,-2.30087e-05,0,-0.3491,0,1.5708,0.7854
1.5798,-2.47256e-05,0,-0.3491,0,1.5708,0.7854
1.5798,-2.65367e-05,0,-0.3491,0,1.5708,0.7854
1.5798,-2.84453e-05,0,-0.3491,0,1.5708,0.7854
1.5798,-3.04549e-05,0,-0.3491,0,1.5708,0.7854
1.5798,-3.2569e-05,0,-0.3491,0,1.5708,0.7854
1.5798,-3.4791e-05,0,-0.3491,0,1.5708,0.7854
1.5798,-3.71247e-05,0,-0.3491,0,1.5708,0.7854
1.5798,-3.95736e-05,0,-0.3491,0,1.5708,0.7854
1.5798,-4.21415e-05,0,-0.3491,0,1.5708,0.7854
1.5798,-4.4832e-05,0,-0.3491,0,1.5708,0.7854
1.5798,-4.76492e-05,0,-0.3491,0,1.5708,0.7854
1.5798,-5.05968e-05,0,-0.3491,0,1.5708,0.7854
1.5798,-5.36787e-05,0,-0.3491,0,1.5708,0.7854
1.5798,-5.68991e-05,0,-0.3491,0,1.5708,0.7854
1.5798,-6.02618e-05,0,-0.3491,0,1.5708,0.7854
1.5798,-6.37711e-05,0,-0.3491,0,1.5708,0.7854
1.5798,-6.74311e-05,0,-0.3491,0,1.5708,0.7854
1.5798,-7.12459e-05,0,-0.3491,0,1.5708,0.7854
1.5798,-7.522e-05,0,-0.3491,0,1.5708,0.7854
1.5798,-7.93576e-05,0,-0.3491,0,1.5708,0.7854
1.5798,-8.36632e-05,0,-0.3491,0,1.5708,0.7854
1.5798,-8.8141e-05,0,-0.3491,0,1.5708,0.7854
1.5798,-9.27958e-05,0,-0.3491,0,1.5708,0.7854
1.5798,-9.76319e-05,0,-0.3491,0,1.5708,0.7854
1.5798,-0.000102654,0,-0.3491,0,1.5708,0.7854
1.5798,-0.000107867,0,-0.3491,0,1.5708,0.7854
1.5798,-0.000113275,0,-0.3491,0,1.5708,0.7854
1.5798,-0.000118884,0,-0.3491,0,1.5708,0.7854
1.5798,-0.000124697,0,-0.3491,0,1.5708,0.7854
1.5798,-0.00013072,0,-0.3491,0,1.5708,0.7854
1.5798,-0.000136959,0,-0.3491,0,1.5708,0.7854
1.5798,-0.000143417,0,-0.3491,0,1.5708,0.7854
1.5798,-0.000150099,0,-0.3491,0,1.5708,0.7854
1.5798,-0.000157012,0,-0.3491,0,1.5708,0.7854
1.5798,-0.00016416,0,-0.3491,0,1.5708,0.7854
1.5798,-0.000171549,0,-0.3491,0,1.5708,0.7854
1.5798,-0.000179183,0,-0.3491,0,1.5708,0.7854
1.5798,-0.000187067,0,-0.3491,0,1.5708,0.7854
1.5798,-0.000195208,0,-0.3491,0,1.5708,0.7854
1.5798,-0.000203611,0,-0.3491,0,1.5708,0.7854
1.5798,-0.000212281,0,-0.3491,0,1.5708,0.7854
1.5798,-0.000221224,0,-0.3491,0,1.5708,0.7854
1.5798,-0.000230445,0,-0.3491,0,1.5708,0.7854
1.5798,-0.00023995,0,-0.3491,0,1.5708,0.7854
1.5798,-0.000249744,0,-0.3491,0,1.5708,0.7854
1.5798,-0.000259834,0,-0.3491,0,1.5708,0.7854
1.5798,-0.000270225,0,-0.3491,0,1.5708,0.7854
1.5798,-0.000280923,0,-0.3491,0,1.5708,0.7854
1.5798,-0.000291934,0,-0.3491,0,1.5708,0.7854
1.5798,-0.000303263,0,-0.3491,0,1.5708,0.7854
1.5798,-0.000314917,0,-0.3491,0,1.5708,0.7854
1.5798,-0.000326903,0,-0.3491,0,1.5708,0.7854
1.5798,-0.000339225,0,-0.3491,0,1.5708,0.7854
1.5798,-0.00035189,0,-0.3491,0,1.5708,0.7854
1.5798,-0.000364904,0,-0.3491,0,1.5708,0.7854
1.5798,-0.000378274,0,-0.3491,0,1.5708,0.7854
1.5798,-0.000392006,0,-0.3491,0,1.5708,0.7854
1.5798,-0.000406106,0,-0.3491,0,1.5708,0.7854
1.5798,-0.00042058,0,-0.3491,0,1.5708,0.7854
1.5798,-0.000435436,0,-0.3491,0,1.5708,0.7854
1.5798,-0.000450679,0,-0.3491,0,1.5708,0.7854
1.5798,-0.000466316,0,-0.3491,0,1.5708,0.7854
1.5798,-0.000482353,0,-0.3491,0,1.5708,0.7854
1.5798,-0.000498798,0,-0.3491,0,1.5708,0.7854
1.5798,-0.000515657,0,-0.3491,0,1.5708,0.7854
1.5798,-0.000532937,0,-0.3491,0,1.5708,0.7854
1.5798,-0.000550644,0,-0.3491,0,1.5708,0.7854
1.5798,-0.000568786,0,-0.3491,0,1.5708,0.7854
1.5798,-0.000587368,0,-0.3491,0,1.5708,0.7854
1.5798,-0.000606399,0,-0.3491,0,1.5708,0.7854
1.5798,-0.000625885,0,-0.3491,0,1.5708,0.7854
1.5798,-0.000645833,0,-0.3491,0,1.5708,0.7854
1.5798,-0.000666251,0,-0.3491,0,1.5708,0.7854
1.5798,-0.000687145,0,-0.3491,0,1.5708,0.7854
1.5798,-0.000708522,0,-0.3491,0,1.5708,0.7854
1.5798,-0.00073039,0,-0.3491,0,1.5708,0.7854
1.5798,-0.000752756,0,-0.3491,0,1.5708,0.7854
1.5798,-0.000775627,0,-0.3491,0,1.5708,0.7854
1.5798,-0.000799011,0,-0.3491,0,1.5708,0.7854
1.5798,-0.000822915,0,-0.3491,0,1.5708,0.7854
1.5798,-0.000847347,0,-0.3491,0,1.5708,0.7854
1.5798,-0.000872313,0,-0.3491,0,1.5708,0.7854
1.5798,-0.000897822,0,-0.3491,0,1.5708,0.7854
1.5798,-0.000923881,0,-0.3491,0,1.5708,0.7854
1.5798,-0.000950498,0,-0.3491,0,1.5708,0.7854
1.5798,-0.00097768,0,-0.3491,0,1.5708,0.7854
1.5798,-0.00100543,0,-0.3491,0,1.5708,0.7854
1.5798,-0.00103377,0,-0.3491,0,1.5708,0.7854
1.5798,-0.0010627,0,-0.3491,0,1.5708,0.7854
1.5798,-0.00109222,0,-0.3491,0,1.5708,0.7854
1.5798,-0.00112234,0,-0.3491,0,1.5708,0.7854
1.5798,-0.00115308,0,-0.3491,0,1.5708,0.7854
1.5798,-0.00118444,0,-0.3491,0,1.5708,0.7854
1.5798,-0.00121642,0,-0.3491,0,1.5708,0.7854
1.5798,-0.00124905,0,-0.3491,0,1.5708,0.7854
1.5798,-0.00128231,0,-0.3491,0,1.5708,0.7854
1.5798,-0.00131623,0,-0.3491,0,1.5708,0.7854
1.5798,-0.00135081,0,-0.3491,0,1.5708,0.7854
1.5798,-0.00138606,0,-0.3491,0,1.5708,0.7854
1.5798,-0.00142199,0,-0.3491,0,1.5708,0.7854
1.5798,-0.0014586,0,-0.3491,0,1.5708,0.7854
1.5798,-0.0014959,0,-0.3491,0,1.5708,0.7854
1.5798,-0.00153391,0,-0.3491,0,1.5708,0.7854
1.5798,-0.00157263,0,-0.3491,0,1.5708,0.7854
1.5798,-0.00161207,0,-0.3491,0,1.5708,0.7854
1.5798,-0.00165223,0,-0.3491,0,1.5708,0.7854
1.5798,-0.00169313,0,-0.3491,0,1.5708,0.7854
1.5798,-0.00173478,0,-0.3491,0,1.5708,0.7854
1.5798,-0.00177718,0,-0.3491,0,1.5708,0.7854
1.5798,-0.00182034,0,-0.3491,0,1.5708,0.7854
1.5798,-0.00186427,0,-0.3491,0,1.5708,0.7854
1.5798,-0.00190898,0,-0.3491,0,1.5708,0.7854
1.5798,-0.00195448,0,-0.3491,0,1.5708,0.7854
1.5798,-0.00200078,0,-0.3491,0,1.5708,0.7854
1.5798,-0.00204788,0,-0.3491,0,1.5708,0.7854
1.5798,-0.00209579,0,-0.3491,0,1.5708,0.7854
1.5798,-0.00214453,0,-0.3491,0,1.5708,0.7854
1.5798,-0.00219411,0,-0.3491,0,1.5708,0.7854
1.5798,-0.00224452,0,-0.3491,0,1.5708,0.7854
1.5798,-0.00229579,0,-0.3491,0,1.5708,0.7854
1.5798,-0.00234791,0,-0.3491,0,1.5708,0.7854
1.5798,-0.0024009,0,-0.3491,0,1.5708,0.7854
1.5798,-0.00245477,0,-0.3491,0,1.5708,0.7854
1.5798,-0.00250953,0,-0.3491,0,1.5708,0.7854
1.5798,-0.00256519,0,-0.3491,0,1.5708,0.7854
1.5798,-0.00262175,0,-0.3491,0,1.5708,0.7854
1.5798,-0.00267922,0,-0.3491,0,1.5708,0.7854
1.5798,-0.00273762,0,-0.3491,0,1.5708,0.7854
1.5798,-0.00279695,0,-0.3491,0,1.5708,0.7854
1.5798,-0.00285722,0,-0.3491,0,1.5708,0.7854
1.5798,-0.00291845,0,-0.3491,0,1.5708,0.7854
1.5798,-0.00298064,0,-0.3491,0,1.5708,0.7854
1.5798,-0.0030438,0,-0.3491,0,1.5708,0.7854
1.5798,-0.00310794,0,-0.3491,0,1.5708,0.7854
1.5798,-0.00317307,0,-0.3491,0,1.5708,0.7854
1.5798,-0.0032392,0,-0.3491,0,1.5708,0.7854
1.5798,-0.00330633,0,-0.3491,0,1.5708,0.7854
1.5798,-0.00337449,0,-0.3491,0,1.5708,0.7854
1.5798,-0.00344368,0,-0.3491,0,1.5708,0.7854
1.5798,-0.0035139,0,-0.3491,0,1.5708,0.7854
1.5798,-0.00358517,0,-0.3491,0,1.5708,0.7854
1.5798,-0.0036575,0,-0.3491,0,1.5708,0.7854
1.5798,-0.0037309,0,-0.3491,0,1.5708,0.7854
1.5798,-0.00380537,0,-0.3491,0,1.5708,0.7854
1.5798,-0.00388093,0,-0.3491,0,1.5708,0.7854
1.5798,-0.00395759,0,-0.3491,0,1.5708,0.7854
1.5798,-0.00403535,0,-0.3491,0,1.5708,0.7854
1.5798,-0.00411423,0,-0.3491,0,1.5708,0.7854
1.5798,-0.00419424,0,-0.3491,0,1.5708,0.7854
1.5798,-0.00427538,0,-0.3491,0,1.5708,0.7854
1.5798,-0.00435768,0,-0.3491,0,1.5708,0.7854
1.5798,-0.00444112,0,-0.3491,0,1.5708,0.7854
1.5798,-0.00452574,0,-0.3491,0,1.5708,0.7854
1.5798,-0.00461153,0,-0.3491,0,1.5708,0.7854
1.5798,-0.0046985,0,-0.3491,0,1.5708,0.7854
1.5798,-0.00478668,0,-0.3491,0,1.5708,0.7854
1.5798,-0.00487606,0,-0.3491,0,1.5708,0.7854
1.5798,-0.00496666,0,-0.3491,0,1.5708,0.7854
1.5798,-0.00505848,0,-0.3491,0,1.5708,0.7854
1.5798,-0.00515155,0,-0.3491,0,1.5708,0.7854
1.5798,-0.00524586,0,-0.3491,0,1.5708,0.7854
1.5798,-0.00534143,0,-0.3491,0,1.5708,0.7854
1.5798,-0.00543827,0,-0.3491,0,1.5708,0.7854
1.5798,-0.00553638,0,-0.3491,0,1.5708,0.7854
1.5798,-0.00563579,0,-0.3491,0,1.5708,0.7854
1.5798,-0.0057365,0,-0.3491,0,1.5708,0.7854
1.5798,-0.00583851,0,-0.3491,0,1.5708,0.7854
1.5798,-0.00594185,0,-0.3491,0,1.5708,0.7854
1.5798,-0.00604652,0,-0.3491,0,1.5708,0.7854
1.5798,-0.00615252,0,-0.3491,0,1.5708,0.7854
1.5798,-0.00625988,0,-0.3491,0,1.5708,0.7854
1.5798,-0.00636861,0,-0.3491,0,1.5708,0.7854
1.5798,-0.0064787,0,-0.3491,0,1.5708,0.7854
1.5798,-0.00659018,0,-0.3491,0,1.5708,0.7854
1.5798,-0.00670305,0,-0.3491,0,1.5708,0.7854
1.5798,-0.00681733,0,-0.3491,0,1.5708,0.7854
1.5798,-0.00693302,0,-0.3491,0,1.5708,0.7854
1.5798,-0.00705013,0,-0.3491,0,1.5708,0.7854
1.5798,-0.00716869,0,-0.3491,0,1.5708,0.7854
1.5798,-0.00728869,0,-0.3491,0,1.5708,0.7854
1.5798,-0.00741014,0,-0.3491,0,1.5708,0.7854
1.5798,-0.00753307,0,-0.3491,0,1.5708,0.7854
1.5798,-0.00765747,0,-0.3491,0,1.5708,0.7854
1.5798,-0.00778337,0,-0.3491,0,1.5708,0.7854
1.5798,-0.00791076,0,-0.3491,0,1.5708,0.7854
1.5798,-0.00803967,0,-0.3491,0,1.5708,0.7854
1.5798,-0.00817009,0,-0.3491,0,1.5708,0.7854
1.5798,-0.00830205,0,-0.3491,0,1.5708,0.7854
1.5798,-0.00843556,0,-0.3491,0,1.5708,0.7854
1.5798,-0.00857061,0,-0.3491,0,1.5708,0.7854
1.5798,-0.00870724,0,-0.3491,0,1.5708,0.7854
1.5798,-0.00884544,0,-0.3491,0,1.5708,0.7854
1.5798,-0.00898522,0,-0.3491,0,1.5708,0.7854
1.5798,-0.0091266,0,-0.3491,0,1.5708,0.7854
1.5798,-0.00926959,0,-0.3491,0,1.5708,0.7854
1.5798,-0.00941421,0,-0.3491,0,1.5708,0.7854
1.5798,-0.00956045,0,-0.3491,0,1.5708,0.7854
1.5798,-0.00970833,0,-0.3491,0,1.5708,0.7854
1.5798,-0.00985786,0,-0.3491,0,1.5708,0.7854
1.5798,-0.0100091,0,-0.3491,0,1.5708,0.7854
1.5798,-0.0101619,0,-0.3491,0,1.5708,0.7854
1.5798,-0.0103165,0,-0.3491,0,1.5708,0.7854
1.5798,-0.0104727,0,-0.3491,0,1.5708,0.7854
1.5798,-0.0106307,0,-0.3491,0,1.5708,0.7854
1.5798,-0.0107904,0,-0.3491,0,1.5708,0.7854
1.5798,-0.0109518,0,-0.3491,0,1.5708,0.7854
1.5798,-0.0111149,0,-0.3491,0,1.5708,0.7854
1.5798,-0.0112798,0,-0.3491,0,1.5708,0.7854
1.5798,-0.0114465,0,-0.3491,0,1.5708,0.7854
1.5798,-0.0116149,0,-0.3491,0,1.5708,0.7854
1.5798,-0.0117851,0,-0.3491,0,1.5708,0.7854
1.5798,-0.0119571,0,-0.3491,0,1.5708,0.7854
1.5798,-0.012131,0,-0.3491,0,1.5708,0.7854
1.5798,-0.0123066,0,-0.3491,0,1.5708,0.7854
1.5798,-0.0124841,0,-0.3491,0,1.5708,0.7854
1.5798,-0.0126634,0,-0.3491,0,1.5708,0.7854
1.5798,-0.0128445,0,-0.3491,0,1.5708,0.7854
1.5798,-0.0130275,0,-0.3491,0,1.5708,0.7854
1.5798,-0.0132124,0,-0.3491,0,1.5708,0.7854
1.5798,-0.0133992,0,-0.3491,0,1.5708,0.7854
1.5798,-0.0135879,0,-0.3491,0,1.5708,0.7854
1.5798,-0.0137784,0,-0.3491,0,1.5708,0.7854
1.5798,-0.0139709,0,-0.3491,0,1.5708,0.7854
1.5798,-0.0141653,0,-0.3491,0,1.5708,0.7854
1.5798,-0.0143617,0,-0.3491,0,1.5708,0.7854
1.5798,-0.01456,0,-0.3491,0,1.5708,0.7854
1.5798,-0.0147603,0,-0.3491,0,1.5708,0.7854
1.5798,-0.0149625,0,-0.3491,0,1.5708,0.7854
1.5798,-0.0151668,0,-0.3491,0,1.5708,0.7854
1.5798,-0.015373,0,-0.3491,0,1.5708,0.7854
1.5798,-0.0155812,0,-0.3491,0,1.5708,0.7854
1.5798,-0.0157914,0,-0.3491,0,1.5708,0.7854
1.5798,-0.0160037,0,-0.3491,0,1.5708,0.7854
1.5798,-0.016218,0,-0.3491,0,1.5708,0.7854
1.5798,-0.0164344,0,-0.3491,0,1.5708,0.7854
1.5798,-0.0166528,0,-0.3491,0,1.5708,0.7854
1.5798,-0.0168733,0,-0.3491,0,1.5708,0.7854
1.5798,-0.0170959,0,-0.3491,0,1.5708,0.7854
1.5798,-0.0173206,0,-0.3491,0,1.5708,0.7854
1.5798,-0.0175474,0,-0.3491,0,1.5708,0.7854
1.5798,-0.0177763,0,-0.3491,0,1.5708,0.7854
1.5798,-0.0180073,0,-0.3491,0,1.5708,0.7854
1.5798,-0.0182405,0,-0.3491,0,1.5708,0.7854
1.5798,-0.0184758,0,-0.3491,0,1.5708,0.7854
1.5798,-0.0187133,0,-0.3491,0,1.5708,0.7854
1.5798,-0.0189529,0,-0.3491,0,1.5708,0.7854
1.5798,-0.0191948,0,-0.3491,0,1.5708,0.7854
1.5798,-0.0194388,0,-0.3491,0,1.5708,0.7854
1.5798,-0.0196851,0,-0.3491,0,1.5708,0.7854
1.5798,-0.0199335,0,-0.3491,0,1.5708,0.7854
1.5798,-0.0201842,0,-0.3491,0,1.5708,0.7854
1.5798,-0.0204371,0,-0.3491,0,1.5708,0.7854
1.5798,-0.0206923,0,-0.3491,0,1.5708,0.7854
1.5798,-0.0209497,0,-0.3491,0,1.5708,0.7854
1.5798,-0.0212095,0,-0.3491,0,1.5708,0.7854
1.5798,-0.0214715,0,-0.3491,0,1.5708,0.7854
1.5798,-0.0217357,0,-0.3491,0,1.5708,0.7854
1.5798,-0.0220023,0,-0.3491,0,1.5708,0.7854
1.5798,-0.0222713,0,-0.3491,0,1.5708,0.7854
1.5798,-0.0225425,0,-0.3491,0,1.5708,0.7854
1.5798,-0.0228161,0,-0.3491,0,1.5708,0.7854
1.5798,-0.023092,0,-0.3491,0,1.5708,0.7854
1.5798,-0.0233703,0,-0.3491,0,1.5708,0.7854
1.5798,-0.023651,0,-0.3491,0,1.5708,0.7854
1.5798,-0.023934,0,-0.3491,0,1.5708,0.7854
1.5798,-0.0242195,0,-0.3491,0,1.5708,0.7854
1.5798,-0.0245073,0,-0.3491,0,1.5708,0.7854
1.5798,-0.0247976,0,-0.3491,0,1.5708,0.7854
1.5798,-0.0250903,0,-0.3491,0,1.5708,0.7854
1.5798,-0.0253854,0,-0.3491,0,1.5708,0.7854
1.5798,-0.025683,0,-0.3491,0,1.5708,0.7854
1.5798,-0.025983,0,-0.3491,0,1.5708,0.7854
1.5798,-0.0262855,0,-0.3491,0,1.5708,0.7854
1.5798,-0.0265905,0,-0.3491,0,1.5708,0.7854
1.5798,-0.026898,0,-0.3491,0,1.5708,0.7854
1.5798,-0.027208,0,-0.3491,0,1.5708,0.7854
1.5798,-0.0275205,0,-0.3491,0,1.5708,0.7854
1.5798,-0.0278355,0,-0.3491,0,1.5708,0.7854
1.5798,-0.028153,0,-0.3491,0,1.5708,0.7854
1.5798,-0.0284731,0,-0.3491,0,1.5708,0.7854
1.5798,-0.0287958,0,-0.3491,0,1.5708,0.7854
1.5798,-0.029121,0,-0.3491,0,1.5708,0.7854
1.5798,-0.0294488,0,-0.3491,0,1.5708,0.7854
1.5798,-0.0297792,0,-0.3491,0,1.5708,0.7854
1.5798,-0.0301122,0,-0.3491,0,1.5708,0.7854
1.5798,-0.0304478,0,-0.3491,0,1.5708,0.7854
1.5798,-0.030786,0,-0.3491,0,1.5708,0.7854
1.5798,-0.0311269,0,-0.3491,0,1.5708,0.7854
1.5798,-0.0314704,0,-0.3491,0,1.5708,0.7854
1.5798,-0.0318165,0,-0.3491,0,1.5708,0.7854
1.5798,-0.0321654,0,-0.3491,0,1.5708,0.7854
1.5798,-0.0325168,0,-0.3491,0,1.5708,0.7854
1.5798,-0.032871,0,-0.3491,0,1.5708,0.7854
1.5798,-0.0332279,0,-0.3491,0,1.5708,0.7854
1.5798,-0.0335875,0,-0.3491,0,1.5708,0.7854
1.5798,-0.0339497,0,-0.3491,0,1.5708,0.7854
1.5798,-0.0343148,0,-0.3491,0,1.5708,0.7854
1.5798,-0.0346825,0,-0.3491,0,1.5708,0.7854
1.5798,-0.035053,0,-0.3491,0,1.5708,0.7854
1.5798,-0.0354263,0,-0.3491,0,1.5708,0.7854
1.5798,-0.0358023,0,-0.3491,0,1.5708,0.7854
1.5798,-0.0361811,0,-0.3491,0,1.5708,0.7854
1.5798,-0.0365627,0,-0.3491,0,1.5708,0.7854
1.5798,-0.0369471,0,-0.3491,0,1.5708,0.7854
1.5798,-0.0373343,0,-0.3491,0,1.5708,0.7854
1.5798,-0.0377243,0,-0.3491,0,1.5708,0.7854
1.5798,-0.0381172,0,-0.3491,0,1.5708,0.7854
1.5798,-0.0385128,0,-0.3491,0,1.5708,0.7854
1.5798,-0.0389114,0,-0.3491,0,1.5708,0.7854
1.5798,-0.0393128,0,-0.3491,0,1.5708,0.7854
1.5798,-0.0397171,0,-0.3491,0,1.5708,0.7854
1.5798,-0.0401242,0,-0.3491,0,1.5708,0.7854
1.5798,-0.0405343,0,-0.3491,0,1.5708,0.7854
1.5798,-0.0409472,0,-0.3491,0,1.5708,0.7854
1.5798,-0.041363,0,-0.3491,0,1.5708,0.7854
1.5798,-0.0417818,0,-0.3491,0,1.5708,0.7854
1.5798,-0.0422035,0,-0.3491,0,1.5708,0.7854
1.5798,-0.0426282,0,-0.3491,0,1.5708,0.7854
1.5798,-0.0430558,0,-0.3491,0,1.5708,0.7854
1.5798,-0.0434863,0,-0.3491,0,1.5708,0.7854
1.5798,-0.0439198,0,-0.3491,0,1.5708,0.7854
1.5798,-0.0443564,0,-0.3491,0,1.5708,0.7854
1.5798,-0.0447958,0,-0.3491,0,1.5708,0.7854
1.5798,-0.0452383,0,-0.3491,0,1.5708,0.7854
1.5798,-0.0456838,0,-0.3491,0,1.5708,0.7854
1.5798,-0.0461324,0,-0.3491,0,1.5708,0.7854
1.5798,-0.0465839,0,-0.3491,0,1.5708,0.7854
1.5798,-0.0470385,0,-0.3491,0,1.5708,0.7854
1.5798,-0.0474961,0,-0.3491,0,1.5708,0.7854
1.5798,-0.0479568,0,-0.3491,0,1.5708,0.7854
1.5798,-0.0484206,0,-0.3491,0,1.5708,0.7854
1.5798,-0.0488874,0,-0.3491,0,1.5708,0.7854
1.5798,-0.0493574,0,-0.3491,0,1.5708,0.7854
1.5798,-0.0498304,0,-0.3491,0,1.5708,0.7854
1.5798,-0.0503065,0,-0.3491,0,1.5708,0.7854
1.5798,-0.0507857,0,-0.3491,0,1.5708,0.7854
1.5798,-0.0512681,0,-0.3491,0,1.5708,0.7854
1.5798,-0.0517536,0,-0.3491,0,1.5708,0.7854
1.5798,-0.0522422,0,-0.3491,0,1.5708,0.7854
1.5798,-0.052734,0,-0.3491,0,1.5708,0.7854
1.5798,-0.053229,0,-0.3491,0,1.5708,0.7854
1.5798,-0.0537271,0,-0.3491,0,1.5708,0.7854
1.5798,-0.0542284,0,-0.3491,0,1.5708,0.7854
1.5798,-0.0547329,0,-0.3491,0,1.5708,0.7854
1.5798,-0.0552405,0,-0.3491,0,1.5708,0.7854
1.5798,-0.0557514,0,-0.3491,0,1.5708,0.7854
1.5798,-0.0562655,0,-0.3491,0,1.5708,0.7854
1.5798,-0.0567829,0,-0.3491,0,1.5708,0.7854
1.5798,-0.0573034,0,-0.3491,0,1.5708,0.7854
1.5798,-0.0578272,0,-0.3491,0,1.5708,0.7854
1.5798,-0.0583543,0,-0.3491,0,1.5708,0.7854
1.5798,-0.0588846,0,-0.3491,0,1.5708,0.7854
1.5798,-0.0594182,0,-0.3491,0,1.5708,0.7854
1.5798,-0.059955,0,-0.3491,0,1.5708,0.7854
1.5798,-0.0604951,0,-0.3491,0,1.5708,0.7854
1.5798,-0.0610386,0,-0.3491,0,1.5708,0.7854
1.5798,-0.0615853,0,-0.3491,0,1.5708,0.7854
1.5798,-0.0621354,0,-0.3491,0,1.5708,0.7854
1.5798,-0.0626887,0,-0.3491,0,1.5708,0.7854
1.5798,-0.0632454,0,-0.3491,0,1.5708,0.7854
1.5798,-0.0638054,0,-0.3491,0,1.5708,0.7854
1.5798,-0.0643688,0,-0.3491,0,1.5708,0.7854
1.5798,-0.0649356,0,-0.3491,0,1.5708,0.7854
1.5798,-0.0655056,0,-0.3491,0,1.5708,0.7854
1.5798,-0.0660791,0,-0.3491,0,1.5708,0.7854
1.5798,-0.0666559,0,-0.3491,0,1.5708,0.7854
1.5798,-0.0672362,0,-0.3491,0,1.5708,0.7854
1.5798,-0.0678198,0,-0.3491,0,1.5708,0.7854
1.5798,-0.0684068,0,-0.3491,0,1.5708,0.7854
1.5798,-0.0689972,0,-0.3491,0,1.5708,0.7854
1.5798,-0.0695911,0,-0.3491,0,1.5708,0.7854
1.5798,-0.0701883,0,-0.3491,0,1.5708,0.7854
1.5798,-0.0707891,0,-0.3491,0,1.5708,0.7854
1.5798,-0.0713932,0,-0.3491,0,1.5708,0.7854
1.5798,-0.0720008,0,-0.3491,0,1.5708,0.7854
1.5798,-0.0726119,0,-0.3491,0,1.5708,0.7854
1.5798,-0.0732264,0,-0.3491,0,1.5708,0.7854
1.5798,-0.0738444,0,-0.3491,0,1.5708,0.7854
1.5798,-0.0744659,0,-0.3491,0,1.5708,0.7854
1.5798,-0.0750908,0,-0.3491,0,1.5708,0.7854
1.5798,-0.0757193,0,-0.3491,0,1.5708,0.7854
1.5798,-0.0763513,0,-0.3491,0,1.5708,0.7854
1.5798,-0.0769867,0,-0.3491,0,1.5708,0.7854
1.5798,-0.0776257,0,-0.3491,0,1.5708,0.7854
1.5798,-0.0782682,0,-0.3491,0,1.5708,0.7854
1.5798,-0.0789143,0,-0.3491,0,1.5708,0.7854
1.5798,-0.0795639,0,-0.3491,0,1.5708,0.7854
1.5798,-0.080217,0,-0.3491,0,1.5708,0.7854
1.5798,-0.0808737,0,-0.3491,0,1.5708,0.7854
1.5798,-0.081534,0,-0.3491,0,1.5708,0.7854
1.5798,-0.0821978,0,-0.3491,0,1.5708,0.7854
1.5798,-0.0828652,0,-0.3491,0,1.5708,0.7854
1.5798,-0.0835362,0,-0.3491,0,1.5708,0.7854
1.5798,-0.0842107,0,-0.3491,0,1.5708,0.7854
1.5798,-0.0848889,0,-0.3491,0,1.5708,0.7854
1.5798,-0.0855707,0,-0.3491,0,1.5708,0.7854
1.5798,-0.0862561,0,-0.3491,0,1.5708,0.7854
1.5798,-0.0869451,0,-0.3491,0,1.5708,0.7854
1.5798,-0.0876377,0,-0.3491,0,1.5708,0.7854
1.5798,-0.0883339,0,-0.3491,0,1.5708,0.7854
1.5798,-0.0890338,0,-0.3491,0,1.5708,0.7854
1.5798,-0.0897373,0,-0.3491,0,1.5708,0.7854
1.5798,-0.0904445,0,-0.3491,0,1.5708,0.7854
1.5798,-0.0911554,0,-0.3491,0,1.5708,0.7854
1.5798,-0.0918698,0,-0.3491,0,1.5708,0.7854
1.5798,-0.092588,0,-0.3491,0,1.5708,0.7854
1.5798,-0.0933098,0,-0.3491,0,1.5708,0.7854
1.5798,-0.0940354,0,-0.3491,0,1.5708,0.7854
1.5798,-0.0947646,0,-0.3491,0,1.5708,0.7854
1.5798,-0.0954975,0,-0.3491,0,1.5708,0.7854
1.5798,-0.0962341,0,-0.3491,0,1.5708,0.7854
1.5798,-0.0969744,0,-0.3491,0,1.5708,0.7854
1.5798,-0.0977184,0,-0.3491,0,1.5708,0.7854
1.5798,-0.0984661,0,-0.3491,0,1.5708,0.7854
1.5798,-0.0992176,0,-0.3491,0,1.5708,0.7854
1.5798,-0.0999727,0,-0.3491,0,1.5708,0.7854
1.5798,-0.100732,0,-0.3491,0,1.5708,0.7854
1.5798,-0.101494,0,-0.3491,0,1.5708,0.7854
1.5798,-0.102261,0,-0.3491,0,1.5708,0.7854
1.5798,-0.103031,0,-0.3491,0,1.5708,0.7854
1.5798,-0.103805,0,-0.3491,0,1.5708,0.7854
1.5798,-0.104582,0,-0.3491,0,1.5708,0.7854
1.5798,-0.105364,0,-0.3491,0,1.5708,0.7854
1.5798,-0.106149,0,-0.3491,0,1.5708,0.7854
1.5798,-0.106938,0,-0.3491,0,1.5708,0.7854
1.5798,-0.107731,0,-0.3491,0,1.5708,0.7854
1.5798,-0.108527,0,-0.3491,0,1.5708,0.7854
1.5798,-0.109328,0,-0.3491,0,1.5708,0.7854
1.5798,-0.110132,0,-0.3491,0,1.5708,0.7854
1.5798,-0.11094,0,-0.3491,0,1.5708,0.7854
1.5798,-0.111751,0,-0.3491,0,1.5708,0.7854
1.5798,-0.112567,0,-0.3491,0,1.5708,0.7854
1.5798,-0.113386,0,-0.3491,0,1.5708,0.7854
1.5798,-0.11421,0,-0.3491,0,1.5708,0.7854
1.5798,-0.115037,0,-0.3491,0,1.5708,0.7854
1.5798,-0.115868,0,-0.3491,0,1.5708,0.7854
1.5798,-0.116702,0,-0.3491,0,1.5708,0.7854
1.5798,-0.117541,0,-0.3491,0,1.5708,0.7854
1.5798,-0.118383,0,-0.3491,0,1.5708,0.7854
1.5798,-0.119229,0,-0.3491,0,1.5708,0.7854
1.5798,-0.120079,0,-0.3491,0,1.5708,0.7854
1.5798,-0.120933,0,-0.3491,0,1.5708,0.7854
1.5798,-0.121791,0,-0.3491,0,1.5708,0.7854
1.5798,-0.122653,0,-0.3491,0,1.5708,0.7854
1.5798,-0.123518,0,-0.3491,0,1.5708,0.7854
1.5798,-0.124388,0,-0.3491,0,1.5708,0.7854
1.5798,-0.125261,0,-0.3491,0,1.5708,0.7854
1.5798,-0.126138,0,-0.3491,0,1.5708,0.7854
1.5798,-0.127019,0,-0.3491,0,1.5708,0.7854
1.5798,-0.127904,0,-0.3491,0,1.5708,0.7854
1.5798,-0.128793,0,-0.3491,0,1.5708,0.7854
1.5798,-0.129686,0,-0.3491,0,1.5708,0.7854
1.5798,-0.130582,0,-0.3491,0,1.5708,0.7854
1.5798,-0.131483,0,-0.3491,0,1.5708,0.7854
1.5798,-0.132387,0,-0.3491,0,1.5708,0.7854
1.5798,-0.133296,0,-0.3491,0,1.5708,0.7854
1.5798,-0.134208,0,-0.3491,0,1.5708,0.7854
1.5798,-0.135124,0,-0.3491,0,1.5708,0.7854
1.5798,-0.136044,0,-0.3491,0,1.5708,0.7854
1.5798,-0.136968,0,-0.3491,0,1.5708,0.7854
1.5798,-0.137896,0,-0.3491,0,1.5708,0.7854
1.5798,-0.138828,0,-0.3491,0,1.5708,0.7854
1.5798,-0.139764,0,-0.3491,0,1.5708,0.7854
1.5798,-0.140703,0,-0.3491,0,1.5708,0.7854
1.5798,-0.141647,0,-0.3491,0,1.5708,0.7854
1.5798,-0.142595,0,-0.3491,0,1.5708,0.7854
1.5798,-0.143546,0,-0.3491,0,1.5708,0.7854
1.5798,-0.144502,0,-0.3491,0,1.5708,0.7854
1.5798,-0.145461,0,-0.3491,0,1.5708,0.7854
1.5798,-0.146424,0,-0.3491,0,1.5708,0.7854
1.5798,-0.147392,0,-0.3491,0,1.5708,0.7854
1.5798,-0.148363,0,-0.3491,0,1.5708,0.7854
1.5798,-0.149338,0,-0.3491,0,1.5708,0.7854
1.5798,-0.150317,0,-0.3491,0,1.5708,0.7854
1.5798,-0.151301,0,-0.3491,0,1.5708,0.7854
1.5798,-0.152288,0,-0.3491,0,1.5708,0.7854
1.5798,-0.153279,0,-0.3491,0,1.5708,0.7854
1.5798,-0.154274,0,-0.3491,0,1.5708,0.7854
1.5798,-0.155273,0,-0.3491,0,1.5708,0.7854
1.5798,-0.156276,0,-0.3491,0,1.5708,0.7854
1.5798,-0.157283,0,-0.3491,0,1.5708,0.7854
1.5798,-0.158294,0,-0.3491,0,1.5708,0.7854
1.5798,-0.159309,0,-0.3491,0,1.5708,0.7854
1.5798,-0.160328,0,-0.3491,0,1.5708,0.7854
1.5798,-0.16135,0,-0.3491,0,1.5708,0.7854
1.5798,-0.162377,0,-0.3491,0,1.5708,0.7854
1.5798,-0.163408,0,-0.3491,0,1.5708,0.7854
1.5798,-0.164443,0,-0.3491,0,1.5708,0.7854
1.5798,-0.165482,0,-0.3491,0,1.5708,0.7854
1.5798,-0.166524,0,-0.3491,0,1.5708,0.7854
1.5798,-0.167571,0,-0.3491,0,1.5708,0.7854
1.5798,-0.168622,0,-0.3491,0,1.5708,0.7854
1.5798,-0.169677,0,-0.3491,0,1.5708,0.7854
1.5798,-0.170735,0,-0.3491,0,1.5708,0.7854
1.5798,-0.171798,0,-0.3491,0,1.5708,0.7854
1.5798,-0.172865,0,-0.3491,0,1.5708,0.7854
1.5798,-0.173936,0,-0.3491,0,1.5708,0.7854
1.5798,-0.17501,0,-0.3491,0,1.5708,0.7854
1.5798,-0.176089,0,-0.3491,0,1.5708,0.7854
1.5798,-0.177172,0,-0.3491,0,1.5708,0.7854
1.5798,-0.178258,0,-0.3491,0,1.5708,0.7854
1.5798,-0.179349,0,-0.3491,0,1.5708,0.7854
1.5798,-0.180443,0,-0.3491,0,1.5708,0.7854
1.5798,-0.181542,0,-0.3491,0,1.5708,0.7854
1.5798,-0.182645,0,-0.3491,0,1.5708,0.7854
1.5798,-0.183751,0,-0.3491,0,1.5708,0.7854
1.5798,-0.184862,0,-0.3491,0,1.5708,0.7854
1.5798,-0.185976,0,-0.3491,0,1.5708,0.7854
1.5798,-0.187095,0,-0.3491,0,1.5708,0.7854
1.5798,-0.188218,0,-0.3491,0,1.5708,0.7854
1.5798,-0.189344,0,-0.3491,0,1.5708,0.7854
1.5798,-0.190475,0,-0.3491,0,1.5708,0.7854
1.5798,-0.191609,0,-0.3491,0,1.5708,0.7854
1.5798,-0.192748,0,-0.3491,0,1.5708,0.7854
1.5798,-0.19389,0,-0.3491,0,1.5708,0.7854
1.5798,-0.195037,0,-0.3491,0,1.5708,0.7854
1.5798,-0.196187,0,-0.3491,0,1.5708,0.7854
1.5798,-0.197342,0,-0.3491,0,1.5708,0.7854
1.5798,-0.1985,0,-0.3491,0,1.5708,0.7854
1.5798,-0.199663,0,-0.3491,0,1.5708,0.7854
1.5798,-0.200829,0,-0.3491,0,1.5708,0.7854
1.5798,-0.202,0,-0.3491,0,1.5708,0.7854
1.5798,-0.203174,0,-0.3491,0,1.5708,0.7854
1.5798,-0.204352,0,-0.3491,0,1.5708,0.7854
1.5798,-0.205535,0,-0.3491,0,1.5708,0.7854
1.5798,-0.206721,0,-0.3491,0,1.5708,0.7854
1.5798,-0.207911,0,-0.3491,0,1.5708,0.7854
1.5798,-0.209106,0,-0.3491,0,1.5708,0.7854
1.5798,-0.210304,0,-0.3491,0,1.5708,0.7854
1.5798,-0.211506,0,-0.3491,0,1.5708,0.7854
1.5798,-0.212712,0,-0.3491,0,1.5708,0.7854
1.5798,-0.213923,0,-0.3491,0,1.5708,0.7854
1.5798,-0.215137,0,-0.3491,0,1.5708,0.7854
1.5798,-0.216355,0,-0.3491,0,1.5708,0.7854
1.5798,-0.217577,0,-0.3491,0,1.5708,0.7854
1.5798,-0.218803,0,-0.3491,0,1.5708,0.7854
1.5798,-0.220033,0,-0.3491,0,1.5708,0.7854
1.5798,-0.221267,0,-0.3491,0,1.5708,0.7854
1.5798,-0.222505,0,-0.3491,0,1.5708,0.7854
1.5798,-0.223746,0,-0.3491,0,1.5708,0.7854
1.5798,-0.224992,0,-0.3491,0,1.5708,0.7854
1.5798,-0.226242,0,-0.3491,0,1.5708,0.7854
1.5798,-0.227496,0,-0.3491,0,1.5708,0.7854
1.5798,-0.228753,0,-0.3491,0,1.5708,0.7854
1.5798,-0.230015,0,-0.3491,0,1.5708,0.7854
1.5798,-0.23128,0,-0.3491,0,1.5708,0.7854
1.5798,-0.23255,0,-0.3491,0,1.5708,0.7854
1.5798,-0.233823,0,-0.3491,0,1.5708,0.7854
1.5798,-0.2351,0,-0.3491,0,1.5708,0.7854
1.5798,-0.236381,0,-0.3491,0,1.5708,0.7854
1.5798,-0.237666,0,-0.3491,0,1.5708,0.7854
1.5798,-0.238955,0,-0.3491,0,1.5708,0.7854
1.5798,-0.240248,0,-0.3491,0,1.5708,0.7854
1.5798,-0.241545,0,-0.3491,0,1.5708,0.7854
1.5798,-0.242846,0,-0.3491,0,1.5708,0.7854
1.5798,-0.24415,0,-0.3491,0,1.5708,0.7854
1.5798,-0.245459,0,-0.3491,0,1.5708,0.7854
1.5798,-0.246771,0,-0.3491,0,1.5708,0.7854
1.5798,-0.248088,0,-0.3491,0,1.5708,0.7854
1.5798,-0.249408,0,-0.3491,0,1.5708,0.7854
1.5798,-0.250732,0,-0.3491,0,1.5708,0.7854
1.5798,-0.25206,0,-0.3491,0,1.5708,0.7854
1.5798,-0.253392,0,-0.3491,0,1.5708,0.7854
1.5798,-0.254727,0,-0.3491,0,1.5708,0.7854
1.5798,-0.256067,0,-0.3491,0,1.5708,0.7854
1.5798,-0.25741,0,-0.3491,0,1.5708,0.7854
1.5798,-0.258758,0,-0.3491,0,1.5708,0.7854
1.5798,-0.260109,0,-0.3491,0,1.5708,0.7854
1.5798,-0.261464,0,-0.3491,0,1.5708,0.7854
1.5798,-0.262823,0,-0.3491,0,1.5708,0.7854
1.5798,-0.264185,0,-0.3491,0,1.5708,0.7854
1.5798,-0.265552,0,-0.3491,0,1.5708,0.7854
1.5798,-0.266922,0,-0.3491,0,1.5708,0.7854
1.5798,-0.268296,0,-0.3491,0,1.5708,0.7854
1.5798,-0.269674,0,-0.3491,0,1.5708,0.7854
1.5798,-0.271056,0,-0.3491,0,1.5708,0.7854
1.5798,-0.272441,0,-0.3491,0,1.5708,0.7854
1.5798,-0.273831,0,-0.3491,0,1.5708,0.7854
1.5798,-0.275224,0,-0.3491,0,1.5708,0.7854
1.5798,-0.276621,0,-0.3491,0,1.5708,0.7854
1.5798,-0.278022,0,-0.3491,0,1.5708,0.7854
1.5798,-0.279426,0,-0.3491,0,1.5708,0.7854
1.5798,-0.280835,0,-0.3491,0,1.5708,0.7854
1.5798,-0.282247,0,-0.3491,0,1.5708,0.7854
1.5798,-0.283663,0,-0.3491,0,1.5708,0.7854
1.5798,-0.285082,0,-0.3491,0,1.5708,0.7854
1.5798,-0.286506,0,-0.3491,0,1.5708,0.7854
1.5798,-0.287933,0,-0.3491,0,1.5708,0.7854
1.5798,-0.289364,0,-0.3491,0,1.5708,0.7854
1.5798,-0.290798,0,-0.3491,0,1.5708,0.7854
1.5798,-0.292236,0,-0.3491,0,1.5708,0.7854
1.5798,-0.293679,0,-0.3491,0,1.5708,0.7854
1.5798,-0.295124,0,-0.3491,0,1.5708,0.7854
1.5798,-0.296574,0,-0.3491,0,1.5708,0.7854
1.5798,-0.298027,0,-0.3491,0,1.5708,0.7854
1.5798,-0.299484,0,-0.3491,0,1.5708,0.7854
1.5798,-0.300944,0,-0.3491,0,1.5708,0.7854
1.5798,-0.302409,0,-0.3491,0,1.5708,0.7854
1.5798,-0.303877,0,-0.3491,0,1.5708,0.7854
1.5798,-0.305348,0,-0.3491,0,1.5708,0.7854
1.5798,-0.306824,0,-0.3491,0,1.5708,0.7854
1.5798,-0.308303,0,-0.3491,0,1.5708,0.7854
1.5798,-0.309785,0,-0.3491,0,1.5708,0.7854
1.5798,-0.311271,0,-0.3491,0,1.5708,0.7854
1.5798,-0.312761,0,-0.3491,0,1.5708,0.7854
1.5798,-0.314255,0,-0.3491,0,1.5708,0.7854
1.5798,-0.315752,0,-0.3491,0,1.5708,0.7854
1.5798,-0.317253,0,-0.3491,0,1.5708,0.7854
1.5798,-0.318757,0,-0.3491,0,1.5708,0.7854
1.5798,-0.320265,0,-0.3491,0,1.5708,0.7854
1.5798,-0.321777,0,-0.3491,0,1.5708,0.7854
1.5798,-0.323292,0,-0.3491,0,1.5708,0.7854
1.5798,-0.32481,0,-0.3491,0,1.5708,0.7854
1.5798,-0.326333,0,-0.3491,0,1.5708,0.7854
1.5798,-0.327859,0,-0.3491,0,1.5708,0.7854
1.5798,-0.329388,0,-0.3491,0,1.5708,0.7854
1.5798,-0.330921,0,-0.3491,0,1.5708,0.7854
1.5798,-0.332457,0,-0.3491,0,1.5708,0.7854
1.5798,-0.333997,0,-0.3491,0,1.5708,0.7854
1.5798,-0.335541,0,-0.3491,0,1.5708,0.7854
1.5798,-0.337088,0,-0.3491,0,1.5708,0.7854
1.5798,-0.338639,0,-0.3491,0,1.5708,0.7854
1.5798,-0.340193,0,-0.3491,0,1.5708,0.7854
1.5798,-0.34175,0,-0.3491,0,1.5708,0.7854
1.5798,-0.343311,0,-0.3491,0,1.5708,0.7854
1.5798,-0.344876,0,-0.3491,0,1.5708,0.7854
1.5798,-0.346444,0,-0.3491,0,1.5708,0.7854
1.5798,-0.348015,0,-0.3491,0,1.5708,0.7854
1.5798,-0.34959,0,-0.3491,0,1.5708,0.7854
1.5798,-0.351168,0,-0.3491,0,1.5708,0.7854
1.5798,-0.35275,0,-0.3491,0,1.5708,0.7854
1.5798,-0.354335,0,-0.3491,0,1.5708,0.7854
1.5798,-0.355924,0,-0.3491,0,1.5708,0.7854
1.5798,-0.357516,0,-0.3491,0,1.5708,0.7854
1.5798,-0.359111,0,-0.3491,0,1.5708,0.7854
1.5798,-0.36071,0,-0.3491,0,1.5708,0.7854
1.5798,-0.362312,0,-0.3491,0,1.5708,0.7854
1.5798,-0.363918,0,-0.3491,0,1.5708,0.7854
1.5798,-0.365527,0,-0.3491,0,1.5708,0.7854
1.5798,-0.367139,0,-0.3491,0,1.5708,0.7854
1.5798,-0.368754,0,-0.3491,0,1.5708,0.7854
1.5798,-0.370373,0,-0.3491,0,1.5708,0.7854
1.5798,-0.371996,0,-0.3491,0,1.5708,0.7854
1.5798,-0.373621,0,-0.3491,0,1.5708,0.7854
1.5798,-0.37525,0,-0.3491,0,1.5708,0.7854
1.5798,-0.376882,0,-0.3491,0,1.5708,0.7854
1.5798,-0.378517,0,-0.3491,0,1.5708,0.7854
1.5798,-0.380156,0,-0.3491,0,1.5708,0.7854
1.5798,-0.381798,0,-0.3491,0,1.5708,0.7854
1.5798,-0.383443,0,-0.3491,0,1.5708,0.7854
1.5798,-0.385091,0,-0.3491,0,1.5708,0.7854
1.5798,-0.386743,0,-0.3491,0,1.5708,0.7854
1.5798,-0.388398,0,-0.3491,0,1.5708,0.7854
1.5798,-0.390056,0,-0.3491,0,1.5708,0.7854
1.5798,-0.391717,0,-0.3491,0,1.5708,0.7854
1.5798,-0.393382,0,-0.3491,0,1.5708,0.7854
1.5798,-0.395049,0,-0.3491,0,1.5708,0.7854
1.5798,-0.39672,0,-0.3491,0,1.5708,0.7854
1.5798,-0.398394,0,-0.3491,0,1.5708,0.7854
1.5798,-0.400071,0,-0.3491,0,1.5708,0.7854
1.5798,-0.401751,0,-0.3491,0,1.5708,0.7854
1.5798,-0.403435,0,-0.3491,0,1.5708,0.7854
1.5798,-0.405121,0,-0.3491,0,1.5708,0.7854
1.5798,-0.406811,0,-0.3491,0,1.5708,0.7854
1.5798,-0.408503,0,-0.3491,0,1.5708,0.7854
1.5798,-0.410199,0,-0.3491,0,1.5708,0.7854
1.5798,-0.411898,0,-0.3491,0,1.5708,0.7854
1.5798,-0.4136,0,-0.3491,0,1.5708,0.7854
1.5798,-0.415305,0,-0.3491,0,1.5708,0.7854
1.5798,-0.417013,0,-0.3491,0,1.5708,0.7854
1.5798,-0.418724,0,-0.3491,0,1.5708,0.7854
1.5798,-0.420438,0,-0.3491,0,1.5708,0.7854
1.5798,-0.422155,0,-0.3491,0,1.5708,0.7854
1.5798,-0.423875,0,-0.3491,0,1.5708,0.7854
1.5798,-0.425598,0,-0.3491,0,1.5708,0.7854
1.5798,-0.427323,0,-0.3491,0,1.5708,0.7854
1.5798,-0.429052,0,-0.3491,0,1.5708,0.7854
1.5798,-0.430784,0,-0.3491,0,1.5708,0.7854
1.5798,-0.432519,0,-0.3491,0,1.5708,0.7854
1.5798,-0.434257,0,-0.3491,0,1.5708,0.7854
1.5798,-0.435997,0,-0.3491,0,1.5708,0.7854
1.5798,-0.437741,0,-0.3491,0,1.5708,0.7854
1.5798,-0.439487,0,-0.3491,0,1.5708,0.7854
1.5798,-0.441236,0,-0.3491,0,1.5708,0.7854
1.5798,-0.442988,0,-0.3491,0,1.5708,0.7854
1.5798,-0.444743,0,-0.3491,0,1.5708,0.7854
1.5798,-0.446501,0,-0.3491,0,1.5708,0.7854
1.5798,-0.448261,0,-0.3491,0,1.5708,0.7854
1.5798,-0.450025,0,-0.3491,0,1.5708,0.7854
1.5798,-0.451791,0,-0.3491,0,1.5708,0.7854
1.5798,-0.45356,0,-0.3491,0,1.5708,0.7854
1.5798,-0.455332,0,-0.3491,0,1.5708,0.7854
1.5798,-0.457106,0,-0.3491,0,1.5708,0.7854
1.5798,-0.458883,0,-0.3491,0,1.5708,0.7854
1.5798,-0.460663,0,-0.3491,0,1.5708,0.7854
1.5798,-0.462446,0,-0.3491,0,1.5708,0.7854
1.5798,-0.464232,0,-0.3491,0,1.5708,0.7854
1.5798,-0.46602,0,-0.3491,0,1.5708,0.7854
1.5798,-0.46781,0,-0.3491,0,1.5708,0.7854
1.5798,-0.469604,0,-0.3491,0,1.5708,0.7854
1.5798,-0.4714,0,-0.3491,0,1.5708,0.7854
1.5798,-0.473199,0,-0.3491,0,1.5708,0.7854
1.5798,-0.475,0,-0.3491,0,1.5708,0.7854
1.5798,-0.476804,0,-0.3491,0,1.5708,0.7854
1.5798,-0.478611,0,-0.3491,0,1.5708,0.7854
1.5798,-0.48042,0,-0.3491,0,1.5708,0.7854
1.5798,-0.482232,0,-0.3491,0,1.5708,0.7854
1.5798,-0.484046,0,-0.3491,0,1.5708,0.7854
1.5798,-0.485863,0,-0.3491,0,1.5708,0.7854
1.5798,-0.487682,0,-0.3491,0,1.5708,0.7854
1.5798,-0.489504,0,-0.3491,0,1.5708,0.7854
1.5798,-0.491329,0,-0.3491,0,1.5708,0.7854
1.5798,-0.493156,0,-0.3491,0,1.5708,0.7854
1.5798,-0.494985,0,-0.3491,0,1.5708,0.7854
1.5798,-0.496817,0,-0.3491,0,1.5708,0.7854
1.5798,-0.498651,0,-0.3491,0,1.5708,0.7854
1.5798,-0.500488,0,-0.3491,0,1.5708,0.7854
1.5798,-0.502327,0,-0.3491,0,1.5708,0.7854
1.5798,-0.504169,0,-0.3491,0,1.5708,0.7854
1.5798,-0.506013,0,-0.3491,0,1.5708,0.7854
1.5798,-0.507859,0,-0.3491,0,1.5708,0.7854
1.5798,-0.509708,0,-0.3491,0,1.5708,0.7854
1.5798,-0.511559,0,-0.3491,0,1.5708,0.7854
1.5798,-0.513413,0,-0.3491,0,1.5708,0.7854
1.5798,-0.515269,0,-0.3491,0,1.5708,0.7854
1.5798,-0.517127,0,-0.3491,0,1.5708,0.7854
1.5798,-0.518987,0,-0.3491,0,1.5708,0.7854
1.5798,-0.52085,0,-0.3491,0,1.5708,0.7854
1.5798,-0.522715,0,-0.3491,0,1.5708,0.7854
1.5798,-0.524582,0,-0.3491,0,1.5708,0.7854
1.5798,-0.526451,0,-0.3491,0,1.5708,0.7854
1.5798,-0.528323,0,-0.3491,0,1.5708,0.7854
1.5798,-0.530197,0,-0.3491,0,1.5708,0.7854
1.5798,-0.532073,0,-0.3491,0,1.5708,0.7854
1.5798,-0.533951,0,-0.3491,0,1.5708,0.7854
1.5798,-0.535832,0,-0.3491,0,1.5708,0.7854
1.5798,-0.537714,0,-0.3491,0,1.5708,0.7854
1.5798,-0.539599,0,-0.3491,0,1.5708,0.7854
1.5798,-0.541486,0,-0.3491,0,1.5708,0.7854
1.5798,-0.543375,0,-0.3491,0,1.5708,0.7854
1.5798,-0.545266,0,-0.3491,0,1.5708,0.7854
1.5798,-0.547159,0,-0.3491,0,1.5708,0.7854
1.5798,-0.549054,0,-0.3491,0,1.5708,0.7854
1.5798,-0.550952,0,-0.3491,0,1.5708,0.7854
1.5798,-0.552851,0,-0.3491,0,1.5708,0.7854
1.5798,-0.554752,0,-0.3491,0,1.5708,0.7854
1.5798,-0.556656,0,-0.3491,0,1.5708,0.7854
1.5798,-0.558561,0,-0.3491,0,1.5708,0.7854
1.5798,-0.560468,0,-0.3491,0,1.5708,0.7854
1.5798,-0.562377,0,-0.3491,0,1.5708,0.7854
1.5798,-0.564288,0,-0.3491,0,1.5708,0.7854
1.5798,-0.566201,0,-0.3491,0,1.5708,0.7854
1.5798,-0.568116,0,-0.3491,0,1.5708,0.7854
1.5798,-0.570033,0,-0.3491,0,1.5708,0.7854
1.5798,-0.571952,0,-0.3491,0,1.5708,0.7854
1.5798,-0.573873,0,-0.3491,0,1.5708,0.7854
1.5798,-0.575795,0,-0.3491,0,1.5708,0.7854
1.5798,-0.57772,0,-0.3491,0,1.5708,0.7854
1.5798,-0.579646,0,-0.3491,0,1.5708,0.7854
1.5798,-0.581574,0,-0.3491,0,1.5708,0.7854
1.5798,-0.583503,0,-0.3491,0,1.5708,0.7854
1.5798,-0.585435,0,-0.3491,0,1.5708,0.7854
1.5798,-0.587368,0,-0.3491,0,1.5708,0.7854
1.5798,-0.589303,0,-0.3491,0,1.5708,0.7854
1.5798,-0.59124,0,-0.3491,0,1.5708,0.7854
1.5798,-0.593178,0,-0.3491,0,1.5708,0.7854
1.5798,-0.595118,0,-0.3491,0,1.5708,0.7854
1.5798,-0.59706,0,-0.3491,0,1.5708,0.7854
1.5798,-0.599003,0,-0.3491,0,1.5708,0.7854
1.5798,-0.600948,0,-0.3491,0,1.5708,0.7854
1.5798,-0.602895,0,-0.3491,0,1.5708,0.7854
1.5798,-0.604843,0,-0.3491,0,1.5708,0.7854
1.5798,-0.606793,0,-0.3491,0,1.5708,0.7854
1.5798,-0.608745,0,-0.3491,0,1.5708,0.7854
1.5798,-0.610698,0,-0.3491,0,1.5708,0.7854
1.5798,-0.612652,0,-0.3491,0,1.5708,0.7854
1.5798,-0.614608,0,-0.3491,0,1.5708,0.7854
1.5798,-0.616566,0,-0.3491,0,1.5708,0.7854
1.5798,-0.618525,0,-0.3491,0,1.5708,0.7854
1.5798,-0.620486,0,-0.3491,0,1.5708,0.7854
1.5798,-0.622448,0,-0.3491,0,1.5708,0.7854
1.5798,-0.624411,0,-0.3491,0,1.5708,0.7854
1.5798,-0.626376,0,-0.3491,0,1.5708,0.7854
1.5798,-0.628342,0,-0.3491,0,1.5708,0.7854
1.5798,-0.63031,0,-0.3491,0,1.5708,0.7854
1.5798,-0.632279,0,-0.3491,0,1.5708,0.7854
1.5798,-0.63425,0,-0.3491,0,1.5708,0.7854
1.5798,-0.636221,0,-0.3491,0,1.5708,0.7854
1.5798,-0.638195,0,-0.3491,0,1.5708,0.7854
1.5798,-0.640169,0,-0.3491,0,1.5708,0.7854
1.5798,-0.642145,0,-0.3491,0,1.5708,0.7854
1.5798,-0.644122,0,-0.3491,0,1.5708,0.7854
1.5798,-0.6461,0,-0.3491,0,1.5708,0.7854
1.5798,-0.64808,0,-0.3491,0,1.5708,0.7854
1.5798,-0.65006,0,-0.3491,0,1.5708,0.7854
1.5798,-0.652042,0,-0.3491,0,1.5708,0.7854
1.5798,-0.654026,0,-0.3491,0,1.5708,0.7854
1.5798,-0.65601,0,-0.3491,0,1.5708,0.7854
1.5798,-0.657995,0,-0.3491,0,1.5708,0.7854
1.5798,-0.659982,0,-0.3491,0,1.5708,0.7854
1.5798,-0.66197,0,-0.3491,0,1.5708,0.7854
1.5798,-0.663959,0,-0.3491,0,1.5708,0.7854
1.5798,-0.665949,0,-0.3491,0,1.5708,0.7854
1.5798,-0.66794,0,-0.3491,0,1.5708,0.7854
1.5798,-0.669932,0,-0.3491,0,1.5708,0.7854
1.5798,-0.671925,0,-0.3491,0,1.5708,0.7854
1.5798,-0.673919,0,-0.3491,0,1.5708,0.7854
1.5798,-0.675915,0,-0.3491,0,1.5708,0.7854
1.5798,-0.677911,0,-0.3491,0,1.5708,0.7854
1.5798,-0.679908,0,-0.3491,0,1.5708,0.7854
1.5798,-0.681906,0,-0.3491,0,1.5708,0.7854
1.5798,-0.683905,0,-0.3491,0,1.5708,0.7854
1.5798,-0.685905,0,-0.3491,0,1.5708,0.7854
1.5798,-0.687906,0,-0.3491,0,1.5708,0.7854
1.5798,-0.689908,0,-0.3491,0,1.5708,0.7854
1.5798,-0.691911,0,-0.3491,0,1.5708,0.7854
1.5798,-0.693914,0,-0.3491,0,1.5708,0.7854
1.5798,-0.695918,0,-0.3491,0,1.5708,0.7854
1.5798,-0.697924,0,-0.3491,0,1.5708,0.7854
1.5798,-0.69993,0,-0.3491,0,1.5708,0.7854
1.5798,-0.701936,0,-0.3491,0,1.5708,0.7854
1.5798,-0.703944,0,-0.3491,0,1.5708,0.7854
1.5798,-0.705952,0,-0.3491,0,1.5708,0.7854
1.5798,-0.707961,0,-0.3491,0,1.5708,0.7854
1.5798,-0.709971,0,-0.3491,0,1.5708,0.7854
1.5798,-0.711981,0,-0.3491,0,1.5708,0.7854
1.5798,-0.713992,0,-0.3491,0,1.5708,0.7854
1.5798,-0.716004,0,-0.3491,0,1.5708,0.7854
1.5798,-0.718017,0,-0.3491,0,1.5708,0.7854
1.5798,-0.72003,0,-0.3491,0,1.5708,0.7854
1.5798,-0.722043,0,-0.3491,0,1.5708,0.7854
1.5798,-0.724057,0,-0.3491,0,1.5708,0.7854
1.5798,-0.726072,0,-0.3491,0,1.5708,0.7854
1.5798,-0.728088,0,-0.3491,0,1.5708,0.7854
1.5798,-0.730104,0,-0.3491,0,1.5708,0.7854
1.5798,-0.73212,0,-0.3491,0,1.5708,0.7854
1.5798,-0.734137,0,-0.3491,0,1.5708,0.7854
1.5798,-0.736154,0,-0.3491,0,1.5708,0.7854
1.5798,-0.738172,0,-0.3491,0,1.5708,0.7854
1.5798,-0.740191,0,-0.3491,0,1.5708,0.7854
1.5798,-0.742209,0,-0.3491,0,1.5708,0.7854
1.5798,-0.744229,0,-0.3491,0,1.5708,0.7854
1.5798,-0.746248,0,-0.3491,0,1.5708,0.7854
1.5798,-0.748268,0,-0.3491,0,1.5708,0.7854
1.5798,-0.750289,0,-0.3491,0,1.5708,0.7854
1.5798,-0.752309,0,-0.3491,0,1.5708,0.7854
1.5798,-0.75433,0,-0.3491,0,1.5708,0.7854
1.5798,-0.756352,0,-0.3491,0,1.5708,0.7854
1.5798,-0.758373,0,-0.3491,0,1.5708,0.7854
1.5798,-0.760395,0,-0.3491,0,1.5708,0.7854
1.5798,-0.762417,0,-0.3491,0,1.5708,0.7854
1.5798,-0.76444,0,-0.3491,0,1.5708,0.7854
1.5798,-0.766462,0,-0.3491,0,1.5708,0.7854
1.5798,-0.768485,0,-0.3491,0,1.5708,0.7854
1.5798,-0.770508,0,-0.3491,0,1.5708,0.7854
1.5798,-0.772531,0,-0.3491,0,1.5708,0.7854
1.5798,-0.774555,0,-0.3491,0,1.5708,0.7854
1.5798,-0.776578,0,-0.3491,0,1.5708,0.7854
1.5798,-0.778602,0,-0.3491,0,1.5708,0.7854
1.5798,-0.780625,0,-0.3491,0,1.5708,0.7854
1.5798,-0.782649,0,-0.3491,0,1.5708,0.7854
1.5798,-0.784673,0,-0.3491,0,1.5708,0.7854
1.5798,-0.786697,0,-0.3491,0,1.5708,0.7854
1.5798,-0.788721,0,-0.3491,0,1.5708,0.7854
1.5798,-0.790745,0,-0.3491,0,1.5708,0.7854
1.5798,-0.792769,0,-0.3491,0,1.5708,0.7854
1.5798,-0.794792,0,-0.3491,0,1.5708,0.7854
1.5798,-0.796816,0,-0.3491,0,1.5708,0.7854
1.5798,-0.79884,0,-0.3491,0,1.5708,0.7854
1.5798,-0.800864,0,-0.3491,0,1.5708,0.7854
1.5798,-0.802887,0,-0.3491,0,1.5708,0.7854
1.5798,-0.804911,0,-0.3491,0,1.5708,0.7854
1.5798,-0.806934,0,-0.3491,0,1.5708,0.7854
1.5798,-0.808957,0,-0.3491,0,1.5708,0.7854
1.5798,-0.810981,0,-0.3491,0,1.5708,0.7854
1.5798,-0.813003,0,-0.3491,0,1.5708,0.7854
1.5798,-0.815026,0,-0.3491,0,1.5708,0.7854
1.5798,-0.817048,0,-0.3491,0,1.5708,0.7854
1.5798,-0.819071,0,-0.3491,0,1.5708,0.7854
1.5798,-0.821093,0,-0.3491,0,1.5708,0.7854
1.5798,-0.823114,0,-0.3491,0,1.5708,0.7854
1.5798,-0.825136,0,-0.3491,0,1.5708,0.7854
1.5798,-0.827157,0,-0.3491,0,1.5708,0.7854
1.5798,-0.829177,0,-0.3491,0,1.5708,0.7854
1.5798,-0.831198,0,-0.3491,0,1.5708,0.7854
1.5798,-0.833218,0,-0.3491,0,1.5708,0.7854
1.5798,-0.835238,0,-0.3491,0,1.5708,0.7854
1.5798,-0.837257,0,-0.3491,0,1.5708,0.7854
1.5798,-0.839276,0,-0.3491,0,1.5708,0.7854
1.5798,-0.841294,0,-0.3491,0,1.5708,0.7854
1.5798,-0.843312,0,-0.3491,0,1.5708,0.7854
1.5798,-0.84533,0,-0.3491,0,1.5708,0.7854
1.5798,-0.847347,0,-0.3491,0,1.5708,0.7854
1.5798,-0.849363,0,-0.3491,0,1.5708,0.7854
1.5798,-0.851379,0,-0.3491,0,1.5708,0.7854
1.5798,-0.853395,0,-0.3491,0,1.5708,0.7854
1.5798,-0.85541,0,-0.3491,0,1.5708,0.7854
1.5798,-0.857424,0,-0.3491,0,1.5708,0.7854
1.5798,-0.859438,0,-0.3491,0,1.5708,0.7854
1.5798,-0.861451,0,-0.3491,0,1.5708,0.7854
1.5798,-0.863463,0,-0.3491,0,1.5708,0.7854
1.5798,-0.865475,0,-0.3491,0,1.5708,0.7854
1.5798,-0.867486,0,-0.3491,0,1.5708,0.7854
1.5798,-0.869497,0,-0.3491,0,1.5708,0.7854
1.5798,-0.871507,0,-0.3491,0,1.5708,0.7854
1.5798,-0.873516,0,-0.3491,0,1.5708,0.7854
1.5798,-0.875524,0,-0.3491,0,1.5708,0.7854
1.5798,-0.877532,0,-0.3491,0,1.5708,0.7854
1.5798,-0.879539,0,-0.3491,0,1.5708,0.7854
1.5798,-0.881545,0,-0.3491,0,1.5708,0.7854
1.5798,-0.88355,0,-0.3491,0,1.5708,0.7854
1.5798,-0.885555,0,-0.3491,0,1.5708,0.7854
1.5798,-0.887558,0,-0.3491,0,1.5708,0.7854
1.5798,-0.889561,0,-0.3491,0,1.5708,0.7854
1.5798,-0.891563,0,-0.3491,0,1.5708,0.7854
1.5798,-0.893564,0,-0.3491,0,1.5708,0.7854
1.5798,-0.895564,0,-0.3491,0,1.5708,0.7854
1.5798,-0.897564,0,-0.3491,0,1.5708,0.7854
1.5798,-0.899562,0,-0.3491,0,1.5708,0.7854
1.5798,-0.901559,0,-0.3491,0,1.5708,0.7854
1.5798,-0.903555,0,-0.3491,0,1.5708,0.7854
1.5798,-0.905551,0,-0.3491,0,1.5708,0.7854
1.5798,-0.907545,0,-0.3491,0,1.5708,0.7854
1.5798,-0.909539,0,-0.3491,0,1.5708,0.7854
1.5798,-0.911531,0,-0.3491,0,1.5708,0.7854
1.5798,-0.913522,0,-0.3491,0,1.5708,0.7854
1.5798,-0.915512,0,-0.3491,0,1.5708,0.7854
1.5798,-0.917501,0,-0.3491,0,1.5708,0.7854
1.5798,-0.919489,0,-0.3491,0,1.5708,0.7854
1.5798,-0.921476,0,-0.3491,0,1.5708,0.7854
1.5798,-0.923462,0,-0.3491,0,1.5708,0.7854
1.5798,-0.925446,0,-0.3491,0,1.5708,0.7854
1.5798,-0.92743,0,-0.3491,0,1.5708,0.7854
1.5798,-0.929412,0,-0.3491,0,1.5708,0.7854
1.5798,-0.931393,0,-0.3491,0,1.5708,0.7854
1.5798,-0.933373,0,-0.3491,0,1.5708,0.7854
1.5798,-0.935351,0,-0.3491,0,1.5708,0.7854
1.5798,-0.937329,0,-0.3491,0,1.5708,0.7854
1.5798,-0.939304,0,-0.3491,0,1.5708,0.7854
1.5798,-0.941279,0,-0.3491,0,1.5708,0.7854
1.5798,-0.943253,0,-0.3491,0,1.5708,0.7854
1.5798,-0.945225,0,-0.3491,0,1.5708,0.7854
1.5798,-0.947195,0,-0.3491,0,1.5708,0.7854
1.5798,-0.949165,0,-0.3491,0,1.5708,0.7854
1.5798,-0.951133,0,-0.3491,0,1.5708,0.7854
1.5798,-0.953099,0,-0.3491,0,1.5708,0.7854
1.5798,-0.955064,0,-0.3491,0,1.5708,0.7854
1.5798,-0.957028,0,-0.3491,0,1.5708,0.7854
1.5798,-0.95899,0,-0.3491,0,1.5708,0.7854
1.5798,-0.960951,0,-0.3491,0,1.5708,0.7854
1.5798,-0.96291,0,-0.3491,0,1.5708,0.7854
1.5798,-0.964868,0,-0.3491,0,1.5708,0.7854
1.5798,-0.966825,0,-0.3491,0,1.5708,0.7854
1.5798,-0.968779,0,-0.3491,0,1.5708,0.7854
1.5798,-0.970733,0,-0.3491,0,1.5708,0.7854
1.5798,-0.972684,0,-0.3491,0,1.5708,0.7854
1.5798,-0.974635,0,-0.3491,0,1.5708,0.7854
1.5798,-0.976583,0,-0.3491,0,1.5708,0.7854
1.5798,-0.97853,0,-0.3491,0,1.5708,0.7854
1.5798,-0.980475,0,-0.3491,0,1.5708,0.7854
1.5798,-0.982419,0,-0.3491,0,1.5708,0.7854
1.5798,-0.984361,0,-0.3491,0,1.5708,0.7854
1.5798,-0.986301,0,-0.3491,0,1.5708,0.7854
1.5798,-0.98824,0,-0.3491,0,1.5708,0.7854
1.5798,-0.990177,0,-0.3491,0,1.5708,0.7854
1.5798,-0.992112,0,-0.3491,0,1.5708,0.7854
1.5798,-0.994046,0,-0.3491,0,1.5708,0.7854
1.5798,-0.995978,0,-0.3491,0,1.5708,0.7854
1.5798,-0.997908,0,-0.3491,0,1.5708,0.7854
1.5798,-0.999836,0,-0.3491,0,1.5708,0.7854
1.5798,-1.00176,0,-0.3491,0,1.5708,0.7854
1.5798,-1.00369,0,-0.3491,0,1.5708,0.7854
1.5798,-1.00561,0,-0.3491,0,1.5708,0.7854
1.5798,-1.00753,0,-0.3491,0,1.5708,0.7854
1.5798,-1.00945,0,-0.3491,0,1.5708,0.7854
1.5798,-1.01137,0,-0.3491,0,1.5708,0.7854
1.5798,-1.01328,0,-0.3491,0,1.5708,0.7854
1.5798,-1.0152,0,-0.3491,0,1.5708,0.7854
1.5798,-1.01711,0,-0.3491,0,1.5708,0.7854
1.5798,-1.01902,0,-0.3491,0,1.5708,0.7854
1.5798,-1.02092,0,-0.3491,0,1.5708,0.7854
1.5798,-1.02283,0,-0.3491,0,1.5708,0.7854
1.5798,-1.02473,0,-0.3491,0,1.5708,0.7854
1.5798,-1.02663,0,-0.3491,0,1.5708,0.7854
1.5798,-1.02853,0,-0.3491,0,1.5708,0.7854
1.5798,-1.03043,0,-0.3491,0,1.5708,0.7854
1.5798,-1.03233,0,-0.3491,0,1.5708,0.7854
1.5798,-1.03422,0,-0.3491,0,1.5708,0.7854
1.5798,-1.03611,0,-0.3491,0,1.5708,0.7854
1.5798,-1.038,0,-0.3491,0,1.5708,0.7854
1.5798,-1.03989,0,-0.3491,0,1.5708,0.7854
1.5798,-1.04177,0,-0.3491,0,1.5708,0.7854
1.5798,-1.04366,0,-0.3491,0,1.5708,0.7854
1.5798,-1.04554,0,-0.3491,0,1.5708,0.7854
1.5798,-1.04742,0,-0.3491,0,1.5708,0.7854
1.5798,-1.04929,0,-0.3491,0,1.5708,0.7854
1.5798,-1.05117,0,-0.3491,0,1.5708,0.7854
1.5798,-1.05304,0,-0.3491,0,1.5708,0.7854
1.5798,-1.05491,0,-0.3491,0,1.5708,0.7854
1.5798,-1.05678,0,-0.3491,0,1.5708,0.7854
1.5798,-1.05864,0,-0.3491,0,1.5708,0.7854
1.5798,-1.06051,0,-0.3491,0,1.5708,0.7854
1.5798,-1.06237,0,-0.3491,0,1.5708,0.7854
1.5798,-1.06422,0,-0.3491,0,1.5708,0.7854
1.5798,-1.06608,0,-0.3491,0,1.5708,0.7854
1.5798,-1.06793,0,-0.3491,0,1.5708,0.7854
1.5798,-1.06979,0,-0.3491,0,1.5708,0.7854
1.5798,-1.07164,0,-0.3491,0,1.5708,0.7854
1.5798,-1.07348,0,-0.3491,0,1.5708,0.7854
1.5798,-1.07533,0,-0.3491,0,1.5708,0.7854
1.5798,-1.07717,0,-0.3491,0,1.5708,0.7854
1.5798,-1.07901,0,-0.3491,0,1.5708,0.7854
1.5798,-1.08085,0,-0.3491,0,1.5708,0.7854
1.5798,-1.08268,0,-0.3491,0,1.5708,0.7854
1.5798,-1.08451,0,-0.3491,0,1.5708,0.7854
1.5798,-1.08634,0,-0.3491,0,1.5708,0.7854
1.5798,-1.08817,0,-0.3491,0,1.5708,0.7854
1.5798,-1.08999,0,-0.3491,0,1.5708,0.7854
1.5798,-1.09182,0,-0.3491,0,1.5708,0.7854
1.5798,-1.09364,0,-0.3491,0,1.5708,0.7854
1.5798,-1.09545,0,-0.3491,0,1.5708,0.7854
1.5798,-1.09727,0,-0.3491,0,1.5708,0.7854
1.5798,-1.09908,0,-0.3491,0,1.5708,0.7854
1.5798,-1.10089,0,-0.3491,0,1.5708,0.7854
1.5798,-1.1027,0,-0.3491,0,1.5708,0.7854
1.5798,-1.1045,0,-0.3491,0,1.5708,0.7854
1.5798,-1.1063,0,-0.3491,0,1.5708,0.7854
1.5798,-1.1081,0,-0.3491,0,1.5708,0.7854
1.5798,-1.1099,0,-0.3491,0,1.5708,0.7854
1.5798,-1.11169,0,-0.3491,0,1.5708,0.7854
1.5798,-1.11348,0,-0.3491,0,1.5708,0.7854
1.5798,-1.11527,0,-0.3491,0,1.5708,0.7854
1.5798,-1.11706,0,-0.3491,0,1.5708,0.7854
1.5798,-1.11884,0,-0.3491,0,1.5708,0.7854
1.5798,-1.12062,0,-0.3491,0,1.5708,0.7854
1.5798,-1.1224,0,-0.3491,0,1.5708,0.7854
1.5798,-1.12418,0,-0.3491,0,1.5708,0.7854
1.5798,-1.12595,0,-0.3491,0,1.5708,0.7854
1.5798,-1.12772,0,-0.3491,0,1.5708,0.7854
1.5798,-1.12948,0,-0.3491,0,1.5708,0.7854
1.5798,-1.13125,0,-0.3491,0,1.5708,0.7854
1.5798,-1.13301,0,-0.3491,0,1.5708,0.7854
1.5798,-1.13477,0,-0.3491,0,1.5708,0.7854
1.5798,-1.13652,0,-0.3491,0,1.5708,0.7854
1.5798,-1.13827,0,-0.3491,0,1.5708,0.7854
1.5798,-1.14002,0,-0.3491,0,1.5708,0.7854
1.5798,-1.14177,0,-0.3491,0,1.5708,0.7854
1.5798,-1.14351,0,-0.3491,0,1.5708,0.7854
1.5798,-1.14526,0,-0.3491,0,1.5708,0.7854
1.5798,-1.14699,0,-0.3491,0,1.5708,0.7854
1.5798,-1.14873,0,-0.3491,0,1.5708,0.7854
1.5798,-1.15046,0,-0.3491,0,1.5708,0.7854
1.5798,-1.15219,0,-0.3491,0,1.5708,0.7854
1.5798,-1.15392,0,-0.3491,0,1.5708,0.7854
1.5798,-1.15564,0,-0.3491,0,1.5708,0.7854
1.5798,-1.15736,0,-0.3491,0,1.5708,0.7854
1.5798,-1.15908,0,-0.3491,0,1.5708,0.7854
1.5798,-1.16079,0,-0.3491,0,1.5708,0.7854
1.5798,-1.1625,0,-0.3491,0,1.5708,0.7854
1.5798,-1.16421,0,-0.3491,0,1.5708,0.7854
1.5798,-1.16592,0,-0.3491,0,1.5708,0.7854
1.5798,-1.16762,0,-0.3491,0,1.5708,0.7854
1.5798,-1.16932,0,-0.3491,0,1.5708,0.7854
1.5798,-1.17102,0,-0.3491,0,1.5708,0.7854
1.5798,-1.17271,0,-0.3491,0,1.5708,0.7854
1.5798,-1.1744,0,-0.3491,0,1.5708,0.7854
1.5798,-1.17609,0,-0.3491,0,1.5708,0.7854
1.5798,-1.17777,0,-0.3491,0,1.5708,0.7854
1.5798,-1.17945,0,-0.3491,0,1.5708,0.7854
1.5798,-1.18113,0,-0.3491,0,1.5708,0.7854
1.5798,-1.1828,0,-0.3491,0,1.5708,0.7854
1.5798,-1.18447,0,-0.3491,0,1.5708,0.7854
1.5798,-1.18614,0,-0.3491,0,1.5708,0.7854
1.5798,-1.18781,0,-0.3491,0,1.5708,0.7854
1.5798,-1.18947,0,-0.3491,0,1.5708,0.7854
1.5798,-1.19113,0,-0.3491,0,1.5708,0.7854
1.5798,-1.19278,0,-0.3491,0,1.5708,0.7854
1.5798,-1.19444,0,-0.3491,0,1.5708,0.7854
1.5798,-1.19608,0,-0.3491,0,1.5708,0.7854
1.5798,-1.19773,0,-0.3491,0,1.5708,0.7854
1.5798,-1.19937,0,-0.3491,0,1.5708,0.7854
1.5798,-1.20101,0,-0.3491,0,1.5708,0.7854
1.5798,-1.20265,0,-0.3491,0,1.5708,0.7854
1.5798,-1.20428,0,-0.3491,0,1.5708,0.7854
1.5798,-1.20591,0,-0.3491,0,1.5708,0.7854
1.5798,-1.20754,0,-0.3491,0,1.5708,0.7854
1.5798,-1.20916,0,-0.3491,0,1.5708,0.7854
1.5798,-1.21078,0,-0.3491,0,1.5708,0.7854
1.5798,-1.21239,0,-0.3491,0,1.5708,0.7854
1.5798,-1.21401,0,-0.3491,0,1.5708,0.7854
1.5798,-1.21562,0,-0.3491,0,1.5708,0.7854
1.5798,-1.21722,0,-0.3491,0,1.5708,0.7854
1.5798,-1.21883,0,-0.3491,0,1.5708,0.7854
1.5798,-1.22042,0,-0.3491,0,1.5708,0.7854
1.5798,-1.22202,0,-0.3491,0,1.5708,0.7854
1.5798,-1.22361,0,-0.3491,0,1.5708,0.7854
1.5798,-1.2252,0,-0.3491,0,1.5708,0.7854
1.5798,-1.22679,0,-0.3491,0,1.5708,0.7854
1.5798,-1.22837,0,-0.3491,0,1.5708,0.7854
1.5798,-1.22995,0,-0.3491,0,1.5708,0.7854
1.5798,-1.23152,0,-0.3491,0,1.5708,0.7854
1.5798,-1.2331,0,-0.3491,0,1.5708,0.7854
1.5798,-1.23467,0,-0.3491,0,1.5708,0.7854
1.5798,-1.23623,0,-0.3491,0,1.5708,0.7854
1.5798,-1.23779,0,-0.3491,0,1.5708,0.7854
1.5798,-1.23935,0,-0.3491,0,1.5708,0.7854
1.5798,-1.2409,0,-0.3491,0,1.5708,0.7854
1.5798,-1.24246,0,-0.3491,0,1.5708,0.7854
1.5798,-1.244,0,-0.3491,0,1.5708,0.7854
1.5798,-1.24555,0,-0.3491,0,1.5708,0.7854
1.5798,-1.24709,0,-0.3491,0,1.5708,0.7854
1.5798,-1.24863,0,-0.3491,0,1.5708,0.7854
1.5798,-1.25016,0,-0.3491,0,1.5708,0.7854
1.5798,-1.25169,0,-0.3491,0,1.5708,0.7854
1.5798,-1.25322,0,-0.3491,0,1.5708,0.7854
1.5798,-1.25474,0,-0.3491,0,1.5708,0.7854
1.5798,-1.25626,0,-0.3491,0,1.5708,0.7854
1.5798,-1.25777,0,-0.3491,0,1.5708,0.7854
1.5798,-1.25929,0,-0.3491,0,1.5708,0.7854
1.5798,-1.26079,0,-0.3491,0,1.5708,0.7854
1.5798,-1.2623,0,-0.3491,0,1.5708,0.7854
1.5798,-1.2638,0,-0.3491,0,1.5708,0.7854
1.5798,-1.2653,0,-0.3491,0,1.5708,0.7854
1.5798,-1.26679,0,-0.3491,0,1.5708,0.7854
1.5798,-1.26828,0,-0.3491,0,1.5708,0.7854
1.5798,-1.26977,0,-0.3491,0,1.5708,0.7854
1.5798,-1.27125,0,-0.3491,0,1.5708,0.7854
1.5798,-1.27273,0,-0.3491,0,1.5708,0.7854
1.5798,-1.27421,0,-0.3491,0,1.5708,0.7854
1.5798,-1.27568,0,-0.3491,0,1.5708,0.7854
1.5798,-1.27715,0,-0.3491,0,1.5708,0.7854
1.5798,-1.27861,0,-0.3491,0,1.5708,0.7854
1.5798,-1.28007,0,-0.3491,0,1.5708,0.7854
1.5798,-1.28153,0,-0.3491,0,1.5708,0.7854
1.5798,-1.28299,0,-0.3491,0,1.5708,0.7854
1.5798,-1.28444,0,-0.3491,0,1.5708,0.7854
1.5798,-1.28588,0,-0.3491,0,1.5708,0.7854
1.5798,-1.28733,0,-0.3491,0,1.5708,0.7854
1.5798,-1.28876,0,-0.3491,0,1.5708,0.7854
1.5798,-1.2902,0,-0.3491,0,1.5708,0.7854
1.5798,-1.29163,0,-0.3491,0,1.5708,0.7854
1.5798,-1.29306,0,-0.3491,0,1.5708,0.7854
1.5798,-1.29448,0,-0.3491,0,1.5708,0.7854
1.5798,-1.2959,0,-0.3491,0,1.5708,0.7854
1.5798,-1.29732,0,-0.3491,0,1.5708,0.7854
1.5798,-1.29873,0,-0.3491,0,1.5708,0.7854
1.5798,-1.30014,0,-0.3491,0,1.5708,0.7854
1.5798,-1.30155,0,-0.3491,0,1.5708,0.7854
1.5798,-1.30295,0,-0.3491,0,1.5708,0.7854
1.5798,-1.30435,0,-0.3491,0,1.5708,0.7854
1.5798,-1.30574,0,-0.3491,0,1.5708,0.7854
1.5798,-1.30713,0,-0.3491,0,1.5708,0.7854
1.5798,-1.30852,0,-0.3491,0,1.5708,0.7854
1.5798,-1.3099,0,-0.3491,0,1.5708,0.7854
1.5798,-1.31128,0,-0.3491,0,1.5708,0.7854
1.5798,-1.31265,0,-0.3491,0,1.5708,0.7854
1.5798,-1.31402,0,-0.3491,0,1.5708,0.7854
1.5798,-1.31539,0,-0.3491,0,1.5708,0.7854
1.5798,-1.31675,0,-0.3491,0,1.5708,0.7854
1.5798,-1.31811,0,-0.3491,0,1.5708,0.7854
1.5798,-1.31947,0,-0.3491,0,1.5708,0.7854
1.5798,-1.32082,0,-0.3491,0,1.5708,0.7854
1.5798,-1.32217,0,-0.3491,0,1.5708,0.7854
1.5798,-1.32351,0,-0.3491,0,1.5708,0.7854
1.5798,-1.32485,0,-0.3491,0,1.5708,0.7854
1.5798,-1.32619,0,-0.3491,0,1.5708,0.7854
1.5798,-1.32752,0,-0.3491,0,1.5708,0.7854
1.5798,-1.32885,0,-0.3491,0,1.5708,0.7854
1.5798,-1.33017,0,-0.3491,0,1.5708,0.7854
1.5798,-1.33149,0,-0.3491,0,1.5708,0.7854
1.5798,-1.33281,0,-0.3491,0,1.5708,0.7854
1.5798,-1.33412,0,-0.3491,0,1.5708,0.7854
1.5798,-1.33543,0,-0.3491,0,1.5708,0.7854
1.5798,-1.33674,0,-0.3491,0,1.5708,0.7854
1.5798,-1.33804,0,-0.3491,0,1.5708,0.7854
1.5798,-1.33934,0,-0.3491,0,1.5708,0.7854
1.5798,-1.34063,0,-0.3491,0,1.5708,0.7854
1.5798,-1.34192,0,-0.3491,0,1.5708,0.7854
1.5798,-1.34321,0,-0.3491,0,1.5708,0.7854
1.5798,-1.34449,0,-0.3491,0,1.5708,0.7854
1.5798,-1.34577,0,-0.3491,0,1.5708,0.7854
1.5798,-1.34704,0,-0.3491,0,1.5708,0.7854
1.5798,-1.34831,0,-0.3491,0,1.5708,0.7854
1.5798,-1.34958,0,-0.3491,0,1.5708,0.7854
1.5798,-1.35084,0,-0.3491,0,1.5708,0.7854
1.5798,-1.3521,0,-0.3491,0,1.5708,0.7854
1.5798,-1.35335,0,-0.3491,0,1.5708,0.7854
1.5798,-1.3546,0,-0.3491,0,1.5708,0.7854
1.5798,-1.35585,0,-0.3491,0,1.5708,0.7854
1.5798,-1.35709,0,-0.3491,0,1.5708,0.7854
1.5798,-1.35833,0,-0.3491,0,1.5708,0.7854
1.5798,-1.35956,0,-0.3491,0,1.5708,0.7854
1.5798,-1.36079,0,-0.3491,0,1.5708,0.7854
1.5798,-1.36202,0,-0.3491,0,1.5708,0.7854
1.5798,-1.36324,0,-0.3491,0,1.5708,0.7854
1.5798,-1.36446,0,-0.3491,0,1.5708,0.7854
1.5798,-1.36568,0,-0.3491,0,1.5708,0.7854
1.5798,-1.36689,0,-0.3491,0,1.5708,0.7854
1.5798,-1.36809,0,-0.3491,0,1.5708,0.7854
1.5798,-1.3693,0,-0.3491,0,1.5708,0.7854
1.5798,-1.3705,0,-0.3491,0,1.5708,0.7854
1.5798,-1.37169,0,-0.3491,0,1.5708,0.7854
1.5798,-1.37288,0,-0.3491,0,1.5708,0.7854
1.5798,-1.37407,0,-0.3491,0,1.5708,0.7854
1.5798,-1.37525,0,-0.3491,0,1.5708,0.7854
1.5798,-1.37643,0,-0.3491,0,1.5708,0.7854
1.5798,-1.37761,0,-0.3491,0,1.5708,0.7854
1.5798,-1.37878,0,-0.3491,0,1.5708,0.7854
1.5798,-1.37994,0,-0.3491,0,1.5708,0.7854
1.5798,-1.38111,0,-0.3491,0,1.5708,0.7854
1.5798,-1.38227,0,-0.3491,0,1.5708,0.7854
1.5798,-1.38342,0,-0.3491,0,1.5708,0.7854
1.5798,-1.38457,0,-0.3491,0,1.5708,0.7854
1.5798,-1.38572,0,-0.3491,0,1.5708,0.7854
1.5798,-1.38686,0,-0.3491,0,1.5708,0.7854
1.5798,-1.388,0,-0.3491,0,1.5708,0.7854
1.5798,-1.38914,0,-0.3491,0,1.5708,0.7854
1.5798,-1.39027,0,-0.3491,0,1.5708,0.7854
1.5798,-1.3914,0,-0.3491,0,1.5708,0.7854
1.5798,-1.39252,0,-0.3491,0,1.5708,0.7854
1.5798,-1.39364,0,-0.3491,0,1.5708,0.7854
1.5798,-1.39475,0,-0.3491,0,1.5708,0.7854
1.5798,-1.39587,0,-0.3491,0,1.5708,0.7854
1.5798,-1.39697,0,-0.3491,0,1.5708,0.7854
1.5798,-1.39808,0,-0.3491,0,1.5708,0.7854
1.5798,-1.39918,0,-0.3491,0,1.5708,0.7854
1.5798,-1.40027,0,-0.3491,0,1.5708,0.7854
1.5798,-1.40136,0,-0.3491,0,1.5708,0.7854
1.5798,-1.40245,0,-0.3491,0,1.5708,0.7854
1.5798,-1.40353,0,-0.3491,0,1.5708,0.7854
1.5798,-1.40461,0,-0.3491,0,1.5708,0.7854
1.5798,-1.40569,0,-0.3491,0,1.5708,0.7854
1.5798,-1.40676,0,-0.3491,0,1.5708,0.7854
1.5798,-1.40783,0,-0.3491,0,1.5708,0.7854
1.5798,-1.40889,0,-0.3491,0,1.5708,0.7854
1.5798,-1.40995,0,-0.3491,0,1.5708,0.7854
1.5798,-1.411,0,-0.3491,0,1.5708,0.7854
1.5798,-1.41206,0,-0.3491,0,1.5708,0.7854
1.5798,-1.4131,0,-0.3491,0,1.5708,0.7854
1.5798,-1.41415,0,-0.3491,0,1.5708,0.7854
1.5798,-1.41519,0,-0.3491,0,1.5708,0.7854
1.5798,-1.41622,0,-0.3491,0,1.5708,0.7854
1.5798,-1.41725,0,-0.3491,0,1.5708,0.7854
1.5798,-1.41828,0,-0.3491,0,1.5708,0.7854
1.5798,-1.4193,0,-0.3491,0,1.5708,0.7854
1.5798,-1.42032,0,-0.3491,0,1.5708,0.7854
1.5798,-1.42134,0,-0.3491,0,1.5708,0.7854
1.5798,-1.42235,0,-0.3491,0,1.5708,0.7854
1.5798,-1.42336,0,-0.3491,0,1.5708,0.7854
1.5798,-1.42436,0,-0.3491,0,1.5708,0.7854
1.5798,-1.42536,0,-0.3491,0,1.5708,0.7854
1.5798,-1.42636,0,-0.3491,0,1.5708,0.7854
1.5798,-1.42735,0,-0.3491,0,1.5708,0.7854
1.5798,-1.42834,0,-0.3491,0,1.5708,0.7854
1.5798,-1.42932,0,-0.3491,0,1.5708,0.7854
1.5798,-1.4303,0,-0.3491,0,1.5708,0.7854
1.5798,-1.43128,0,-0.3491,0,1.5708,0.7854
1.5798,-1.43225,0,-0.3491,0,1.5708,0.7854
1.5798,-1.43322,0,-0.3491,0,1.5708,0.7854
1.5798,-1.43418,0,-0.3491,0,1.5708,0.7854
1.5798,-1.43514,0,-0.3491,0,1.5708,0.7854
1.5798,-1.4361,0,-0.3491,0,1.5708,0.7854
1.5798,-1.43705,0,-0.3491,0,1.5708,0.7854
1.5798,-1.438,0,-0.3491,0,1.5708,0.7854
1.5798,-1.43894,0,-0.3491,0,1.5708,0.7854
1.5798,-1.43988,0,-0.3491,0,1.5708,0.7854
1.5798,-1.44082,0,-0.3491,0,1.5708,0.7854
1.5798,-1.44175,0,-0.3491,0,1.5708,0.7854
1.5798,-1.44268,0,-0.3491,0,1.5708,0.7854
1.5798,-1.4436,0,-0.3491,0,1.5708,0.7854
1.5798,-1.44452,0,-0.3491,0,1.5708,0.7854
1.5798,-1.44544,0,-0.3491,0,1.5708,0.7854
1.5798,-1.44635,0,-0.3491,0,1.5708,0.7854
1.5798,-1.44726,0,-0.3491,0,1.5708,0.7854
1.5798,-1.44817,0,-0.3491,0,1.5708,0.7854
1.5798,-1.44907,0,-0.3491,0,1.5708,0.7854
1.5798,-1.44997,0,-0.3491,0,1.5708,0.7854
1.5798,-1.45086,0,-0.3491,0,1.5708,0.7854
1.5798,-1.45175,0,-0.3491,0,1.5708,0.7854
1.5798,-1.45263,0,-0.3491,0,1.5708,0.7854
1.5798,-1.45352,0,-0.3491,0,1.5708,0.7854
1.5798,-1.45439,0,-0.3491,0,1.5708,0.7854
1.5798,-1.45527,0,-0.3491,0,1.5708,0.7854
1.5798,-1.45614,0,-0.3491,0,1.5708,0.7854
1.5798,-1.457,0,-0.3491,0,1.5708,0.7854
1.5798,-1.45787,0,-0.3491,0,1.5708,0.7854
1.5798,-1.45873,0,-0.3491,0,1.5708,0.7854
1.5798,-1.45958,0,-0.3491,0,1.5708,0.7854
1.5798,-1.46043,0,-0.3491,0,1.5708,0.7854
1.5798,-1.46128,0,-0.3491,0,1.5708,0.7854
1.5798,-1.46212,0,-0.3491,0,1.5708,0.7854
1.5798,-1.46296,0,-0.3491,0,1.5708,0.7854
1.5798,-1.46379,0,-0.3491,0,1.5708,0.7854
1.5798,-1.46463,0,-0.3491,0,1.5708,0.7854
1.5798,-1.46545,0,-0.3491,0,1.5708,0.7854
1.5798,-1.46628,0,-0.3491,0,1.5708,0.7854
1.5798,-1.4671,0,-0.3491,0,1.5708,0.7854
1.5798,-1.46791,0,-0.3491,0,1.5708,0.7854
1.5798,-1.46873,0,-0.3491,0,1.5708,0.7854
1.5798,-1.46953,0,-0.3491,0,1.5708,0.7854
1.5798,-1.47034,0,-0.3491,0,1.5708,0.7854
1.5798,-1.47114,0,-0.3491,0,1.5708,0.7854
1.5798,-1.47194,0,-0.3491,0,1.5708,0.7854
1.5798,-1.47273,0,-0.3491,0,1.5708,0.7854
1.5798,-1.47352,0,-0.3491,0,1.5708,0.7854
1.5798,-1.47431,0,-0.3491,0,1.5708,0.7854
1.5798,-1.47509,0,-0.3491,0,1.5708,0.7854
1.5798,-1.47587,0,-0.3491,0,1.5708,0.7854
1.5798,-1.47664,0,-0.3491,0,1.5708,0.7854
1.5798,-1.47741,0,-0.3491,0,1.5708,0.7854
1.5798,-1.47818,0,-0.3491,0,1.5708,0.7854
1.5798,-1.47894,0,-0.3491,0,1.5708,0.7854
1.5798,-1.4797,0,-0.3491,0,1.5708,0.7854
1.5798,-1.48046,0,-0.3491,0,1.5708,0.7854
1.5798,-1.48121,0,-0.3491,0,1.5708,0.7854
1.5798,-1.48196,0,-0.3491,0,1.5708,0.7854
1.5798,-1.4827,0,-0.3491,0,1.5708,0.7854
1.5798,-1.48344,0,-0.3491,0,1.5708,0.7854
1.5798,-1.48418,0,-0.3491,0,1.5708,0.7854
1.5798,-1.48491,0,-0.3491,0,1.5708,0.7854
1.5798,-1.48564,0,-0.3491,0,1.5708,0.7854
1.5798,-1.48637,0,-0.3491,0,1.5708,0.7854
1.5798,-1.48709,0,-0.3491,0,1.5708,0.7854
1.5798,-1.48781,0,-0.3491,0,1.5708,0.7854
1.5798,-1.48853,0,-0.3491,0,1.5708,0.7854
1.5798,-1.48924,0,-0.3491,0,1.5708,0.7854
1.5798,-1.48995,0,-0.3491,0,1.5708,0.7854
1.5798,-1.49065,0,-0.3491,0,1.5708,0.7854
1.5798,-1.49135,0,-0.3491,0,1.5708,0.7854
1.5798,-1.49205,0,-0.3491,0,1.5708,0.7854
1.5798,-1.49274,0,-0.3491,0,1.5708,0.7854
1.5798,-1.49343,0,-0.3491,0,1.5708,0.7854
1.5798,-1.49412,0,-0.3491,0,1.5708,0.7854
1.5798,-1.4948,0,-0.3491,0,1.5708,0.7854
1.5798,-1.49548,0,-0.3491,0,1.5708,0.7854
1.5798,-1.49615,0,-0.3491,0,1.5708,0.7854
1.5798,-1.49682,0,-0.3491,0,1.5708,0.7854
1.5798,-1.49749,0,-0.3491,0,1.5708,0.7854
1.5798,-1.49816,0,-0.3491,0,1.5708,0.7854
1.5798,-1.49882,0,-0.3491,0,1.5708,0.7854
1.5798,-1.49947,0,-0.3491,0,1.5708,0.7854
1.5798,-1.50013,0,-0.3491,0,1.5708,0.7854
1.5798,-1.50078,0,-0.3491,0,1.5708,0.7854
1.5798,-1.50143,0,-0.3491,0,1.5708,0.7854
1.5798,-1.50207,0,-0.3491,0,1.5708,0.7854
1.5798,-1.50271,0,-0.3491,0,1.5708,0.7854
1.5798,-1.50334,0,-0.3491,0,1.5708,0.7854
1.5798,-1.50398,0,-0.3491,0,1.5708,0.7854
1.5798,-1.50461,0,-0.3491,0,1.5708,0.7854
1.5798,-1.50523,0,-0.3491,0,1.5708,0.7854
1.5798,-1.50585,0,-0.3491,0,1.5708,0.7854
1.5798,-1.50647,0,-0.3491,0,1.5708,0.7854
1.5798,-1.50709,0,-0.3491,0,1.5708,0.7854
1.5798,-1.5077,0,-0.3491,0,1.5708,0.7854
1.5798,-1.50831,0,-0.3491,0,1.5708,0.7854
1.5798,-1.50891,0,-0.3491,0,1.5708,0.7854
1.5798,-1.50951,0,-0.3491,0,1.5708,0.7854
1.5798,-1.51011,0,-0.3491,0,1.5708,0.7854
1.5798,-1.5107,0,-0.3491,0,1.5708,0.7854
1.5798,-1.5113,0,-0.3491,0,1.5708,0.7854
1.5798,-1.51188,0,-0.3491,0,1.5708,0.7854
1.5798,-1.51247,0,-0.3491,0,1.5708,0.7854
1.5798,-1.51305,0,-0.3491,0,1.5708,0.7854
1.5798,-1.51363,0,-0.3491,0,1.5708,0.7854
1.5798,-1.5142,0,-0.3491,0,1.5708,0.7854
1.5798,-1.51477,0,-0.3491,0,1.5708,0.7854
1.5798,-1.51534,0,-0.3491,0,1.5708,0.7854
1.5798,-1.5159,0,-0.3491,0,1.5708,0.7854
1.5798,-1.51646,0,-0.3491,0,1.5708,0.7854
1.5798,-1.51702,0,-0.3491,0,1.5708,0.7854
1.5798,-1.51757,0,-0.3491,0,1.5708,0.7854
1.5798,-1.51812,0,-0.3491,0,1.5708,0.7854
1.5798,-1.51867,0,-0.3491,0,1.5708,0.7854
1.5798,-1.51922,0,-0.3491,0,1.5708,0.7854
1.5798,-1.51976,0,-0.3491,0,1.5708,0.7854
1.5798,-1.52029,0,-0.3491,0,1.5708,0.7854
1.5798,-1.52083,0,-0.3491,0,1.5708,0.7854
1.5798,-1.52136,0,-0.3491,0,1.5708,0.7854
1.5798,-1.52189,0,-0.3491,0,1.5708,0.7854
1.5798,-1.52241,0,-0.3491,0,1.5708,0.7854
1.5798,-1.52293,0,-0.3491,0,1.5708,0.7854
1.5798,-1.52345,0,-0.3491,0,1.5708,0.7854
1.5798,-1.52396,0,-0.3491,0,1.5708,0.7854
1.5798,-1.52448,0,-0.3491,0,1.5708,0.7854
1.5798,-1.52498,0,-0.3491,0,1.5708,0.7854
1.5798,-1.52549,0,-0.3491,0,1.5708,0.7854
1.5798,-1.52599,0,-0.3491,0,1.5708,0.7854
1.5798,-1.52649,0,-0.3491,0,1.5708,0.7854
1.5798,-1.52698,0,-0.3491,0,1.5708,0.7854
1.5798,-1.52748,0,-0.3491,0,1.5708,0.7854
1.5798,-1.52797,0,-0.3491,0,1.5708,0.7854
1.5798,-1.52845,0,-0.3491,0,1.5708,0.7854
1.5798,-1.52893,0,-0.3491,0,1.5708,0.7854
1.5798,-1.52941,0,-0.3491,0,1.5708,0.7854
1.5798,-1.52989,0,-0.3491,0,1.5708,0.7854
1.5798,-1.53036,0,-0.3491,0,1.5708,0.7854
1.5798,-1.53084,0,-0.3491,0,1.5708,0.7854
1.5798,-1.5313,0,-0.3491,0,1.5708,0.7854
1.5798,-1.53177,0,-0.3491,0,1.5708,0.7854
1.5798,-1.53223,0,-0.3491,0,1.5708,0.7854
1.5798,-1.53269,0,-0.3491,0,1.5708,0.7854
1.5798,-1.53314,0,-0.3491,0,1.5708,0.7854
1.5798,-1.53359,0,-0.3491,0,1.5708,0.7854
1.5798,-1.53404,0,-0.3491,0,1.5708,0.7854
1.5798,-1.53449,0,-0.3491,0,1.5708,0.7854
1.5798,-1.53493,0,-0.3491,0,1.5708,0.7854
1.5798,-1.53537,0,-0.3491,0,1.5708,0.7854
1.5798,-1.53581,0,-0.3491,0,1.5708,0.7854
1.5798,-1.53624,0,-0.3491,0,1.5708,0.7854
1.5798,-1.53667,0,-0.3491,0,1.5708,0.7854
1.5798,-1.5371,0,-0.3491,0,1.5708,0.7854
1.5798,-1.53753,0,-0.3491,0,1.5708,0.7854
1.5798,-1.53795,0,-0.3491,0,1.5708,0.7854
1.5798,-1.53837,0,-0.3491,0,1.5708,0.7854
1.5798,-1.53878,0,-0.3491,0,1.5708,0.7854
1.5798,-1.5392,0,-0.3491,0,1.5708,0.7854
1.5798,-1.53961,0,-0.3491,0,1.5708,0.7854
1.5798,-1.54002,0,-0.3491,0,1.5708,0.7854
1.5798,-1.54042,0,-0.3491,0,1.5708,0.7854
1.5798,-1.54082,0,-0.3491,0,1.5708,0.7854
1.5798,-1.54122,0,-0.3491,0,1.5708,0.7854
1.5798,-1.54162,0,-0.3491,0,1.5708,0.7854
1.5798,-1.54201,0,-0.3491,0,1.5708,0.7854
1.5798,-1.5424,0,-0.3491,0,1.5708,0.7854
1.5798,-1.54279,0,-0.3491,0,1.5708,0.7854
1.5798,-1.54317,0,-0.3491,0,1.5708,0.7854
1.5798,-1.54356,0,-0.3491,0,1.5708,0.7854
1.5798,-1.54394,0,-0.3491,0,1.5708,0.7854
1.5798,-1.54431,0,-0.3491,0,1.5708,0.7854
1.5798,-1.54469,0,-0.3491,0,1.5708,0.7854
1.5798,-1.54506,0,-0.3491,0,1.5708,0.7854
1.5798,-1.54542,0,-0.3491,0,1.5708,0.7854
1.5798,-1.54579,0,-0.3491,0,1.5708,0.7854
1.5798,-1.54615,0,-0.3491,0,1.5708,0.7854
1.5798,-1.54651,0,-0.3491,0,1.5708,0.7854
1.5798,-1.54687,0,-0.3491,0,1.5708,0.7854
1.5798,-1.54722,0,-0.3491,0,1.5708,0.7854
1.5798,-1.54758,0,-0.3491,0,1.5708,0.7854
1.5798,-1.54793,0,-0.3491,0,1.5708,0.7854
1.5798,-1.54827,0,-0.3491,0,1.5708,0.7854
1.5798,-1.54862,0,-0.3491,0,1.5708,0.7854
1.5798,-1.54896,0,-0.3491,0,1.5708,0.7854
1.5798,-1.5493,0,-0.3491,0,1.5708,0.7854
1.5798,-1.54963,0,-0.3491,0,1.5708,0.7854
1.5798,-1.54997,0,-0.3491,0,1.5708,0.7854
1.5798,-1.5503,0,-0.3491,0,1.5708,0.7854
1.5798,-1.55062,0,-0.3491,0,1.5708,0.7854
1.5798,-1.55095,0,-0.3491,0,1.5708,0.7854
1.5798,-1.55127,0,-0.3491,0,1.5708,0.7854
1.5798,-1.55159,0,-0.3491,0,1.5708,0.7854
1.5798,-1.55191,0,-0.3491,0,1.5708,0.7854
1.5798,-1.55223,0,-0.3491,0,1.5708,0.7854
1.5798,-1.55254,0,-0.3491,0,1.5708,0.7854
1.5798,-1.55285,0,-0.3491,0,1.5708,0.7854
1.5798,-1.55316,0,-0.3491,0,1.5708,0.7854
1.5798,-1.55346,0,-0.3491,0,1.5708,0.7854
1.5798,-1.55377,0,-0.3491,0,1.5708,0.7854
1.5798,-1.55407,0,-0.3491,0,1.5708,0.7854
1.5798,-1.55437,0,-0.3491,0,1.5708,0.7854
1.5798,-1.55466,0,-0.3491,0,1.5708,0.7854
1.5798,-1.55495,0,-0.3491,0,1.5708,0.7854
1.5798,-1.55524,0,-0.3491,0,1.5708,0.7854
1.5798,-1.55553,0,-0.3491,0,1.5708,0.7854
1.5798,-1.55582,0,-0.3491,0,1.5708,0.7854
1.5798,-1.5561,0,-0.3491,0,1.5708,0.7854
1.5798,-1.55638,0,-0.3491,0,1.5708,0.7854
1.5798,-1.55666,0,-0.3491,0,1.5708,0.7854
1.5798,-1.55694,0,-0.3491,0,1.5708,0.7854
1.5798,-1.55721,0,-0.3491,0,1.5708,0.7854
1.5798,-1.55748,0,-0.3491,0,1.5708,0.7854
1.5798,-1.55775,0,-0.3491,0,1.5708,0.7854
1.5798,-1.55802,0,-0.3491,0,1.5708,0.7854
1.5798,-1.55829,0,-0.3491,0,1.5708,0.7854
1.5798,-1.55855,0,-0.3491,0,1.5708,0.7854
1.5798,-1.55881,0,-0.3491,0,1.5708,0.7854
1.5798,-1.55907,0,-0.3491,0,1.5708,0.7854
1.5798,-1.55932,0,-0.3491,0,1.5708,0.7854
1.5798,-1.55957,0,-0.3491,0,1.5708,0.7854
1.5798,-1.55983,0,-0.3491,0,1.5708,0.7854
1.5798,-1.56007,0,-0.3491,0,1.5708,0.7854
1.5798,-1.56032,0,-0.3491,0,1.5708,0.7854
1.5798,-1.56057,0,-0.3491,0,1.5708,0.7854
1.5798,-1.56081,0,-0.3491,0,1.5708,0.7854
1.5798,-1.56105,0,-0.3491,0,1.5708,0.7854
1.5798,-1.56129,0,-0.3491,0,1.5708,0.7854
1.5798,-1.56152,0,-0.3491,0,1.5708,0.7854
1.5798,-1.56175,0,-0.3491,0,1.5708,0.7854
1.5798,-1.56199,0,-0.3491,0,1.5708,0.7854
1.5798,-1.56221,0,-0.3491,0,1.5708,0.7854
1.5798,-1.56244,0,-0.3491,0,1.5708,0.7854
1.5798,-1.56267,0,-0.3491,0,1.5708,0.7854
1.5798,-1.56289,0,-0.3491,0,1.5708,0.7854
1.5798,-1.56311,0,-0.3491,0,1.5708,0.7854
1.5798,-1.56333,0,-0.3491,0,1.5708,0.7854
1.5798,-1.56355,0,-0.3491,0,1.5708,0.7854
1.5798,-1.56376,0,-0.3491,0,1.5708,0.7854
1.5798,-1.56397,0,-0.3491,0,1.5708,0.7854
1.5798,-1.56418,0,-0.3491,0,1.5708,0.7854
1.5798,-1.56439,0,-0.3491,0,1.5708,0.7854
1.5798,-1.5646,0,-0.3491,0,1.5708,0.7854
1.5798,-1.5648,0,-0.3491,0,1.5708,0.7854
1.5798,-1.56501,0,-0.3491,0,1.5708,0.7854
1.5798,-1.56521,0,-0.3491,0,1.5708,0.7854
1.5798,-1.56541,0,-0.3491,0,1.5708,0.7854
1.5798,-1.5656,0,-0.3491,0,1.5708,0.7854
1.5798,-1.5658,0,-0.3491,0,1.5708,0.7854
1.5798,-1.56599,0,-0.3491,0,1.5708,0.7854
1.5798,-1.56618,0,-0.3491,0,1.5708,0.7854
1.5798,-1.56637,0,-0.3491,0,1.5708,0.7854
1.5798,-1.56656,0,-0.3491,0,1.5708,0.7854
1.5798,-1.56674,0,-0.3491,0,1.5708,0.7854
1.5798,-1.56693,0,-0.3491,0,1.5708,0.7854
1.5798,-1.56711,0,-0.3491,0,1.5708,0.7854
1.5798,-1.56729,0,-0.3491,0,1.5708,0.7854
1.5798,-1.56746,0,-0.3491,0,1.5708,0.7854
1.5798,-1.56764,0,-0.3491,0,1.5708,0.7854
1.5798,-1.56781,0,-0.3491,0,1.5708,0.7854
1.5798,-1.56799,0,-0.3491,0,1.5708,0.7854
1.5798,-1.56816,0,-0.3491,0,1.5708,0.7854
1.5798,-1.56833,0,-0.3491,0,1.5708,0.7854
1.5798,-1.56849,0,-0.3491,0,1.5708,0.7854
1.5798,-1.56866,0,-0.3491,0,1.5708,0.7854
1.5798,-1.56882,0,-0.3491,0,1.5708,0.7854
1.5798,-1.56898,0,-0.3491,0,1.5708,0.7854
1.5798,-1.56914,0,-0.3491,0,1.5708,0.7854
1.5798,-1.5693,0,-0.3491,0,1.5708,0.7854
1.5798,-1.56946,0,-0.3491,0,1.5708,0.7854
1.5798,-1.56961,0,-0.3491,0,1.5708,0.7854
1.5798,-1.56977,0,-0.3491,0,1.5708,0.7854
1.5798,-1.56992,0,-0.3491,0,1.5708,0.7854
1.5798,-1.57007,0,-0.3491,0,1.5708,0.7854
1.5798,-1.57022,0,-0.3491,0,1.5708,0.7854
1.5798,-1.57036,0,-0.3491,0,1.5708,0.7854
1.5798,-1.57051,0,-0.3491,0,1.5708,0.7854
1.5798,-1.57065,0,-0.3491,0,1.5708,0.7854
1.5798,-1.57079,0,-0.3491,0,1.5708,0.7854
1.5798,-1.57093,0,-0.3491,0,1.5708,0.7854
1.5798,-1.57107,0,-0.3491,0,1.5708,0.7854
1.5798,-1.57121,0,-0.3491,0,1.5708,0.7854
1.5798,-1.57134,0,-0.3491,0,1.5708,0.7854
1.5798,-1.57148,0,-0.3491,0,1.5708,0.7854
1.5798,-1.57161,0,-0.3491,0,1.5708,0.7854
1.5798,-1.57174,0,-0.3491,0,1.5708,0.7854
1.5798,-1.57187,0,-0.3491,0,1.5708,0.7854
1.5798,-1.572,0,-0.3491,0,1.5708,0.7854
1.5798,-1.57212,0,-0.3491,0,1.5708,0.7854
1.5798,-1.57225,0,-0.3491,0,1.5708,0.7854
1.5798,-1.57237,0,-0.3491,0,1.5708,0.7854
1.5798,-1.57249,0,-0.3491,0,1.5708,0.7854
1.5798,-1.57261,0,-0.3491,0,1.5708,0.7854
1.5798,-1.57273,0,-0.3491,0,1.5708,0.7854
1.5798,-1.57285,0,-0.3491,0,1.5708,0.7854
1.5798,-1.57296,0,-0.3491,0,1.5708,0.7854
1.5798,-1.57308,0,-0.3491,0,1.5708,0.7854
1.5798,-1.57319,0,-0.3491,0,1.5708,0.7854
1.5798,-1.5733,0,-0.3491,0,1.5708,0.7854
1.5798,-1.57341,0,-0.3491,0,1.5708,0.7854
1.5798,-1.57352,0,-0.3491,0,1.5708,0.7854
1.5798,-1.57363,0,-0.3491,0,1.5708,0.7854
1.5798,-1.57374,0,-0.3491,0,1.5708,0.7854
1.5798,-1.57384,0,-0.3491,0,1.5708,0.7854
1.5798,-1.57394,0,-0.3491,0,1.5708,0.7854
1.5798,-1.57405,0,-0.3491,0,1.5708,0.7854
1.5798,-1.57415,0,-0.3491,0,1.5708,0.7854
1.5798,-1.57425,0,-0.3491,0,1.5708,0.7854
1.5798,-1.57435,0,-0.3491,0,1.5708,0.7854
1.5798,-1.57444,0,-0.3491,0,1.5708,0.7854
1.5798,-1.57454,0,-0.3491,0,1.5708,0.7854
1.5798,-1.57463,0,-0.3491,0,1.5708,0.7854
1.5798,-1.57473,0,-0.3491,0,1.5708,0.7854
1.5798,-1.57482,0,-0.3491,0,1.5708,0.7854
1.5798,-1.57491,0,-0.3491,0,1.5708,0.7854
1.5798,-1.575,0,-0.3491,0,1.5708,0.7854
1.5798,-1.57509,0,-0.3491,0,1.5708,0.7854
1.5798,-1.57517,0,-0.3491,0,1.5708,0.7854
1.5798,-1.57526,0,-0.3491,0,1.5708,0.7854
1.5798,-1.57534,0,-0.3491,0,1.5708,0.7854
1.5798,-1.57543,0,-0.3491,0,1.5708,0.7854
1.5798,-1.57551,0,-0.3491,0,1.5708,0.7854
1.5798,-1.57559,0,-0.3491,0,1.5708,0.7854
1.5798,-1.57567,0,-0.3491,0,1.5708,0.7854
1.5798,-1.57575,0,-0.3491,0,1.5708,0.7854
1.5798,-1.57583,0,-0.3491,0,1.5708,0.7854
1.5798,-1.57591,0,-0.3491,0,1.5708,0.7854
1.5798,-1.57598,0,-0.3491,0,1.5708,0.7854
1.5798,-1.57606,0,-0.3491,0,1.5708,0.7854
1.5798,-1.57613,0,-0.3491,0,1.5708,0.7854
1.5798,-1.5762,0,-0.3491,0,1.5708,0.7854
1.5798,-1.57627,0,-0.3491,0,1.5708,0.7854
1.5798,-1.57634,0,-0.3491,0,1.5708,0.7854
1.5798,-1.57641,0,-0.3491,0,1.5708,0.7854
1.5798,-1.57648,0,-0.3491,0,1.5708,0.7854
1.5798,-1.57655,0,-0.3491,0,1.5708,0.7854
1.5798,-1.57662,0,-0.3491,0,1.5708,0.7854
1.5798,-1.57668,0,-0.3491,0,1.5708,0.7854
1.5798,-1.57675,0,-0.3491,0,1.5708,0.7854
1.5798,-1.57681,0,-0.3491,0,1.5708,0.7854
1.5798,-1.57687,0,-0.3491,0,1.5708,0.7854
1.5798,-1.57693,0,-0.3491,0,1.5708,0.7854
1.5798,-1.57699,0,-0.3491,0,1.5708,0.7854
1.5798,-1.57705,0,-0.3491,0,1.5708,0.7854
1.5798,-1.57711,0,-0.3491,0,1.5708,0.7854
1.5798,-1.57717,0,-0.3491,0,1.5708,0.7854
1.5798,-1.57723,0,-0.3491,0,1.5708,0.7854
1.5798,-1.57728,0,-0.3491,0,1.5708,0.7854
1.5798,-1.57734,0,-0.3491,0,1.5708,0.7854
1.5798,-1.57739,0,-0.3491,0,1.5708,0.7854
1.5798,-1.57744,0,-0.3491,0,1.5708,0.7854
1.5798,-1.5775,0,-0.3491,0,1.5708,0.7854
1.5798,-1.57755,0,-0.3491,0,1.5708,0.7854
1.5798,-1.5776,0,-0.3491,0,1.5708,0.7854
1.5798,-1.57765,0,-0.3491,0,1.5708,0.7854
1.5798,-1.5777,0,-0.3491,0,1.5708,0.7854
1.5798,-1.57774,0,-0.3491,0,1.5708,0.7854
1.5798,-1.57779,0,-0.3491,0,1.5708,0.7854
1.5798,-1.57784,0,-0.3491,0,1.5708,0.7854
1.5798,-1.57788,0,-0.3491,0,1.5708,0.7854
1.5798,-1.57793,0,-0.3491,0,1.5708,0.7854
1.5798,-1.57797,0,-0.3491,0,1.5708,0.7854
1.5798,-1.57802,0,-0.3491,0,1.5708,0.7854
1.5798,-1.57806,0,-0.3491,0,1.5708,0.7854
1.5798,-1.5781,0,-0.3491,0,1.5708,0.7854
1.5798,-1.57814,0,-0.3491,0,1.5708,0.7854
1.5798,-1.57818,0,-0.3491,0,1.5708,0.7854
1.5798,-1.57822,0,-0.3491,0,1.5708,0.7854
1.5798,-1.57826,0,-0.3491,0,1.5708,0.7854
1.5798,-1.5783,0,-0.3491,0,1.5708,0.7854
1.5798,-1.57834,0,-0.3491,0,1.5708,0.7854
1.5798,-1.57837,0,-0.3491,0,1.5708,0.7854
1.5798,-1.57841,0,-0.3491,0,1.5708,0.7854
1.5798,-1.57844,0,-0.3491,0,1.5708,0.7854
1.5798,-1.57848,0,-0.3491,0,1.5708,0.7854
1.5798,-1.57851,0,-0.3491,0,1.5708,0.7854
1.5798,-1.57855,0,-0.3491,0,1.5708,0.7854
1.5798,-1.57858,0,-0.3491,0,1.5708,0.7854
1.5798,-1.57861,0,-0.3491,0,1.5708,0.7854
1.5798,-1.57864,0,-0.3491,0,1.5708,0.7854
1.5798,-1.57867,0,-0.3491,0,1.5708,0.7854
1.5798,-1.5787,0,-0.3491,0,1.5708,0.7854
1.5798,-1.57873,0,-0.3491,0,1.5708,0.7854
1.5798,-1.57876,0,-0.3491,0,1.5708,0.7854
1.5798,-1.57879,0,-0.3491,0,1.5708,0.7854
1.5798,-1.57882,0,-0.3491,0,1.5708,0.7854
1.5798,-1.57885,0,-0.3491,0,1.5708,0.7854
1.5798,-1.57887,0,-0.3491,0,1.5708,0.7854
1.5798,-1.5789,0,-0.3491,0,1.5708,0.7854
1.5798,-1.57892,0,-0.3491,0,1.5708,0.7854
1.5798,-1.57895,0,-0.3491,0,1.5708,0.7854
1.5798,-1.57897,0,-0.3491,0,1.5708,0.7854
1.5798,-1.579,0,-0.3491,0,1.5708,0.7854
1.5798,-1.57902,0,-0.3491,0,1.5708,0.7854
1.5798,-1.57904,0,-0.3491,0,1.5708,0.7854
1.5798,-1.57907,0,-0.3491,0,1.5708,0.7854
1.5798,-1.57909,0,-0.3491,0,1.5708,0.7854
1.5798,-1.57911,0,-0.3491,0,1.5708,0.7854
1.5798,-1.57913,0,-0.3491,0,1.5708,0.7854
1.5798,-1.57915,0,-0.3491,0,1.5708,0.7854
1.5798,-1.57917,0,-0.3491,0,1.5708,0.7854
1.5798,-1.57919,0,-0.3491,0,1.5708,0.7854
1.5798,-1.57921,0,-0.3491,0,1.5708,0.7854
1.5798,-1.57923,0,-0.3491,0,1.5708,0.7854
1.5798,-1.57925,0,-0.3491,0,1.5708,0.7854
1.5798,-1.57926,0,-0.3491,0,1.5708,0.7854
1.5798,-1.57928,0,-0.3491,0,1.5708,0.7854
1.5798,-1.5793,0,-0.3491,0,1.5708,0.7854
1.5798,-1.57931,0,-0.3491,0,1.5708,0.7854
1.5798,-1.57933,0,-0.3491,0,1.5708,0.7854
1.5798,-1.57935,0,-0.3491,0,1.5708,0.7854
1.5798,-1.57936,0,-0.3491,0,1.5708,0.7854
1.5798,-1.57938,0,-0.3491,0,1.5708,0.7854
1.5798,-1.57939,0,-0.3491,0,1.5708,0.7854
1.5798,-1.57941,0,-0.3491,0,1.5708,0.7854
1.5798,-1.57942,0,-0.3491,0,1.5708,0.7854
1.5798,-1.57943,0,-0.3491,0,1.5708,0.7854
1.5798,-1.57945,0,-0.3491,0,1.5708,0.7854
1.5798,-1.57946,0,-0.3491,0,1.5708,0.7854
1.5798,-1.57947,0,-0.3491,0,1.5708,0.7854
1.5798,-1.57948,0,-0.3491,0,1.5708,0.7854
1.5798,-1.57949,0,-0.3491,0,1.5708,0.7854
1.5798,-1.57951,0,-0.3491,0,1.5708,0.7854
1.5798,-1.57952,0,-0.3491,0,1.5708,0.7854
1.5798,-1.57953,0,-0.3491,0,1.5708,0.7854
1.5798,-1.57954,0,-0.3491,0,1.5708,0.7854
1.5798,-1.57955,0,-0.3491,0,1.5708,0.7854
1.5798,-1.57956,0,-0.3491,0,1.5708,0.7854
1.5798,-1.57957,0,-0.3491,0,1.5708,0.7854
1.5798,-1.57958,0,-0.3491,0,1.5708,0.7854
1.5798,-1.57959,0,-0.3491,0,1.5708,0.7854
1.5798,-1.57959,0,-0.3491,0,1.5708,0.7854
1.5798,-1.5796,0,-0.3491,0,1.5708,0.7854
1.5798,-1.57961,0,-0.3491,0,1.5708,0.7854
1.5798,-1.57962,0,-0.3491,0,1.5708,0.7854
1.5798,-1.57963,0,-0.3491,0,1.5708,0.7854
1.5798,-1.57963,0,-0.3491,0,1.5708,0.7854
1.5798,-1.57964,0,-0.3491,0,1.5708,0.7854
1.5798,-1.57965,0,-0.3491,0,1.5708,0.7854
1.5798,-1.57966,0,-0.3491,0,1.5708,0.7854
1.5798,-1.57966,0,-0.3491,0,1.5708,0.7854
1.5798,-1.57967,0,-0.3491,0,1.5708,0.7854
1.5798,-1.57967,0,-0.3491,0,1.5708,0.7854
1.5798,-1.57968,0,-0.3491,0,1.5708,0.7854
1.5798,-1.57969,0,-0.3491,0,1.5708,0.7854
1.5798,-1.57969,0,-0.3491,0,1.5708,0.7854
1.5798,-1.5797,0,-0.3491,0,1.5708,0.7854
1.5798,-1.5797,0,-0.3491,0,1.5708,0.7854
1.5798,-1.57971,0,-0.3491,0,1.5708,0.7854
1.5798,-1.57971,0,-0.3491,0,1.5708,0.7854
1.5798,-1.57972,0,-0.3491,0,1.5708,0.7854
1.5798,-1.57972,0,-0.3491,0,1.5708,0.7854
1.5798,-1.57972,0,-0.3491,0,1.5708,0.7854
1.5798,-1.57973,0,-0.3491,0,1.5708,0.7854
1.5798,-1.57973,0,-0.3491,0,1.5708,0.7854
1.5798,-1.57974,0,-0.3491,0,1.5708,0.7854
1.5798,-1.57974,0,-0.3491,0,1.5708,0.7854
1.5798,-1.57974,0,-0.3491,0,1.5708,0.7854
1.5798,-1.57975,0,-0.3491,0,1.5708,0.7854
1.5798,-1.57975,0,-0.3491,0,1.5708,0.7854
1.5798,-1.57975,0,-0.3491,0,1.5708,0.7854
1.5798,-1.57975,0,-0.3491,0,1.5708,0.7854
1.5798,-1.57976,0,-0.3491,0,1.5708,0.7854
1.5798,-1.57976,0,-0.3491,0,1.5708,0.7854
1.5798,-1.57976,0,-0.3491,0,1.5708,0.7854
1.5798,-1.57976,0,-0.3491,0,1.5708,0.7854
1.5798,-1.57977,0,-0.3491,0,1.5708,0.7854
1.5798,-1.57977,0,-0.3491,0,1.5708,0.7854
1.5798,-1.57977,0,-0.3491,0,1.5708,0.7854
1.5798,-1.57977,0,-0.3491,0,1.5708,0.7854
1.5798,-1.57977,0,-0.3491,0,1.5708,0.7854
1.5798,-1.57978,0,-0.3491,0,1.5708,0.7854
1.5798,-1.57978,0,-0.3491,0,1.5708,0.7854
1.5798,-1.57978,0,-0.3491,0,1.5708,0.7854
1.5798,-1.57978,0,-0.3491,0,1.5708,0.7854
1.5798,-1.57978,0,-0.3491,0,1.5708,0.7854
1.5798,-1.57978,0,-0.3491,0,1.5708,0.7854
1.5798,-1.57979,0,-0.3491,0,1.5708,0.7854
1.5798,-1.57979,0,-0.3491,0,1.5708,0.7854
1.5798,-1.57979,0,-0.3491,0,1.5708,0.7854
1.5798,-1.57979,0,-0.3491,0,1.5708,0.7854
1.5798,-1.57979,0,-0.3491,0,1.5708,0.7854
1.5798,-1.57979,0,-0.3491,0,1.5708,0.7854
1.5798,-1.57979,0,-0.3491,0,1.5708,0.7854
1.5798,-1.57979,0,-0.3491,0,1.5708,0.7854
1.5798,-1.57979,0,-0.3491,0,1.5708,0.7854
1.5798,-1.57979,0,-0.3491,0,1.5708,0.7854
1.5798,-1.57979,0,-0.3491,0,1.5708,0.7854
1.5798,-1.57979,0,-0.3491,0,1.5708,0.7854
1.5798,-1.5798,0,-0.3491,0,1.5708,0.7854
1.5798,-1.5798,0,-0.3491,0,1.5708,0.7854
1.5798,-1.5798,0,-0.3491,0,1.5708,0.7854
1.5798,-1.5798,0,-0.3491,0,1.5708,0.7854
1.5798,-1.5798,0,-0.3491,0,1.5708,0.7854
1.5798,-1.5798,0,-0.3491,0,1.5708,0.7854
1.5798,-1.5798,0,-0.3491,0,1.5708,0.7854
1.5798,-1.5798,0,-0.3491,0,1.5708,0.7854
1.5798,-1.5798,0,-0.3491,0,1.5708,0.7854
1.5798,-1.5798,0,-0.3491,0,1.5708,0.7854
1.5798,-1.5798,0,-0.3491,0,1.5708,0.7854
1.5798,-1.5798,0,-0.3491,0,1.5708,0.7854
1.5798,-1.5798,0,-0.3491,0,1.5708,0.7854
1.5798,-1.5798,0,-0.3491,0,1.5708,0.7854
1.5798,-1.5798,0,-0.3491,0,1.5708,0.7854
1.5798,-1.5798,0,-0.3491,0,1.5708,0.7854
1.5798,-1.5798,0,-0.3491,0,1.5708,0.7854
1.5798,-1.5798,0,-0.3491,0,1.5708,0.7854
1.5798,-1.5798,0,-0.3491,0,1.5708,0.7854
1.5798,-1.5798,0,-0.3491,0,1.5708,0.7854
1.5798,-1.5798,0,-0.3491,0,1.5708,0.7854
1.5798,-1.5798,0,-0.3491,0,1.5708,0.7854
1.5798,-1.5798,0,-0.3491,0,1.5708,0.7854
1.5798,-1.5798,0,-0.3491,0,1.5708,0.7854
1.5798,-1.5798,0,-0.3491,0,1.5708,0.7854
1.5798,-1.5798,0,-0.3491,0,1.5708,0.7854
1.5798,-1.5798,0,-0.3491,0,1.5708,0.7854
1.5798,-1.5798,0,-0.3491,0,1.5708,0.7854
1.5798,-1.5798,0,-0.3491,0,1.5708,0.7854
1.5798,-1.5798,0,-0.3491,0,1.5708,0.7854
1.5798,-1.5798,0,-0.3491,0,1.5708,0.7854
1.5798,-1.5798,0,-0.3491,0,1.5708,0.7854
1.5798,-1.5798,0,-0.3491,0,1.5708,0.7854
1.5798,-1.5798,0,-0.3491,0,1.5708,0.7854
1.5798,-1.5798,0,-0.3491,0,1.5708,0.7854
1.5798,-1.5798,0,-0.3491,0,1.5708,0.7854
1.5798,-1.5798,0,-0.3491,0,1.5708,0.7854
1.5798,-1.5798,0,-0.3491,0,1.5708,0.7854
