1.5708,0.7854,1.5708,-1.5708,0,2.7925,0.7854
1.5708,0.7854,1.5708,-1.5708,0,2.7925,0.7854
1.5708,0.7854,1.5708,-1.5708,0,2.7925,0.7854
1.5708,0.7854,1.5708,-1.5708,0,2.7925,0.7854
1.5708,0.7854,1.5708,-1.5708,0,2.7925,0.7854
1.5708,0.7854,1.5708,-1.5708,0,2.7925,0.7854
1.5708,0.7854,1.5708,-1.5708,0,2.7925,0.7854
1.5708,0.7854,1.5708,-1.5708,0,2.7925,0.7854
1.5708,0.7854,1.5708,-1.5708,0,2.7925,0.7854
1.5708,0.7854,1.5708,-1.5708,0,2.7925,0.7854
1.5708,0.7854,1.5708,-1.5708,0,2.7925,0.7854
1.5708,0.7854,1.5708,-1.5708,0,2.7925,0.7854
1.5708,0.7854,1.5708,-1.5708,0,2.7925,0.7854
1.5708,0.7854,1.5708,-1.5708,0,2.7925,0.7854
1.5708,0.7854,1.5708,-1.5708,0,2.7925,0.7854
1.5708,0.7854,1.5708,-1.5708,0,2.7925,0.7854
1.5708,0.7854,1.5708,-1.5708,0,2.7925,0.7854
1.5708,0.7854,1.5708,-1.5708,0,2.7925,0.7854
1.5708,0.7854,1.5708,-1.5708,0,2.7925,0.7854
1.5708,0.7854,1.5708,-1.5708,0,2.7925,0.7854
1.5708,0.7854,1.5708,-1.5708,0,2.7925,0.7854
1.5708,0.7854,1.5708,-1.5708,0,2.7925,0.7854
1.5708,0.7854,1.5708,-1.5708,0,2.7925,0.7854
1.5708,0.7854,1.5708,-1.5708,0,2.7925,0.7854
1.5708,0.7854,1.5708,-1.5708,0,2.7925,0.7854
1.5708,0.7854,1.5708,-1.5708,0,2.7925,0.7854
1.5708,0.7854,1.5708,-1.5708,0,2.7925,0.7854
1.5708,0.7854,1.5708,-1.5708,0,2.7925,0.7854
1.5708,0.7854,1.5708,-1.5708,0,2.7925,0.7854
1.5708,0.7854,1.5708,-1.5708,0,2.7925,0.7854
1.5708,0.7854,1.5708,-1.5708,0,2.7925,0.7854
1.5708,0.7854,1.5708,-1.5708,0,2.7925,0.7854
1.5708,0.7854,1.5708,-1.5708,0,2.7925,0.7854
1.5708,0.7854,1.5708,-1.5708,0,2.7925,0.7854
1.5708,0.7854,1.5708,-1.5708,0,2.7925,0.7854
1.5708,0.7854,1.5708,-1.5708,0,2.7925,0.7854
1.5708,0.7854,1.5708,-1.57081,0,2.7925,0.7854
1.5708,0.7854,1.5708,-1.57081,0,2.7925,0.7854
1.5708,0.7854,1.5708,-1.57081,0,2.7925,0.7854
1.5708,0.7854,1.5708,-1.57081,0,2.7925,0.7854
1.5708,0.7854,1.5708,-1.57081,0,2.7925,0.7854
1.5708,0.7854,1.5708,-1.57081,0,2.7925,0.7854
1.5708,0.7854,1.5708,-1.57081,0,2.7925,0.7854
1.5708,0.7854,1.5708,-1.57081,0,2.7925,0.7854
1.5708,0.7854,1.5708,-1.57081,0,2.7925,0.7854
1.5708,0.7854,1.5708,-1.57081,0,2.7925,0.7854
1.5708,0.7854,1.5708,-1.57081,0,2.7925,0.7854
1.5708,0.7854,1.5708,-1.57082,0,2.7925,0.7854
1.5708,0.7854,1.5708,-1.57082,0,2.7925,0.7854
1.5708,0.7854,1.5708,-1.57082,0,2.7925,0.7854
1.5708,0.7854,1.5708,-1.57082,0,2.7925,0.7854
1.5708,0.7854,1.5708,-1.57082,0,2.7925,0.7854
1.5708,0.7854,1.5708,-1.57082,0,2.7925,0.7854
1.5708,0.7854,1.5708,-1.57083,0,2.7925,0.7854
1.5708,0.7854,1.5708,-1.57083,0,2.7925,0.7854
1.5708,0.7854,1.5708,-1.57083,0,2.7925,0.7854
1.5708,0.7854,1.5708,-1.57083,0,2.7925,0.7854
1.5708,0.7854,1.5708,-1.57083,0,2.7925,0.7854
1.5708,0.7854,1.5708,-1.57084,0,2.7925,0.7854
1.5708,0.7854,1.5708,-1.57084,0,2.7925,0.7854
1.5708,0.7854,1.5708,-1.57084,0,2.7925,0.7854
1.5708,0.7854,1.5708,-1.57084,0,2.7925,0.7854
1.5708,0.7854,1.5708,-1.57085,0,2.7925,0.7854
1.5708,0.7854,1.5708,-1.57085,0,2.7925,0.7854
1.5708,0.7854,1.5708,-1.57085,0,2.7925,0.7854
1.5708,0.7854,1.5708,-1.57086,0,2.7925,0.7854
1.5708,0.7854,1.5708,-1.57086,0,2.7925,0.7854
1.5708,0.7854,1.5708,-1.57087,0,2.7925,0.7854
1.5708,0.7854,1.5708,-1.57087,0,2.7925,0.7854
1.5708,0.7854,1.5708,-1.57087,0,2.7925,0.7854
1.5708,0.7854,1.5708,-1.57088,0,2.7925,0.7854
1.5708,0.7854,1.5708,-1.57088,0,2.7925,0.7854
1.5708,0.7854,1.5708,-1.57089,0,2.7925,0.7854
1.5708,0.7854,1.5708,-1.57089,0,2.7925,0.7854
1.5708,0.7854,1.5708,-1.5709,0,2.7925,0.7854
1.5708,0.7854,1.5708,-1.5709,0,2.7925,0.7854
1.5708,0.7854,1.5708,-1.57091,0,2.7925,0.7854
1.5708,0.7854,1.5708,-1.57091,0,2.7925,0.7854
1.5708,0.7854,1.5708,-1.57092,0,2.7925,0.7854
1.5708,0.7854,1.5708,-1.57093,0,2.7925,0.7854
1.5708,0.7854,1.5708,-1.57093,0,2.7925,0.7854
1.5708,0.7854,1.5708,-1.57094,0,2.7925,0.7854
1.5708,0.7854,1.5708,-1.57095,0,2.7925,0.7854
1.5708,0.7854,1.5708,-1.57095,0,2.7925,0.7854
1.5708,0.7854,1.5708,-1.57096,0,2.7925,0.7854
1.5708,0.7854,1.5708,-1.57097,0,2.7925,0.7854
1.5708,0.7854,1.5708,-1.57098,0,2.7925,0.7854
1.5708,0.7854,1.5708,-1.57098,0,2.7925,0.7854
1.5708,0.7854,1.5708,-1.57099,0,2.7925,0.7854
1.5708,0.7854,1.5708,-1.571,0,2.7925,0.7854
1.5708,0.7854,1.5708,-1.57101,0,2.7925,0.7854
1.5708,0.7854,1.5708,-1.57102,0,2.7925,0.7854
1.5708,0.7854,1.5708,-1.57103,0,2.7925,0.7854
1.5708,0.7854,1.5708,-1.57104,0,2.7925,0.7854
1.5708,0.7854,1.5708,-1.57105,0,2.7925,0.7854
1.5708,0.7854,1.5708,-1.57106,0,2.7925,0.7854
1.5708,0.7854,1.5708,-1.57107,0,2.7925,0.7854
1.5708,0.7854,1.5708,-1.57108,0,2.7925,0.7854
1.5708,0.7854,1.5708,-1.5711,0,2.7925,0.7854
1.5708,0.7854,1.5708,-1.57111,0,2.7925,0.7854
1.5708,0.7854,1.5708,-1.57112,0,2.7925,0.7854
1.5708,0.7854,1.5708,-1.57113,0,2.7925,0.7854
1.5708,0.7854,1.5708,-1.57115,0,2.7925,0.7854
1.5708,0.7854,1.5708,-1.57116,0,2.7925,0.7854
1.5708,0.7854,1.5708,-1.57118,0,2.7925,0.7854
1.5708,0.7854,1.5708,-1.57119,0,2.7925,0.7854
1.5708,0.7854,1.5708,-1.57121,0,2.7925,0.7854
1.5708,0.7854,1.5708,-1.57122,0,2.7925,0.7854
1.5708,0.7854,1.5708,-1.57124,0,2.7925,0.7854
1.5708,0.7854,1.5708,-1.57125,0,2.7925,0.7854
1.5708,0.7854,1.5708,-1.57127,0,2.7925,0.7854
1.5708,0.7854,1.5708,-1.57129,0,2.7925,0.7854
1.5708,0.7854,1.5708,-1.5713,0,2.7925,0.7854
1.5708,0.7854,1.5708,-1.57132,0,2.7925,0.7854
1.5708,0.7854,1.5708,-1.57134,0,2.7925,0.7854
1.5708,0.7854,1.5708,-1.57136,0,2.7925,0.7854
1.5708,0.7854,1.5708,-1.57138,0,2.7925,0.7854
1.5708,0.7854,1.5708,-1.5714,0,2.7925,0.7854
1.5708,0.7854,1.5708,-1.57142,0,2.7925,0.7854
1.5708,0.7854,1.5708,-1.57144,0,2.7925,0.7854
1.5708,0.7854,1.5708,-1.57146,0,2.7925,0.7854
1.5708,0.7854,1.5708,-1.57148,0,2.7925,0.7854
1.5708,0.7854,1.5708,-1.57151,0,2.7925,0.7854
1.5708,0.7854,1.5708,-1.57153,0,2.7925,0.7854
1.5708,0.7854,1.5708,-1.57155,0,2.7925,0.7854
1.5708,0.7854,1.5708,-1.57158,0,2.7925,0.7854
1.5708,0.7854,1.5708,-1.5716,0,2.7925,0.7854
1.5708,0.7854,1.5708,-1.57163,0,2.7925,0.7854
1.5708,0.7854,1.5708,-1.57166,0,2.7925,0.7854
1.5708,0.7854,1.5708,-1.57168,0,2.7925,0.7854
1.5708,0.7854,1.5708,-1.57171,0,2.7925,0.7854
1.5708,0.7854,1.5708,-1.57174,0,2.7925,0.7854
1.5708,0.7854,1.5708,-1.57177,0,2.7925,0.7854
1.5708,0.7854,1.5708,-1.5718,0,2.7925,0.7854
1.5708,0.7854,1.5708,-1.57183,0,2.7925,0.7854
1.5708,0.7854,1.5708,-1.57186,0,2.7925,0.7854
1.5708,0.7854,1.5708,-1.57189,0,2.7925,0.7854
1.5708,0.7854,1.5708,-1.57192,0,2.7925,0.7854
1.5708,0.7854,1.5708,-1.57195,0,2.7925,0.7854
1.5708,0.7854,1.5708,-1.57199,0,2.7925,0.7854
1.5708,0.7854,1.5708,-1.57202,0,2.7925,0.7854
1.5708,0.7854,1.5708,-1.57205,0,2.7925,0.7854
1.5708,0.7854,1.5708,-1.57209,0,2.7925,0.7854
1.5708,0.7854,1.5708,-1.57213,0,2.7925,0.7854
1.5708,0.7854,1.5708,-1.57216,0,2.7925,0.7854
1.5708,0.7854,1.5708,-1.5722,0,2.7925,0.7854
1.5708,0.7854,1.5708,-1.57224,0,2.7925,0.7854
1.5708,0.7854,1.5708,-1.57228,0,2.7925,0.7854
1.5708,0.7854,1.5708,-1.57232,0,2.7925,0.7854
1.5708,0.7854,1.5708,-1.57236,0,2.7925,0.7854
1.5708,0.7854,1.5708,-1.5724,0,2.7925,0.7854
1.5708,0.7854,1.5708,-1.57244,0,2.7925,0.7854
1.5708,0.7854,1.5708,-1.57249,0,2.7925,0.7854
1.5708,0.7854,1.5708,-1.57253,0,2.7925,0.7854
1.5708,0.7854,1.5708,-1.57258,0,2.7925,0.7854
1.5708,0.7854,1.5708,-1.57262,0,2.7925,0.7854
1.5708,0.7854,1.5708,-1.57267,0,2.7925,0.7854
1.5708,0.7854,1.5708,-1.57272,0,2.7925,0.7854
1.5708,0.7854,1.5708,-1.57277,0,2.7925,0.7854
1.5708,0.7854,1.5708,-1.57281,0,2.7925,0.7854
1.5708,0.7854,1.5708,-1.57287,0,2.7925,0.7854
1.5708,0.7854,1.5708,-1.57292,0,2.7925,0.7854
1.5708,0.7854,1.5708,-1.57297,0,2.7925,0.7854
1.5708,0.7854,1.5708,-1.57302,0,2.7925,0.7854
1.5708,0.7854,1.5708,-1.57308,0,2.7925,0.7854
1.5708,0.7854,1.5708,-1.57313,0,2.7925,0.7854
1.5708,0.7854,1.5708,-1.57319,0,2.7925,0.7854
1.5708,0.7854,1.5708,-1.57324,0,2.7925,0.7854
1.5708,0.7854,1.5708,-1.5733,0,2.7925,0.7854
1.5708,0.7854,1.5708,-1.57336,0,2.7925,0.7854
1.5708,0.7854,1.5708,-1.57342,0,2.7925,0.7854
1.5708,0.7854,1.5708,-1.57348,0,2.7925,0.7854
1.5708,0.7854,1.5708,-1.57354,0,2.7925,0.7854
1.5708,0.7854,1.5708,-1.57361,0,2.7925,0.7854
1.5708,0.7854,1.5708,-1.57367,0,2.7925,0.7854
1.5708,0.7854,1.5708,-1.57374,0,2.7925,0.7854
1.5708,0.7854,1.5708,-1.5738,0,2.7925,0.7854
1.5708,0.7854,1.5708,-1.57387,0,2.7925,0.7854
1.5708,0.7854,1.5708,-1.57394,0,2.7925,0.7854
1.5708,0.7854,1.5708,-1.57401,0,2.7925,0.7854
1.5708,0.7854,1.5708,-1.57408,0,2.7925,0.7854
1.5708,0.7854,1.5708,-1.57415,0,2.7925,0.7854
1.5708,0.7854,1.5708,-1.57422,0,2.7925,0.7854
1.5708,0.7854,1.5708,-1.5743,0,2.7925,0.7854
1.5708,0.7854,1.5708,-1.57437,0,2.7925,0.7854
1.5708,0.7854,1.5708,-1.57445,0,2.7925,0.7854
1.5708,0.7854,1.5708,-1.57453,0,2.7925,0.7854
1.5708,0.7854,1.5708,-1.57461,0,2.7925,0.7854
1.5708,0.7854,1.5708,-1.57469,0,2.7925,0.7854
1.5708,0.7854,1.5708,-1.57477,0,2.7925,0.7854
1.5708,0.7854,1.5708,-1.57485,0,2.7925,0.7854
1.5708,0.7854,1.5708,-1.57494,0,2.7925,0.7854
1.5708,0.7854,1.5708,-1.57502,0,2.7925,0.7854
1.5708,0.7854,1.5708,-1.57511,0,2.7925,0.7854
1.5708,0.7854,1.5708,-1.5752,0,2.7925,0.7854
1.5708,0.7854,1.5708,-1.57529,0,2.7925,0.7854
1.5708,0.7854,1.5708,-1.57538,0,2.7925,0.7854
1.5708,0.7854,1.5708,-1.57547,0,2.7925,0.7854
1.5708,0.7854,1.5708,-1.57556,0,2.7925,0.7854
1.5708,0.7854,1.5708,-1.57566,0,2.7925,0.7854
1.5708,0.7854,1.5708,-1.57575,0,2.7925,0.7854
1.5708,0.7854,1.5708,-1.57585,0,2.7925,0.7854
1.5708,0.7854,1.5708,-1.57595,0,2.7925,0.7854
1.5708,0.7854,1.5708,-1.57605,0,2.7925,0.7854
1.5708,0.7854,1.5708,-1.57615,0,2.7925,0.7854
1.5708,0.7854,1.5708,-1.57625,0,2.7925,0.7854
1.5708,0.7854,1.5708,-1.57636,0,2.7925,0.7854
1.5708,0.7854,1.5708,-1.57646,0,2.7925,0.7854
1.5708,0.7854,1.5708,-1.57657,0,2.7925,0.7854
1.5708,0.7854,1.5708,-1.57668,0,2.7925,0.7854
1.5708,0.7854,1.5708,-1.57679,0,2.7925,0.7854
1.5708,0.7854,1.5708,-1.5769,0,2.7925,0.7854
1.5708,0.7854,1.5708,-1.57701,0,2.7925,0.7854
1.5708,0.7854,1.5708,-1.57713,0,2.7925,0.7854
1.5708,0.7854,1.5708,-1.57724,0,2.7925,0.7854
1.5708,0.7854,1.5708,-1.57736,0,2.7925,0.7854
1.5708,0.7854,1.5708,-1.57748,0,2.7925,0.7854
1.5708,0.7854,1.5708,-1.5776,0,2.7925,0.7854
1.5708,0.7854,1.5708,-1.57772,0,2.7925,0.7854
1.5708,0.7854,1.5708,-1.57785,0,2.7925,0.7854
1.5708,0.7854,1.5708,-1.57797,0,2.7925,0.7854
1.5708,0.7854,1.5708,-1.5781,0,2.7925,0.7854
1.5708,0.7854,1.5708,-1.57823,0,2.7925,0.7854
1.5708,0.7854,1.5708,-1.57836,0,2.7925,0.7854
1.5708,0.7854,1.5708,-1.57849,0,2.7925,0.7854
1.5708,0.7854,1.5708,-1.57863,0,2.7925,0.7854
1.5708,0.7854,1.5708,-1.57876,0,2.7925,0.7854
1.5708,0.7854,1.5708,-1.5789,0,2.7925,0.7854
1.5708,0.7854,1.5708,-1.57904,0,2.7925,0.7854
1.5708,0.7854,1.5708,-1.57918,0,2.7925,0.7854
1.5708,0.7854,1.5708,-1.57932,0,2.7925,0.7854
1.5708,0.7854,1.5708,-1.57946,0,2.7925,0.7854
1.5708,0.7854,1.5708,-1.57961,0,2.7925,0.7854
1.5708,0.7854,1.5708,-1.57976,0,2.7925,0.7854
1.5708,0.7854,1.5708,-1.57991,0,2.7925,0.7854
1.5708,0.7854,1.5708,-1.58006,0,2.7925,0.7854
1.5708,0.7854,1.5708,-1.58021,0,2.7925,0.7854
1.5708,0.7854,1.5708,-1.58037,0,2.7925,0.7854
1.5708,0.7854,1.5708,-1.58052,0,2.7925,0.7854
1.5708,0.7854,1.5708,-1.58068,0,2.7925,0.7854
1.5708,0.7854,1.5708,-1.58084,0,2.7925,0.7854
1.5708,0.7854,1.5708,-1.581,0,2.7925,0.7854
1.5708,0.7854,1.5708,-1.58117,0,2.7925,0.7854
1.5708,0.7854,1.5708,-1.58133,0,2.7925,0.7854
1.5708,0.7854,1.5708,-1.5815,0,2.7925,0.7854
1.5708,0.7854,1.5708,-1.58167,0,2.7925,0.7854
1.5708,0.7854,1.5708,-1.58184,0,2.7925,0.7854
1.5708,0.7854,1.5708,-1.58202,0,2.7925,0.7854
1.5708,0.7854,1.5708,-1.58219,0,2.7925,0.7854
1.5708,0.7854,1.5708,-1.58237,0,2.7925,0.7854
1.5708,0.7854,1.5708,-1.58255,0,2.7925,0.7854
1.5708,0.7854,1.5708,-1.58273,0,2.7925,0.7854
1.5708,0.7854,1.5708,-1.58292,0,2.7925,0.7854
1.5708,0.7854,1.5708,-1.5831,0,2.7925,0.7854
1.5708,0.7854,1.5708,-1.58329,0,2.7925,0.7854
1.5708,0.7854,1.5708,-1.58348,0,2.7925,0.7854
1.5708,0.7854,1.5708,-1.58367,0,2.7925,0.7854
1.5708,0.7854,1.5708,-1.58386,0,2.7925,0.7854
1.5708,0.7854,1.5708,-1.58406,0,2.7925,0.7854
1.5708,0.7854,1.5708,-1.58426,0,2.7925,0.7854
1.5708,0.7854,1.5708,-1.58446,0,2.7925,0.7854
1.5708,0.7854,1.5708,-1.58466,0,2.7925,0.7854
1.5708,0.7854,1.5708,-1.58487,0,2.7925,0.7854
1.5708,0.7854,1.5708,-1.58507,0,2.7925,0.7854
1.5708,0.7854,1.5708,-1.58528,0,2.7925,0.7854
1.5708,0.7854,1.5708,-1.58549,0,2.7925,0.7854
1.5708,0.7854,1.5708,-1.5857,0,2.7925,0.7854
1.5708,0.7854,1.5708,-1.58592,0,2.7925,0.7854
1.5708,0.7854,1.5708,-1.58614,0,2.7925,0.7854
1.5708,0.7854,1.5708,-1.58636,0,2.7925,0.7854
1.5708,0.7854,1.5708,-1.58658,0,2.7925,0.7854
1.5708,0.7854,1.5708,-1.5868,0,2.7925,0.7854
1.5708,0.7854,1.5708,-1.58703,0,2.7925,0.7854
1.5708,0.7854,1.5708,-1.58726,0,2.7925,0.7854
1.5708,0.7854,1.5708,-1.58749,0,2.7925,0.7854
1.5708,0.7854,1.5708,-1.58772,0,2.7925,0.7854
1.5708,0.7854,1.5708,-1.58796,0,2.7925,0.7854
1.5708,0.7854,1.5708,-1.5882,0,2.7925,0.7854
1.5708,0.7854,1.5708,-1.58844,0,2.7925,0.7854
1.5708,0.7854,1.5708,-1.58868,0,2.7925,0.7854
1.5708,0.7854,1.5708,-1.58892,0,2.7925,0.7854
1.5708,0.7854,1.5708,-1.58917,0,2.7925,0.7854
1.5708,0.7854,1.5708,-1.58942,0,2.7925,0.7854
1.5708,0.7854,1.5708,-1.58967,0,2.7925,0.7854
1.5708,0.7854,1.5708,-1.58993,0,2.7925,0.7854
1.5708,0.7854,1.5708,-1.59018,0,2.7925,0.7854
1.5708,0.7854,1.5708,-1.59044,0,2.7925,0.7854
1.5708,0.7854,1.5708,-1.59071,0,2.7925,0.7854
1.5708,0.7854,1.5708,-1.59097,0,2.7925,0.7854
1.5708,0.7854,1.5708,-1.59124,0,2.7925,0.7854
1.5708,0.7854,1.5708,-1.59151,0,2.7925,0.7854
1.5708,0.7854,1.5708,-1.59178,0,2.7925,0.7854
1.5708,0.7854,1.5708,-1.59205,0,2.7925,0.7854
1.5708,0.7854,1.5708,-1.59233,0,2.7925,0.7854
1.5708,0.7854,1.5708,-1.59261,0,2.7925,0.7854
1.5708,0.7854,1.5708,-1.59289,0,2.7925,0.7854
1.5708,0.7854,1.5708,-1.59317,0,2.7925,0.7854
1.5708,0.7854,1.5708,-1.59346,0,2.7925,0.7854
1.5708,0.7854,1.5708,-1.59375,0,2.7925,0.7854
1.5708,0.7854,1.5708,-1.59404,0,2.7925,0.7854
1.5708,0.7854,1.5708,-1.59434,0,2.7925,0.7854
1.5708,0.7854,1.5708,-1.59464,0,2.7925,0.7854
1.5708,0.7854,1.5708,-1.59494,0,2.7925,0.7854
1.5708,0.7854,1.5708,-1.59524,0,2.7925,0.7854
1.5708,0.7854,1.5708,-1.59554,0,2.7925,0.7854
1.5708,0.7854,1.5708,-1.59585,0,2.7925,0.7854
1.5708,0.7854,1.5708,-1.59616,0,2.7925,0.7854
1.5708,0.7854,1.5708,-1.59648,0,2.7925,0.7854
1.5708,0.7854,1.5708,-1.59679,0,2.7925,0.7854
1.5708,0.7854,1.5708,-1.59711,0,2.7925,0.7854
1.5708,0.7854,1.5708,-1.59743,0,2.7925,0.7854
1.5708,0.7854,1.5708,-1.59776,0,2.7925,0.7854
1.5708,0.7854,1.5708,-1.59808,0,2.7925,0.7854
1.5708,0.7854,1.5708,-1.59841,0,2.7925,0.7854
1.5708,0.7854,1.5708,-1.59875,0,2.7925,0.7854
1.5708,0.7854,1.5708,-1.59908,0,2.7925,0.7854
1.5708,0.7854,1.5708,-1.59942,0,2.7925,0.7854
1.5708,0.7854,1.5708,-1.59976,0,2.7925,0.7854
1.5708,0.7854,1.5708,-1.6001,0,2.7925,0.7854
1.5708,0.7854,1.5708,-1.60045,0,2.7925,0.7854
1.5708,0.7854,1.5708,-1.6008,0,2.7925,0.7854
1.5708,0.7854,1.5708,-1.60115,0,2.7925,0.7854
1.5708,0.7854,1.5708,-1.60151,0,2.7925,0.7854
1.5708,0.7854,1.5708,-1.60186,0,2.7925,0.7854
1.5708,0.7854,1.5708,-1.60223,0,2.7925,0.7854
1.5708,0.7854,1.5708,-1.60259,0,2.7925,0.7854
1.5708,0.7854,1.5708,-1.60296,0,2.7925,0.7854
1.5708,0.7854,1.5708,-1.60333,0,2.7925,0.7854
1.5708,0.7854,1.5708,-1.6037,0,2.7925,0.7854
1.5708,0.7854,1.5708,-1.60407,0,2.7925,0.7854
1.5708,0.7854,1.5708,-1.60445,0,2.7925,0.7854
1.5708,0.7854,1.5708,-1.60483,0,2.7925,0.7854
1.5708,0.7854,1.5708,-1.60522,0,2.7925,0.7854
1.5708,0.7854,1.5708,-1.60561,0,2.7925,0.7854
1.5708,0.7854,1.5708,-1.606,0,2.7925,0.7854
1.5708,0.7854,1.5708,-1.60639,0,2.7925,0.7854
1.5708,0.7854,1.5708,-1.60679,0,2.7925,0.7854
1.5708,0.7854,1.5708,-1.60719,0,2.7925,0.7854
1.5708,0.7854,1.5708,-1.60759,0,2.7925,0.7854
1.5708,0.7854,1.5708,-1.60799,0,2.7925,0.7854
1.5708,0.7854,1.5708,-1.6084,0,2.7925,0.7854
1.5708,0.7854,1.5708,-1.60881,0,2.7925,0.7854
1.5708,0.7854,1.5708,-1.60923,0,2.7925,0.7854
1.5708,0.7854,1.5708,-1.60965,0,2.7925,0.7854
1.5708,0.7854,1.5708,-1.61007,0,2.7925,0.7854
1.5708,0.7854,1.5708,-1.61049,0,2.7925,0.7854
1.5708,0.7854,1.5708,-1.61092,0,2.7925,0.7854
1.5708,0.7854,1.5708,-1.61135,0,2.7925,0.7854
1.5708,0.7854,1.5708,-1.61178,0,2.7925,0.7854
1.5708,0.7854,1.5708,-1.61222,0,2.7925,0.7854
1.5708,0.7854,1.5708,-1.61266,0,2.7925,0.7854
1.5708,0.7854,1.5708,-1.6131,0,2.7925,0.7854
1.5708,0.7854,1.5708,-1.61355,0,2.7925,0.7854
1.5708,0.7854,1.5708,-1.614,0,2.7925,0.7854
1.5708,0.7854,1.5708,-1.61445,0,2.7925,0.7854
1.5708,0.7854,1.5708,-1.61491,0,2.7925,0.7854
1.5708,0.7854,1.5708,-1.61537,0,2.7925,0.7854
1.5708,0.7854,1.5708,-1.61583,0,2.7925,0.7854
1.5708,0.7854,1.5708,-1.61629,0,2.7925,0.7854
1.5708,0.7854,1.5708,-1.61676,0,2.7925,0.7854
1.5708,0.7854,1.5708,-1.61724,0,2.7925,0.7854
1.5708,0.7854,1.5708,-1.61771,0,2.7925,0.7854
1.5708,0.7854,1.5708,-1.61819,0,2.7925,0.7854
1.5708,0.7854,1.5708,-1.61867,0,2.7925,0.7854
1.5708,0.7854,1.5708,-1.61916,0,2.7925,0.7854
1.5708,0.7854,1.5708,-1.61965,0,2.7925,0.7854
1.5708,0.7854,1.5708,-1.62014,0,2.7925,0.7854
1.5708,0.7854,1.5708,-1.62063,0,2.7925,0.7854
1.5708,0.7854,1.5708,-1.62113,0,2.7925,0.7854
1.5708,0.7854,1.5708,-1.62163,0,2.7925,0.7854
1.5708,0.7854,1.5708,-1.62214,0,2.7925,0.7854
1.5708,0.7854,1.5708,-1.62265,0,2.7925,0.7854
1.5708,0.7854,1.5708,-1.62316,0,2.7925,0.7854
1.5708,0.7854,1.5708,-1.62368,0,2.7925,0.7854
1.5708,0.7854,1.5708,-1.6242,0,2.7925,0.7854
1.5708,0.7854,1.5708,-1.62472,0,2.7925,0.7854
1.5708,0.7854,1.5708,-1.62524,0,2.7925,0.7854
1.5708,0.7854,1.5708,-1.62577,0,2.7925,0.7854
1.5708,0.7854,1.5708,-1.62631,0,2.7925,0.7854
1.5708,0.7854,1.5708,-1.62684,0,2.7925,0.7854
1.5708,0.7854,1.5708,-1.62738,0,2.7925,0.7854
1.5708,0.7854,1.5708,-1.62793,0,2.7925,0.7854
1.5708,0.7854,1.5708,-1.62847,0,2.7925,0.7854
1.5708,0.7854,1.5708,-1.62902,0,2.7925,0.7854
1.5708,0.7854,1.5708,-1.62958,0,2.7925,0.7854
1.5708,0.7854,1.5708,-1.63013,0,2.7925,0.7854
1.5708,0.7854,1.5708,-1.63069,0,2.7925,0.7854
1.5708,0.7854,1.5708,-1.63126,0,2.7925,0.7854
1.5708,0.7854,1.5708,-1.63183,0,2.7925,0.7854
1.5708,0.7854,1.5708,-1.6324,0,2.7925,0.7854
1.5708,0.7854,1.5708,-1.63297,0,2.7925,0.7854
1.5708,0.7854,1.5708,-1.63355,0,2.7925,0.7854
1.5708,0.7854,1.5708,-1.63413,0,2.7925,0.7854
1.5708,0.7854,1.5708,-1.63472,0,2.7925,0.7854
1.5708,0.7854,1.5708,-1.63531,0,2.7925,0.7854
1.5708,0.7854,1.5708,-1.6359,0,2.7925,0.7854
1.5708,0.7854,1.5708,-1.63649,0,2.7925,0.7854
1.5708,0.7854,1.5708,-1.63709,0,2.7925,0.7854
1.5708,0.7854,1.5708,-1.6377,0,2.7925,0.7854
1.5708,0.7854,1.5708,-1.63831,0,2.7925,0.7854
1.5708,0.7854,1.5708,-1.63892,0,2.7925,0.7854
1.5708,0.7854,1.5708,-1.63953,0,2.7925,0.7854
1.5708,0.7854,1.5708,-1.64015,0,2.7925,0.7854
1.5708,0.7854,1.5708,-1.64077,0,2.7925,0.7854
1.5708,0.7854,1.5708,-1.64139,0,2.7925,0.7854
1.5708,0.7854,1.5708,-1.64202,0,2.7925,0.7854
1.5708,0.7854,1.5708,-1.64266,0,2.7925,0.7854
1.5708,0.7854,1.5708,-1.64329,0,2.7925,0.7854
1.5708,0.7854,1.5708,-1.64393,0,2.7925,0.7854
1.5708,0.7854,1.5708,-1.64458,0,2.7925,0.7854
1.5708,0.7854,1.5708,-1.64522,0,2.7925,0.7854
1.5708,0.7854,1.5708,-1.64587,0,2.7925,0.7854
1.5708,0.7854,1.5708,-1.64653,0,2.7925,0.7854
1.5708,0.7854,1.5708,-1.64719,0,2.7925,0.7854
1.5708,0.7854,1.5708,-1.64785,0,2.7925,0.7854
1.5708,0.7854,1.5708,-1.64852,0,2.7925,0.7854
1.5708,0.7854,1.5708,-1.64919,0,2.7925,0.7854
1.5708,0.7854,1.5708,-1.64986,0,2.7925,0.7854
1.5708,0.7854,1.5708,-1.65054,0,2.7925,0.7854
1.5708,0.7854,1.5708,-1.65122,0,2.7925,0.7854
1.5708,0.7854,1.5708,-1.6519,0,2.7925,0.7854
1.5708,0.7854,1.5708,-1.65259,0,2.7925,0.7854
1.5708,0.7854,1.5708,-1.65328,0,2.7925,0.7854
1.5708,0.7854,1.5708,-1.65398,0,2.7925,0.7854
1.5708,0.7854,1.5708,-1.65468,0,2.7925,0.7854
1.5708,0.7854,1.5708,-1.65538,0,2.7925,0.7854
1.5708,0.7854,1.5708,-1.65609,0,2.7925,0.7854
1.5708,0.7854,1.5708,-1.6568,0,2.7925,0.7854
1.5708,0.7854,1.5708,-1.65752,0,2.7925,0.7854
1.5708,0.7854,1.5708,-1.65823,0,2.7925,0.7854
1.5708,0.7854,1.5708,-1.65896,0,2.7925,0.7854
1.5708,0.7854,1.5708,-1.65968,0,2.7925,0.7854
1.5708,0.7854,1.5708,-1.66041,0,2.7925,0.7854
1.5708,0.7854,1.5708,-1.66115,0,2.7925,0.7854
1.5708,0.7854,1.5708,-1.66188,0,2.7925,0.7854
1.5708,0.7854,1.5708,-1.66263,0,2.7925,0.7854
1.5708,0.7854,1.5708,-1.66337,0,2.7925,0.7854
1.5708,0.7854,1.5708,-1.66412,0,2.7925,0.7854
1.5708,0.7854,1.5708,-1.66488,0,2.7925,0.7854
1.5708,0.7854,1.5708,-1.66563,0,2.7925,0.7854
1.5708,0.7854,1.5708,-1.66639,0,2.7925,0.7854
1.5708,0.7854,1.5708,-1.66716,0,2.7925,0.7854
1.5708,0.7854,1.5708,-1.66793,0,2.7925,0.7854
1.5708,0.7854,1.5708,-1.6687,0,2.7925,0.7854
1.5708,0.7854,1.5708,-1.66948,0,2.7925,0.7854
1.5708,0.7854,1.5708,-1.67026,0,2.7925,0.7854
1.5708,0.7854,1.5708,-1.67104,0,2.7925,0.7854
1.5708,0.7854,1.5708,-1.67183,0,2.7925,0.7854
1.5708,0.7854,1.5708,-1.67262,0,2.7925,0.7854
1.5708,0.7854,1.5708,-1.67342,0,2.7925,0.7854
1.5708,0.7854,1.5708,-1.67422,0,2.7925,0.7854
1.5708,0.7854,1.5708,-1.67502,0,2.7925,0.7854
1.5708,0.7854,1.5708,-1.67583,0,2.7925,0.7854
1.5708,0.7854,1.5708,-1.67664,0,2.7925,0.7854
1.5708,0.7854,1.5708,-1.67746,0,2.7925,0.7854
1.5708,0.7854,1.5708,-1.67828,0,2.7925,0.7854
1.5708,0.7854,1.5708,-1.6791,0,2.7925,0.7854
1.5708,0.7854,1.5708,-1.67993,0,2.7925,0.7854
1.5708,0.7854,1.5708,-1.68076,0,2.7925,0.7854
1.5708,0.7854,1.5708,-1.68159,0,2.7925,0.7854
1.5708,0.7854,1.5708,-1.68243,0,2.7925,0.7854
1.5708,0.7854,1.5708,-1.68328,0,2.7925,0.7854
1.5708,0.7854,1.5708,-1.68412,0,2.7925,0.7854
1.5708,0.7854,1.5708,-1.68497,0,2.7925,0.7854
1.5708,0.7854,1.5708,-1.68583,0,2.7925,0.7854
1.5708,0.7854,1.5708,-1.68669,0,2.7925,0.7854
1.5708,0.7854,1.5708,-1.68755,0,2.7925,0.7854
1.5708,0.7854,1.5708,-1.68842,0,2.7925,0.7854
1.5708,0.7854,1.5708,-1.68929,0,2.7925,0.7854
1.5708,0.7854,1.5708,-1.69016,0,2.7925,0.7854
1.5708,0.7854,1.5708,-1.69104,0,2.7925,0.7854
1.5708,0.7854,1.5708,-1.69193,0,2.7925,0.7854
1.5708,0.7854,1.5708,-1.69281,0,2.7925,0.7854
1.5708,0.7854,1.5708,-1.6937,0,2.7925,0.7854
1.5708,0.7854,1.5708,-1.6946,0,2.7925,0.7854
1.5708,0.7854,1.5708,-1.6955,0,2.7925,0.7854
1.5708,0.7854,1.5708,-1.6964,0,2.7925,0.7854
1.5708,0.7854,1.5708,-1.69731,0,2.7925,0.7854
1.5708,0.7854,1.5708,-1.69822,0,2.7925,0.7854
1.5708,0.7854,1.5708,-1.69913,0,2.7925,0.7854
1.5708,0.7854,1.5708,-1.70005,0,2.7925,0.7854
1.5708,0.7854,1.5708,-1.70097,0,2.7925,0.7854
1.5708,0.7854,1.5708,-1.7019,0,2.7925,0.7854
1.5708,0.7854,1.5708,-1.70283,0,2.7925,0.7854
1.5708,0.7854,1.5708,-1.70376,0,2.7925,0.7854
1.5708,0.7854,1.5708,-1.7047,0,2.7925,0.7854
1.5708,0.7854,1.5708,-1.70564,0,2.7925,0.7854
1.5708,0.7854,1.5708,-1.70659,0,2.7925,0.7854
1.5708,0.7854,1.5708,-1.70754,0,2.7925,0.7854
1.5708,0.7854,1.5708,-1.7085,0,2.7925,0.7854
1.5708,0.7854,1.5708,-1.70945,0,2.7925,0.7854
1.5708,0.7854,1.5708,-1.71042,0,2.7925,0.7854
1.5708,0.7854,1.5708,-1.71138,0,2.7925,0.7854
1.5708,0.7854,1.5708,-1.71235,0,2.7925,0.7854
1.5708,0.7854,1.5708,-1.71333,0,2.7925,0.7854
1.5708,0.7854,1.5708,-1.71431,0,2.7925,0.7854
1.5708,0.7854,1.5708,-1.71529,0,2.7925,0.7854
1.5708,0.7854,1.5708,-1.71628,0,2.7925,0.7854
1.5708,0.7854,1.5708,-1.71727,0,2.7925,0.7854
1.5708,0.7854,1.5708,-1.71826,0,2.7925,0.7854
1.5708,0.7854,1.5708,-1.71926,0,2.7925,0.7854
1.5708,0.7854,1.5708,-1.72026,0,2.7925,0.7854
1.5708,0.7854,1.5708,-1.72127,0,2.7925,0.7854
1.5708,0.7854,1.5708,-1.72228,0,2.7925,0.7854
1.5708,0.7854,1.5708,-1.72329,0,2.7925,0.7854
1.5708,0.7854,1.5708,-1.72431,0,2.7925,0.7854
1.5708,0.7854,1.5708,-1.72533,0,2.7925,0.7854
1.5708,0.7854,1.5708,-1.72636,0,2.7925,0.7854
1.5708,0.7854,1.5708,-1.72739,0,2.7925,0.7854
1.5708,0.7854,1.5708,-1.72842,0,2.7925,0.7854
1.5708,0.7854,1.5708,-1.72946,0,2.7925,0.7854
1.5708,0.7854,1.5708,-1.7305,0,2.7925,0.7854
1.5708,0.7854,1.5708,-1.73155,0,2.7925,0.7854
1.5708,0.7854,1.5708,-1.7326,0,2.7925,0.7854
1.5708,0.7854,1.5708,-1.73365,0,2.7925,0.7854
1.5708,0.7854,1.5708,-1.73471,0,2.7925,0.7854
1.5708,0.7854,1.5708,-1.73578,0,2.7925,0.7854
1.5708,0.7854,1.5708,-1.73684,0,2.7925,0.7854
1.5708,0.7854,1.5708,-1.73791,0,2.7925,0.7854
1.5708,0.7854,1.5708,-1.73899,0,2.7925,0.7854
1.5708,0.7854,1.5708,-1.74006,0,2.7925,0.7854
1.5708,0.7854,1.5708,-1.74114,0,2.7925,0.7854
1.5708,0.7854,1.5708,-1.74223,0,2.7925,0.7854
1.5708,0.7854,1.5708,-1.74332,0,2.7925,0.7854
1.5708,0.7854,1.5708,-1.74441,0,2.7925,0.7854
1.5708,0.7854,1.5708,-1.74551,0,2.7925,0.7854
1.5708,0.7854,1.5708,-1.74661,0,2.7925,0.7854
1.5708,0.7854,1.5708,-1.74772,0,2.7925,0.7854
1.5708,0.7854,1.5708,-1.74883,0,2.7925,0.7854
1.5708,0.7854,1.5708,-1.74994,0,2.7925,0.7854
1.5708,0.7854,1.5708,-1.75106,0,2.7925,0.7854
1.5708,0.7854,1.5708,-1.75218,0,2.7925,0.7854
1.5708,0.7854,1.5708,-1.75331,0,2.7925,0.7854
1.5708,0.7854,1.5708,-1.75444,0,2.7925,0.7854
1.5708,0.7854,1.5708,-1.75557,0,2.7925,0.7854
1.5708,0.7854,1.5708,-1.75671,0,2.7925,0.7854
1.5708,0.7854,1.5708,-1.75785,0,2.7925,0.7854
1.5708,0.7854,1.5708,-1.75899,0,2.7925,0.7854
1.5708,0.7854,1.5708,-1.76014,0,2.7925,0.7854
1.5708,0.7854,1.5708,-1.76129,0,2.7925,0.7854
1.5708,0.7854,1.5708,-1.76245,0,2.7925,0.7854
1.5708,0.7854,1.5708,-1.76361,0,2.7925,0.7854
1.5708,0.7854,1.5708,-1.76477,0,2.7925,0.7854
1.5708,0.7854,1.5708,-1.76594,0,2.7925,0.7854
1.5708,0.7854,1.5708,-1.76711,0,2.7925,0.7854
1.5708,0.7854,1.5708,-1.76829,0,2.7925,0.7854
1.5708,0.7854,1.5708,-1.76947,0,2.7925,0.7854
1.5708,0.7854,1.5708,-1.77065,0,2.7925,0.7854
1.5708,0.7854,1.5708,-1.77184,0,2.7925,0.7854
1.5708,0.7854,1.5708,-1.77303,0,2.7925,0.7854
1.5708,0.7854,1.5708,-1.77423,0,2.7925,0.7854
1.5708,0.7854,1.5708,-1.77543,0,2.7925,0.7854
1.5708,0.7854,1.5708,-1.77663,0,2.7925,0.7854
1.5708,0.7854,1.5708,-1.77784,0,2.7925,0.7854
1.5708,0.7854,1.5708,-1.77905,0,2.7925,0.7854
1.5708,0.7854,1.5708,-1.78026,0,2.7925,0.7854
1.5708,0.7854,1.5708,-1.78148,0,2.7925,0.7854
1.5708,0.7854,1.5708,-1.7827,0,2.7925,0.7854
1.5708,0.7854,1.5708,-1.78393,0,2.7925,0.7854
1.5708,0.7854,1.5708,-1.78516,0,2.7925,0.7854
1.5708,0.7854,1.5708,-1.78639,0,2.7925,0.7854
1.5708,0.7854,1.5708,-1.78763,0,2.7925,0.7854
1.5708,0.7854,1.5708,-1.78887,0,2.7925,0.7854
1.5708,0.7854,1.5708,-1.79011,0,2.7925,0.7854
1.5708,0.7854,1.5708,-1.79136,0,2.7925,0.7854
1.5708,0.7854,1.5708,-1.79261,0,2.7925,0.7854
1.5708,0.7854,1.5708,-1.79387,0,2.7925,0.7854
1.5708,0.7854,1.5708,-1.79513,0,2.7925,0.7854
1.5708,0.7854,1.5708,-1.79639,0,2.7925,0.7854
1.5708,0.7854,1.5708,-1.79766,0,2.7925,0.7854
1.5708,0.7854,1.5708,-1.79893,0,2.7925,0.7854
1.5708,0.7854,1.5708,-1.8002,0,2.7925,0.7854
1.5708,0.7854,1.5708,-1.80148,0,2.7925,0.7854
1.5708,0.7854,1.5708,-1.80276,0,2.7925,0.7854
1.5708,0.7854,1.5708,-1.80405,0,2.7925,0.7854
1.5708,0.7854,1.5708,-1.80534,0,2.7925,0.7854
1.5708,0.7854,1.5708,-1.80663,0,2.7925,0.7854
1.5708,0.7854,1.5708,-1.80793,0,2.7925,0.7854
1.5708,0.7854,1.5708,-1.80923,0,2.7925,0.7854
1.5708,0.7854,1.5708,-1.81053,0,2.7925,0.7854
1.5708,0.7854,1.5708,-1.81184,0,2.7925,0.7854
1.5708,0.7854,1.5708,-1.81315,0,2.7925,0.7854
1.5708,0.7854,1.5708,-1.81447,0,2.7925,0.7854
1.5708,0.7854,1.5708,-1.81578,0,2.7925,0.7854
1.5708,0.7854,1.5708,-1.81711,0,2.7925,0.7854
1.5708,0.7854,1.5708,-1.81843,0,2.7925,0.7854
1.5708,0.7854,1.5708,-1.81976,0,2.7925,0.7854
1.5708,0.7854,1.5708,-1.82109,0,2.7925,0.7854
1.5708,0.7854,1.5708,-1.82243,0,2.7925,0.7854
1.5708,0.7854,1.5708,-1.82377,0,2.7925,0.7854
1.5708,0.7854,1.5708,-1.82511,0,2.7925,0.7854
1.5708,0.7854,1.5708,-1.82646,0,2.7925,0.7854
1.5708,0.7854,1.5708,-1.82781,0,2.7925,0.7854
1.5708,0.7854,1.5708,-1.82917,0,2.7925,0.7854
1.5708,0.7854,1.5708,-1.83052,0,2.7925,0.7854
1.5708,0.7854,1.5708,-1.83189,0,2.7925,0.7854
1.5708,0.7854,1.5708,-1.83325,0,2.7925,0.7854
1.5708,0.7854,1.5708,-1.83462,0,2.7925,0.7854
1.5708,0.7854,1.5708,-1.83599,0,2.7925,0.7854
1.5708,0.7854,1.5708,-1.83737,0,2.7925,0.7854
1.5708,0.7854,1.5708,-1.83875,0,2.7925,0.7854
1.5708,0.7854,1.5708,-1.84013,0,2.7925,0.7854
1.5708,0.7854,1.5708,-1.84151,0,2.7925,0.7854
1.5708,0.7854,1.5708,-1.8429,0,2.7925,0.7854
1.5708,0.7854,1.5708,-1.84429,0,2.7925,0.7854
1.5708,0.7854,1.5708,-1.84569,0,2.7925,0.7854
1.5708,0.7854,1.5708,-1.84709,0,2.7925,0.7854
1.5708,0.7854,1.5708,-1.84849,0,2.7925,0.7854
1.5708,0.7854,1.5708,-1.8499,0,2.7925,0.7854
1.5708,0.7854,1.5708,-1.85131,0,2.7925,0.7854
1.5708,0.7854,1.5708,-1.85272,0,2.7925,0.7854
1.5708,0.7854,1.5708,-1.85414,0,2.7925,0.7854
1.5708,0.7854,1.5708,-1.85556,0,2.7925,0.7854
1.5708,0.7854,1.5708,-1.85698,0,2.7925,0.7854
1.5708,0.7854,1.5708,-1.85841,0,2.7925,0.7854
1.5708,0.7854,1.5708,-1.85984,0,2.7925,0.7854
1.5708,0.7854,1.5708,-1.86127,0,2.7925,0.7854
1.5708,0.7854,1.5708,-1.86271,0,2.7925,0.7854
1.5708,0.7854,1.5708,-1.86415,0,2.7925,0.7854
1.5708,0.7854,1.5708,-1.86559,0,2.7925,0.7854
1.5708,0.7854,1.5708,-1.86703,0,2.7925,0.7854
1.5708,0.7854,1.5708,-1.86848,0,2.7925,0.7854
1.5708,0.7854,1.5708,-1.86994,0,2.7925,0.7854
1.5708,0.7854,1.5708,-1.87139,0,2.7925,0.7854
1.5708,0.7854,1.5708,-1.87285,0,2.7925,0.7854
1.5708,0.7854,1.5708,-1.87431,0,2.7925,0.7854
1.5708,0.7854,1.5708,-1.87578,0,2.7925,0.7854
1.5708,0.7854,1.5708,-1.87725,0,2.7925,0.7854
1.5708,0.7854,1.5708,-1.87872,0,2.7925,0.7854
1.5708,0.7854,1.5708,-1.88019,0,2.7925,0.7854
1.5708,0.7854,1.5708,-1.88167,0,2.7925,0.7854
1.5708,0.7854,1.5708,-1.88315,0,2.7925,0.7854
1.5708,0.7854,1.5708,-1.88464,0,2.7925,0.7854
1.5708,0.7854,1.5708,-1.88612,0,2.7925,0.7854
1.5708,0.7854,1.5708,-1.88761,0,2.7925,0.7854
1.5708,0.7854,1.5708,-1.88911,0,2.7925,0.7854
1.5708,0.7854,1.5708,-1.8906,0,2.7925,0.7854
1.5708,0.7854,1.5708,-1.8921,0,2.7925,0.7854
1.5708,0.7854,1.5708,-1.89361,0,2.7925,0.7854
1.5708,0.7854,1.5708,-1.89511,0,2.7925,0.7854
1.5708,0.7854,1.5708,-1.89662,0,2.7925,0.7854
1.5708,0.7854,1.5708,-1.89813,0,2.7925,0.7854
1.5708,0.7854,1.5708,-1.89965,0,2.7925,0.7854
1.5708,0.7854,1.5708,-1.90116,0,2.7925,0.7854
1.5708,0.7854,1.5708,-1.90268,0,2.7925,0.7854
1.5708,0.7854,1.5708,-1.90421,0,2.7925,0.7854
1.5708,0.7854,1.5708,-1.90573,0,2.7925,0.7854
1.5708,0.7854,1.5708,-1.90726,0,2.7925,0.7854
1.5708,0.7854,1.5708,-1.9088,0,2.7925,0.7854
1.5708,0.7854,1.5708,-1.91033,0,2.7925,0.7854
1.5708,0.7854,1.5708,-1.91187,0,2.7925,0.7854
1.5708,0.7854,1.5708,-1.91341,0,2.7925,0.7854
1.5708,0.7854,1.5708,-1.91495,0,2.7925,0.7854
1.5708,0.7854,1.5708,-1.9165,0,2.7925,0.7854
1.5708,0.7854,1.5708,-1.91805,0,2.7925,0.7854
1.5708,0.7854,1.5708,-1.9196,0,2.7925,0.7854
1.5708,0.7854,1.5708,-1.92116,0,2.7925,0.7854
1.5708,0.7854,1.5708,-1.92272,0,2.7925,0.7854
1.5708,0.7854,1.5708,-1.92428,0,2.7925,0.7854
1.5708,0.7854,1.5708,-1.92584,0,2.7925,0.7854
1.5708,0.7854,1.5708,-1.92741,0,2.7925,0.7854
1.5708,0.7854,1.5708,-1.92897,0,2.7925,0.7854
1.5708,0.7854,1.5708,-1.93055,0,2.7925,0.7854
1.5708,0.7854,1.5708,-1.93212,0,2.7925,0.7854
1.5708,0.7854,1.5708,-1.9337,0,2.7925,0.7854
1.5708,0.7854,1.5708,-1.93528,0,2.7925,0.7854
1.5708,0.7854,1.5708,-1.93686,0,2.7925,0.7854
1.5708,0.7854,1.5708,-1.93844,0,2.7925,0.7854
1.5708,0.7854,1.5708,-1.94003,0,2.7925,0.7854
1.5708,0.7854,1.5708,-1.94162,0,2.7925,0.7854
1.5708,0.7854,1.5708,-1.94321,0,2.7925,0.7854
1.5708,0.7854,1.5708,-1.94481,0,2.7925,0.7854
1.5708,0.7854,1.5708,-1.94641,0,2.7925,0.7854
1.5708,0.7854,1.5708,-1.94801,0,2.7925,0.7854
1.5708,0.7854,1.5708,-1.94961,0,2.7925,0.7854
1.5708,0.7854,1.5708,-1.95122,0,2.7925,0.7854
1.5708,0.7854,1.5708,-1.95282,0,2.7925,0.7854
1.5708,0.7854,1.5708,-1.95443,0,2.7925,0.7854
1.5708,0.7854,1.5708,-1.95605,0,2.7925,0.7854
1.5708,0.7854,1.5708,-1.95766,0,2.7925,0.7854
1.5708,0.7854,1.5708,-1.95928,0,2.7925,0.7854
1.5708,0.7854,1.5708,-1.9609,0,2.7925,0.7854
1.5708,0.7854,1.5708,-1.96252,0,2.7925,0.7854
1.5708,0.7854,1.5708,-1.96415,0,2.7925,0.7854
1.5708,0.7854,1.5708,-1.96578,0,2.7925,0.7854
1.5708,0.7854,1.5708,-1.96741,0,2.7925,0.7854
1.5708,0.7854,1.5708,-1.96904,0,2.7925,0.7854
1.5708,0.7854,1.5708,-1.97067,0,2.7925,0.7854
1.5708,0.7854,1.5708,-1.97231,0,2.7925,0.7854
1.5708,0.7854,1.5708,-1.97395,0,2.7925,0.7854
1.5708,0.7854,1.5708,-1.97559,0,2.7925,0.7854
1.5708,0.7854,1.5708,-1.97723,0,2.7925,0.7854
1.5708,0.7854,1.5708,-1.97888,0,2.7925,0.7854
1.5708,0.7854,1.5708,-1.98053,0,2.7925,0.7854
1.5708,0.7854,1.5708,-1.98218,0,2.7925,0.7854
1.5708,0.7854,1.5708,-1.98383,0,2.7925,0.7854
1.5708,0.7854,1.5708,-1.98548,0,2.7925,0.7854
1.5708,0.7854,1.5708,-1.98714,0,2.7925,0.7854
1.5708,0.7854,1.5708,-1.9888,0,2.7925,0.7854
1.5708,0.7854,1.5708,-1.99046,0,2.7925,0.7854
1.5708,0.7854,1.5708,-1.99212,0,2.7925,0.7854
1.5708,0.7854,1.5708,-1.99379,0,2.7925,0.7854
1.5708,0.7854,1.5708,-1.99546,0,2.7925,0.7854
1.5708,0.7854,1.5708,-1.99712,0,2.7925,0.7854
1.5708,0.7854,1.5708,-1.9988,0,2.7925,0.7854
1.5708,0.7854,1.5708,-2.00047,0,2.7925,0.7854
1.5708,0.7854,1.5708,-2.00214,0,2.7925,0.7854
1.5708,0.7854,1.5708,-2.00382,0,2.7925,0.7854
1.5708,0.7854,1.5708,-2.0055,0,2.7925,0.7854
1.5708,0.7854,1.5708,-2.00718,0,2.7925,0.7854
1.5708,0.7854,1.5708,-2.00887,0,2.7925,0.7854
1.5708,0.7854,1.5708,-2.01055,0,2.7925,0.7854
1.5708,0.7854,1.5708,-2.01224,0,2.7925,0.7854
1.5708,0.7854,1.5708,-2.01393,0,2.7925,0.7854
1.5708,0.7854,1.5708,-2.01562,0,2.7925,0.7854
1.5708,0.7854,1.5708,-2.01731,0,2.7925,0.7854
1.5708,0.7854,1.5708,-2.01901,0,2.7925,0.7854
1.5708,0.7854,1.5708,-2.0207,0,2.7925,0.7854
1.5708,0.7854,1.5708,-2.0224,0,2.7925,0.7854
1.5708,0.7854,1.5708,-2.0241,0,2.7925,0.7854
1.5708,0.7854,1.5708,-2.0258,0,2.7925,0.7854
1.5708,0.7854,1.5708,-2.0275,0,2.7925,0.7854
1.5708,0.7854,1.5708,-2.02921,0,2.7925,0.7854
1.5708,0.7854,1.5708,-2.03092,0,2.7925,0.7854
1.5708,0.7854,1.5708,-2.03262,0,2.7925,0.7854
1.5708,0.7854,1.5708,-2.03433,0,2.7925,0.7854
1.5708,0.7854,1.5708,-2.03605,0,2.7925,0.7854
1.5708,0.7854,1.5708,-2.03776,0,2.7925,0.7854
1.5708,0.7854,1.5708,-2.03947,0,2.7925,0.7854
1.5708,0.7854,1.5708,-2.04119,0,2.7925,0.7854
1.5708,0.7854,1.5708,-2.04291,0,2.7925,0.7854
1.5708,0.7854,1.5708,-2.04463,0,2.7925,0.7854
1.5708,0.7854,1.5708,-2.04635,0,2.7925,0.7854
1.5708,0.7854,1.5708,-2.04807,0,2.7925,0.7854
1.5708,0.7854,1.5708,-2.0498,0,2.7925,0.7854
1.5708,0.7854,1.5708,-2.05152,0,2.7925,0.7854
1.5708,0.7854,1.5708,-2.05325,0,2.7925,0.7854
1.5708,0.7854,1.5708,-2.05498,0,2.7925,0.7854
1.5708,0.7854,1.5708,-2.05671,0,2.7925,0.7854
1.5708,0.7854,1.5708,-2.05844,0,2.7925,0.7854
1.5708,0.7854,1.5708,-2.06017,0,2.7925,0.7854
1.5708,0.7854,1.5708,-2.06191,0,2.7925,0.7854
1.5708,0.7854,1.5708,-2.06364,0,2.7925,0.7854
1.5708,0.7854,1.5708,-2.06538,0,2.7925,0.7854
1.5708,0.7854,1.5708,-2.06712,0,2.7925,0.7854
1.5708,0.7854,1.5708,-2.06886,0,2.7925,0.7854
1.5708,0.7854,1.5708,-2.0706,0,2.7925,0.7854
1.5708,0.7854,1.5708,-2.07234,0,2.7925,0.7854
1.5708,0.7854,1.5708,-2.07408,0,2.7925,0.7854
1.5708,0.7854,1.5708,-2.07583,0,2.7925,0.7854
1.5708,0.7854,1.5708,-2.07758,0,2.7925,0.7854
1.5708,0.7854,1.5708,-2.07932,0,2.7925,0.7854
1.5708,0.7854,1.5708,-2.08107,0,2.7925,0.7854
1.5708,0.7854,1.5708,-2.08282,0,2.7925,0.7854
1.5708,0.7854,1.5708,-2.08457,0,2.7925,0.7854
1.5708,0.7854,1.5708,-2.08632,0,2.7925,0.7854
1.5708,0.7854,1.5708,-2.08807,0,2.7925,0.7854
1.5708,0.7854,1.5708,-2.08983,0,2.7925,0.7854
1.5708,0.7854,1.5708,-2.09158,0,2.7925,0.7854
1.5708,0.7854,1.5708,-2.09334,0,2.7925,0.7854
1.5708,0.7854,1.5708,-2.09509,0,2.7925,0.7854
1.5708,0.7854,1.5708,-2.09685,0,2.7925,0.7854
1.5708,0.7854,1.5708,-2.09861,0,2.7925,0.7854
1.5708,0.7854,1.5708,-2.10037,0,2.7925,0.7854
1.5708,0.7854,1.5708,-2.10213,0,2.7925,0.7854
1.5708,0.7854,1.5708,-2.10389,0,2.7925,0.7854
1.5708,0.7854,1.5708,-2.10565,0,2.7925,0.7854
1.5708,0.7854,1.5708,-2.10742,0,2.7925,0.7854
1.5708,0.7854,1.5708,-2.10918,0,2.7925,0.7854
1.5708,0.7854,1.5708,-2.11095,0,2.7925,0.7854
1.5708,0.7854,1.5708,-2.11271,0,2.7925,0.7854
1.5708,0.7854,1.5708,-2.11448,0,2.7925,0.7854
1.5708,0.7854,1.5708,-2.11625,0,2.7925,0.7854
1.5708,0.7854,1.5708,-2.11801,0,2.7925,0.7854
1.5708,0.7854,1.5708,-2.11978,0,2.7925,0.7854
1.5708,0.7854,1.5708,-2.12155,0,2.7925,0.7854
1.5708,0.7854,1.5708,-2.12332,0,2.7925,0.7854
1.5708,0.7854,1.5708,-2.12509,0,2.7925,0.7854
1.5708,0.7854,1.5708,-2.12686,0,2.7925,0.7854
1.5708,0.7854,1.5708,-2.12864,0,2.7925,0.7854
1.5708,0.7854,1.5708,-2.13041,0,2.7925,0.7854
1.5708,0.7854,1.5708,-2.13218,0,2.7925,0.7854
1.5708,0.7854,1.5708,-2.13396,0,2.7925,0.7854
1.5708,0.7854,1.5708,-2.13573,0,2.7925,0.7854
1.5708,0.7854,1.5708,-2.13751,0,2.7925,0.7854
1.5708,0.7854,1.5708,-2.13928,0,2.7925,0.7854
1.5708,0.7854,1.5708,-2.14106,0,2.7925,0.7854
1.5708,0.7854,1.5708,-2.14283,0,2.7925,0.7854
1.5708,0.7854,1.5708,-2.14461,0,2.7925,0.7854
1.5708,0.7854,1.5708,-2.14639,0,2.7925,0.7854
1.5708,0.7854,1.5708,-2.14817,0,2.7925,0.7854
1.5708,0.7854,1.5708,-2.14994,0,2.7925,0.7854
1.5708,0.7854,1.5708,-2.15172,0,2.7925,0.7854
1.5708,0.7854,1.5708,-2.1535,0,2.7925,0.7854
1.5708,0.7854,1.5708,-2.15528,0,2.7925,0.7854
1.5708,0.7854,1.5708,-2.15706,0,2.7925,0.7854
1.5708,0.7854,1.5708,-2.15884,0,2.7925,0.7854
1.5708,0.7854,1.5708,-2.16062,0,2.7925,0.7854
1.5708,0.7854,1.5708,-2.1624,0,2.7925,0.7854
1.5708,0.7854,1.5708,-2.16418,0,2.7925,0.7854
1.5708,0.7854,1.5708,-2.16596,0,2.7925,0.7854
1.5708,0.7854,1.5708,-2.16774,0,2.7925,0.7854
1.5708,0.7854,1.5708,-2.16952,0,2.7925,0.7854
1.5708,0.7854,1.5708,-2.1713,0,2.7925,0.7854
1.5708,0.7854,1.5708,-2.17309,0,2.7925,0.7854
1.5708,0.7854,1.5708,-2.17487,0,2.7925,0.7854
1.5708,0.7854,1.5708,-2.17665,0,2.7925,0.7854
1.5708,0.7854,1.5708,-2.17843,0,2.7925,0.7854
1.5708,0.7854,1.5708,-2.18021,0,2.7925,0.7854
1.5708,0.7854,1.5708,-2.18199,0,2.7925,0.7854
1.5708,0.7854,1.5708,-2.18378,0,2.7925,0.7854
1.5708,0.7854,1.5708,-2.18556,0,2.7925,0.7854
1.5708,0.7854,1.5708,-2.18734,0,2.7925,0.7854
1.5708,0.7854,1.5708,-2.18912,0,2.7925,0.7854
1.5708,0.7854,1.5708,-2.1909,0,2.7925,0.7854
1.5708,0.7854,1.5708,-2.19268,0,2.7925,0.7854
1.5708,0.7854,1.5708,-2.19447,0,2.7925,0.7854
1.5708,0.7854,1.5708,-2.19625,0,2.7925,0.7854
1.5708,0.7854,1.5708,-2.19803,0,2.7925,0.7854
1.5708,0.7854,1.5708,-2.19981,0,2.7925,0.7854
1.5708,0.7854,1.5708,-2.20159,0,2.7925,0.7854
1.5708,0.7854,1.5708,-2.20337,0,2.7925,0.7854
1.5708,0.7854,1.5708,-2.20515,0,2.7925,0.7854
1.5708,0.7854,1.5708,-2.20693,0,2.7925,0.7854
1.5708,0.7854,1.5708,-2.20871,0,2.7925,0.7854
1.5708,0.7854,1.5708,-2.21049,0,2.7925,0.7854
1.5708,0.7854,1.5708,-2.21227,0,2.7925,0.7854
1.5708,0.7854,1.5708,-2.21405,0,2.7925,0.7854
1.5708,0.7854,1.5708,-2.21583,0,2.7925,0.7854
1.5708,0.7854,1.5708,-2.21761,0,2.7925,0.7854
1.5708,0.7854,1.5708,-2.21938,0,2.7925,0.7854
1.5708,0.7854,1.5708,-2.22116,0,2.7925,0.7854
1.5708,0.7854,1.5708,-2.22294,0,2.7925,0.7854
1.5708,0.7854,1.5708,-2.22471,0,2.7925,0.7854
1.5708,0.7854,1.5708,-2.22649,0,2.7925,0.7854
1.5708,0.7854,1.5708,-2.22827,0,2.7925,0.7854
1.5708,0.7854,1.5708,-2.23004,0,2.7925,0.7854
1.5708,0.7854,1.5708,-2.23182,0,2.7925,0.7854
1.5708,0.7854,1.5708,-2.23359,0,2.7925,0.7854
1.5708,0.7854,1.5708,-2.23536,0,2.7925,0.7854
1.5708,0.7854,1.5708,-2.23714,0,2.7925,0.7854
1.5708,0.7854,1.5708,-2.23891,0,2.7925,0.7854
1.5708,0.7854,1.5708,-2.24068,0,2.7925,0.7854
1.5708,0.7854,1.5708,-2.24245,0,2.7925,0.7854
1.5708,0.7854,1.5708,-2.24422,0,2.7925,0.7854
1.5708,0.7854,1.5708,-2.24599,0,2.7925,0.7854
1.5708,0.7854,1.5708,-2.24776,0,2.7925,0.7854
1.5708,0.7854,1.5708,-2.24953,0,2.7925,0.7854
1.5708,0.7854,1.5708,-2.25129,0,2.7925,0.7854
1.5708,0.7854,1.5708,-2.25306,0,2.7925,0.7854
1.5708,0.7854,1.5708,-2.25483,0,2.7925,0.7854
1.5708,0.7854,1.5708,-2.25659,0,2.7925,0.7854
1.5708,0.7854,1.5708,-2.25836,0,2.7925,0.7854
1.5708,0.7854,1.5708,-2.26012,0,2.7925,0.7854
1.5708,0.7854,1.5708,-2.26188,0,2.7925,0.7854
1.5708,0.7854,1.5708,-2.26364,0,2.7925,0.7854
1.5708,0.7854,1.5708,-2.2654,0,2.7925,0.7854
1.5708,0.7854,1.5708,-2.26716,0,2.7925,0.7854
1.5708,0.7854,1.5708,-2.26892,0,2.7925,0.7854
1.5708,0.7854,1.5708,-2.27068,0,2.7925,0.7854
1.5708,0.7854,1.5708,-2.27244,0,2.7925,0.7854
1.5708,0.7854,1.5708,-2.27419,0,2.7925,0.7854
1.5708,0.7854,1.5708,-2.27595,0,2.7925,0.7854
1.5708,0.7854,1.5708,-2.2777,0,2.7925,0.7854
1.5708,0.7854,1.5708,-2.27945,0,2.7925,0.7854
1.5708,0.7854,1.5708,-2.2812,0,2.7925,0.7854
1.5708,0.7854,1.5708,-2.28296,0,2.7925,0.7854
1.5708,0.7854,1.5708,-2.2847,0,2.7925,0.7854
1.5708,0.7854,1.5708,-2.28645,0,2.7925,0.7854
1.5708,0.7854,1.5708,-2.2882,0,2.7925,0.7854
1.5708,0.7854,1.5708,-2.28995,0,2.7925,0.7854
1.5708,0.7854,1.5708,-2.29169,0,2.7925,0.7854
1.5708,0.7854,1.5708,-2.29343,0,2.7925,0.7854
1.5708,0.7854,1.5708,-2.29518,0,2.7925,0.7854
1.5708,0.7854,1.5708,-2.29692,0,2.7925,0.7854
1.5708,0.7854,1.5708,-2.29866,0,2.7925,0.7854
1.5708,0.7854,1.5708,-2.3004,0,2.7925,0.7854
1.5708,0.7854,1.5708,-2.30213,0,2.7925,0.7854
1.5708,0.7854,1.5708,-2.30387,0,2.7925,0.7854
1.5708,0.7854,1.5708,-2.3056,0,2.7925,0.7854
1.5708,0.7854,1.5708,-2.30734,0,2.7925,0.7854
1.5708,0.7854,1.5708,-2.30907,0,2.7925,0.7854
1.5708,0.7854,1.5708,-2.3108,0,2.7925,0.7854
1.5708,0.7854,1.5708,-2.31253,0,2.7925,0.7854
1.5708,0.7854,1.5708,-2.31425,0,2.7925,0.7854
1.5708,0.7854,1.5708,-2.31598,0,2.7925,0.7854
1.5708,0.7854,1.5708,-2.3177,0,2.7925,0.7854
1.5708,0.7854,1.5708,-2.31943,0,2.7925,0.7854
1.5708,0.7854,1.5708,-2.32115,0,2.7925,0.7854
1.5708,0.7854,1.5708,-2.32287,0,2.7925,0.7854
1.5708,0.7854,1.5708,-2.32459,0,2.7925,0.7854
1.5708,0.7854,1.5708,-2.3263,0,2.7925,0.7854
1.5708,0.7854,1.5708,-2.32802,0,2.7925,0.7854
1.5708,0.7854,1.5708,-2.32973,0,2.7925,0.7854
1.5708,0.7854,1.5708,-2.33145,0,2.7925,0.7854
1.5708,0.7854,1.5708,-2.33316,0,2.7925,0.7854
1.5708,0.7854,1.5708,-2.33486,0,2.7925,0.7854
1.5708,0.7854,1.5708,-2.33657,0,2.7925,0.7854
1.5708,0.7854,1.5708,-2.33828,0,2.7925,0.7854
1.5708,0.7854,1.5708,-2.33998,0,2.7925,0.7854
1.5708,0.7854,1.5708,-2.34168,0,2.7925,0.7854
1.5708,0.7854,1.5708,-2.34338,0,2.7925,0.7854
1.5708,0.7854,1.5708,-2.34508,0,2.7925,0.7854
1.5708,0.7854,1.5708,-2.34678,0,2.7925,0.7854
1.5708,0.7854,1.5708,-2.34847,0,2.7925,0.7854
1.5708,0.7854,1.5708,-2.35016,0,2.7925,0.7854
1.5708,0.7854,1.5708,-2.35186,0,2.7925,0.7854
1.5708,0.7854,1.5708,-2.35354,0,2.7925,0.7854
1.5708,0.7854,1.5708,-2.35523,0,2.7925,0.7854
1.5708,0.7854,1.5708,-2.35692,0,2.7925,0.7854
1.5708,0.7854,1.5708,-2.3586,0,2.7925,0.7854
1.5708,0.7854,1.5708,-2.36028,0,2.7925,0.7854
1.5708,0.7854,1.5708,-2.36196,0,2.7925,0.7854
1.5708,0.7854,1.5708,-2.36364,0,2.7925,0.7854
1.5708,0.7854,1.5708,-2.36532,0,2.7925,0.7854
1.5708,0.7854,1.5708,-2.36699,0,2.7925,0.7854
1.5708,0.7854,1.5708,-2.36866,0,2.7925,0.7854
1.5708,0.7854,1.5708,-2.37033,0,2.7925,0.7854
1.5708,0.7854,1.5708,-2.372,0,2.7925,0.7854
1.5708,0.7854,1.5708,-2.37366,0,2.7925,0.7854
1.5708,0.7854,1.5708,-2.37533,0,2.7925,0.7854
1.5708,0.7854,1.5708,-2.37699,0,2.7925,0.7854
1.5708,0.7854,1.5708,-2.37865,0,2.7925,0.7854
1.5708,0.7854,1.5708,-2.3803,0,2.7925,0.7854
1.5708,0.7854,1.5708,-2.38196,0,2.7925,0.7854
1.5708,0.7854,1.5708,-2.38361,0,2.7925,0.7854
1.5708,0.7854,1.5708,-2.38526,0,2.7925,0.7854
1.5708,0.7854,1.5708,-2.38691,0,2.7925,0.7854
1.5708,0.7854,1.5708,-2.38856,0,2.7925,0.7854
1.5708,0.7854,1.5708,-2.3902,0,2.7925,0.7854
1.5708,0.7854,1.5708,-2.39184,0,2.7925,0.7854
1.5708,0.7854,1.5708,-2.39348,0,2.7925,0.7854
1.5708,0.7854,1.5708,-2.39512,0,2.7925,0.7854
1.5708,0.7854,1.5708,-2.39675,0,2.7925,0.7854
1.5708,0.7854,1.5708,-2.39838,0,2.7925,0.7854
1.5708,0.7854,1.5708,-2.40001,0,2.7925,0.7854
1.5708,0.7854,1.5708,-2.40164,0,2.7925,0.7854
1.5708,0.7854,1.5708,-2.40327,0,2.7925,0.7854
1.5708,0.7854,1.5708,-2.40489,0,2.7925,0.7854
1.5708,0.7854,1.5708,-2.40651,0,2.7925,0.7854
1.5708,0.7854,1.5708,-2.40813,0,2.7925,0.7854
1.5708,0.7854,1.5708,-2.40974,0,2.7925,0.7854
1.5708,0.7854,1.5708,-2.41136,0,2.7925,0.7854
1.5708,0.7854,1.5708,-2.41297,0,2.7925,0.7854
1.5708,0.7854,1.5708,-2.41458,0,2.7925,0.7854
1.5708,0.7854,1.5708,-2.41618,0,2.7925,0.7854
1.5708,0.7854,1.5708,-2.41779,0,2.7925,0.7854
1.5708,0.7854,1.5708,-2.41939,0,2.7925,0.7854
1.5708,0.7854,1.5708,-2.42098,0,2.7925,0.7854
1.5708,0.7854,1.5708,-2.42258,0,2.7925,0.7854
1.5708,0.7854,1.5708,-2.42417,0,2.7925,0.7854
1.5708,0.7854,1.5708,-2.42576,0,2.7925,0.7854
1.5708,0.7854,1.5708,-2.42735,0,2.7925,0.7854
1.5708,0.7854,1.5708,-2.42894,0,2.7925,0.7854
1.5708,0.7854,1.5708,-2.43052,0,2.7925,0.7854
1.5708,0.7854,1.5708,-2.4321,0,2.7925,0.7854
1.5708,0.7854,1.5708,-2.43368,0,2.7925,0.7854
1.5708,0.7854,1.5708,-2.43525,0,2.7925,0.7854
1.5708,0.7854,1.5708,-2.43682,0,2.7925,0.7854
1.5708,0.7854,1.5708,-2.43839,0,2.7925,0.7854
1.5708,0.7854,1.5708,-2.43996,0,2.7925,0.7854
1.5708,0.7854,1.5708,-2.44152,0,2.7925,0.7854
1.5708,0.7854,1.5708,-2.44308,0,2.7925,0.7854
1.5708,0.7854,1.5708,-2.44464,0,2.7925,0.7854
1.5708,0.7854,1.5708,-2.4462,0,2.7925,0.7854
1.5708,0.7854,1.5708,-2.44775,0,2.7925,0.7854
1.5708,0.7854,1.5708,-2.4493,0,2.7925,0.7854
1.5708,0.7854,1.5708,-2.45085,0,2.7925,0.7854
1.5708,0.7854,1.5708,-2.45239,0,2.7925,0.7854
1.5708,0.7854,1.5708,-2.45393,0,2.7925,0.7854
1.5708,0.7854,1.5708,-2.45547,0,2.7925,0.7854
1.5708,0.7854,1.5708,-2.45701,0,2.7925,0.7854
1.5708,0.7854,1.5708,-2.45854,0,2.7925,0.7854
1.5708,0.7854,1.5708,-2.46007,0,2.7925,0.7854
1.5708,0.7854,1.5708,-2.4616,0,2.7925,0.7854
1.5708,0.7854,1.5708,-2.46312,0,2.7925,0.7854
1.5708,0.7854,1.5708,-2.46464,0,2.7925,0.7854
1.5708,0.7854,1.5708,-2.46616,0,2.7925,0.7854
1.5708,0.7854,1.5708,-2.46767,0,2.7925,0.7854
1.5708,0.7854,1.5708,-2.46919,0,2.7925,0.7854
1.5708,0.7854,1.5708,-2.47069,0,2.7925,0.7854
1.5708,0.7854,1.5708,-2.4722,0,2.7925,0.7854
1.5708,0.7854,1.5708,-2.4737,0,2.7925,0.7854
1.5708,0.7854,1.5708,-2.4752,0,2.7925,0.7854
1.5708,0.7854,1.5708,-2.4767,0,2.7925,0.7854
1.5708,0.7854,1.5708,-2.47819,0,2.7925,0.7854
1.5708,0.7854,1.5708,-2.47969,0,2.7925,0.7854
1.5708,0.7854,1.5708,-2.48117,0,2.7925,0.7854
1.5708,0.7854,1.5708,-2.48266,0,2.7925,0.7854
1.5708,0.7854,1.5708,-2.48414,0,2.7925,0.7854
1.5708,0.7854,1.5708,-2.48562,0,2.7925,0.7854
1.5708,0.7854,1.5708,-2.48709,0,2.7925,0.7854
1.5708,0.7854,1.5708,-2.48856,0,2.7925,0.7854
1.5708,0.7854,1.5708,-2.49003,0,2.7925,0.7854
1.5708,0.7854,1.5708,-2.4915,0,2.7925,0.7854
1.5708,0.7854,1.5708,-2.49296,0,2.7925,0.7854
1.5708,0.7854,1.5708,-2.49442,0,2.7925,0.7854
1.5708,0.7854,1.5708,-2.49588,0,2.7925,0.7854
1.5708,0.7854,1.5708,-2.49733,0,2.7925,0.7854
1.5708,0.7854,1.5708,-2.49878,0,2.7925,0.7854
1.5708,0.7854,1.5708,-2.50023,0,2.7925,0.7854
1.5708,0.7854,1.5708,-2.50167,0,2.7925,0.7854
1.5708,0.7854,1.5708,-2.50311,0,2.7925,0.7854
1.5708,0.7854,1.5708,-2.50455,0,2.7925,0.7854
1.5708,0.7854,1.5708,-2.50598,0,2.7925,0.7854
1.5708,0.7854,1.5708,-2.50741,0,2.7925,0.7854
1.5708,0.7854,1.5708,-2.50884,0,2.7925,0.7854
1.5708,0.7854,1.5708,-2.51026,0,2.7925,0.7854
1.5708,0.7854,1.5708,-2.51168,0,2.7925,0.7854
1.5708,0.7854,1.5708,-2.5131,0,2.7925,0.7854
1.5708,0.7854,1.5708,-2.51451,0,2.7925,0.7854
1.5708,0.7854,1.5708,-2.51592,0,2.7925,0.7854
1.5708,0.7854,1.5708,-2.51733,0,2.7925,0.7854
1.5708,0.7854,1.5708,-2.51873,0,2.7925,0.7854
1.5708,0.7854,1.5708,-2.52013,0,2.7925,0.7854
1.5708,0.7854,1.5708,-2.52153,0,2.7925,0.7854
1.5708,0.7854,1.5708,-2.52292,0,2.7925,0.7854
1.5708,0.7854,1.5708,-2.52431,0,2.7925,0.7854
1.5708,0.7854,1.5708,-2.52569,0,2.7925,0.7854
1.5708,0.7854,1.5708,-2.52708,0,2.7925,0.7854
1.5708,0.7854,1.5708,-2.52846,0,2.7925,0.7854
1.5708,0.7854,1.5708,-2.52983,0,2.7925,0.7854
1.5708,0.7854,1.5708,-2.5312,0,2.7925,0.7854
1.5708,0.7854,1.5708,-2.53257,0,2.7925,0.7854
1.5708,0.7854,1.5708,-2.53394,0,2.7925,0.7854
1.5708,0.7854,1.5708,-2.5353,0,2.7925,0.7854
1.5708,0.7854,1.5708,-2.53666,0,2.7925,0.7854
1.5708,0.7854,1.5708,-2.53801,0,2.7925,0.7854
1.5708,0.7854,1.5708,-2.53936,0,2.7925,0.7854
1.5708,0.7854,1.5708,-2.54071,0,2.7925,0.7854
1.5708,0.7854,1.5708,-2.54206,0,2.7925,0.7854
1.5708,0.7854,1.5708,-2.5434,0,2.7925,0.7854
1.5708,0.7854,1.5708,-2.54473,0,2.7925,0.7854
1.5708,0.7854,1.5708,-2.54607,0,2.7925,0.7854
1.5708,0.7854,1.5708,-2.5474,0,2.7925,0.7854
1.5708,0.7854,1.5708,-2.54872,0,2.7925,0.7854
1.5708,0.7854,1.5708,-2.55005,0,2.7925,0.7854
1.5708,0.7854,1.5708,-2.55136,0,2.7925,0.7854
1.5708,0.7854,1.5708,-2.55268,0,2.7925,0.7854
1.5708,0.7854,1.5708,-2.55399,0,2.7925,0.7854
1.5708,0.7854,1.5708,-2.5553,0,2.7925,0.7854
1.5708,0.7854,1.5708,-2.5566,0,2.7925,0.7854
1.5708,0.7854,1.5708,-2.55791,0,2.7925,0.7854
1.5708,0.7854,1.5708,-2.5592,0,2.7925,0.7854
1.5708,0.7854,1.5708,-2.5605,0,2.7925,0.7854
1.5708,0.7854,1.5708,-2.56179,0,2.7925,0.7854
1.5708,0.7854,1.5708,-2.56307,0,2.7925,0.7854
1.5708,0.7854,1.5708,-2.56435,0,2.7925,0.7854
1.5708,0.7854,1.5708,-2.56563,0,2.7925,0.7854
1.5708,0.7854,1.5708,-2.56691,0,2.7925,0.7854
1.5708,0.7854,1.5708,-2.56818,0,2.7925,0.7854
1.5708,0.7854,1.5708,-2.56945,0,2.7925,0.7854
1.5708,0.7854,1.5708,-2.57071,0,2.7925,0.7854
1.5708,0.7854,1.5708,-2.57197,0,2.7925,0.7854
1.5708,0.7854,1.5708,-2.57323,0,2.7925,0.7854
1.5708,0.7854,1.5708,-2.57448,0,2.7925,0.7854
1.5708,0.7854,1.5708,-2.57573,0,2.7925,0.7854
1.5708,0.7854,1.5708,-2.57697,0,2.7925,0.7854
1.5708,0.7854,1.5708,-2.57821,0,2.7925,0.7854
1.5708,0.7854,1.5708,-2.57945,0,2.7925,0.7854
1.5708,0.7854,1.5708,-2.58069,0,2.7925,0.7854
1.5708,0.7854,1.5708,-2.58192,0,2.7925,0.7854
1.5708,0.7854,1.5708,-2.58314,0,2.7925,0.7854
1.5708,0.7854,1.5708,-2.58436,0,2.7925,0.7854
1.5708,0.7854,1.5708,-2.58558,0,2.7925,0.7854
1.5708,0.7854,1.5708,-2.5868,0,2.7925,0.7854
1.5708,0.7854,1.5708,-2.58801,0,2.7925,0.7854
1.5708,0.7854,1.5708,-2.58922,0,2.7925,0.7854
1.5708,0.7854,1.5708,-2.59042,0,2.7925,0.7854
1.5708,0.7854,1.5708,-2.59162,0,2.7925,0.7854
1.5708,0.7854,1.5708,-2.59281,0,2.7925,0.7854
1.5708,0.7854,1.5708,-2.59401,0,2.7925,0.7854
1.5708,0.7854,1.5708,-2.59519,0,2.7925,0.7854
1.5708,0.7854,1.5708,-2.59638,0,2.7925,0.7854
1.5708,0.7854,1.5708,-2.59756,0,2.7925,0.7854
1.5708,0.7854,1.5708,-2.59874,0,2.7925,0.7854
1.5708,0.7854,1.5708,-2.59991,0,2.7925,0.7854
1.5708,0.7854,1.5708,-2.60108,0,2.7925,0.7854
1.5708,0.7854,1.5708,-2.60224,0,2.7925,0.7854
1.5708,0.7854,1.5708,-2.6034,0,2.7925,0.7854
1.5708,0.7854,1.5708,-2.60456,0,2.7925,0.7854
1.5708,0.7854,1.5708,-2.60571,0,2.7925,0.7854
1.5708,0.7854,1.5708,-2.60686,0,2.7925,0.7854
1.5708,0.7854,1.5708,-2.60801,0,2.7925,0.7854
1.5708,0.7854,1.5708,-2.60915,0,2.7925,0.7854
1.5708,0.7854,1.5708,-2.61029,0,2.7925,0.7854
1.5708,0.7854,1.5708,-2.61142,0,2.7925,0.7854
1.5708,0.7854,1.5708,-2.61255,0,2.7925,0.7854
1.5708,0.7854,1.5708,-2.61367,0,2.7925,0.7854
1.5708,0.7854,1.5708,-2.6148,0,2.7925,0.7854
1.5708,0.7854,1.5708,-2.61591,0,2.7925,0.7854
1.5708,0.7854,1.5708,-2.61703,0,2.7925,0.7854
1.5708,0.7854,1.5708,-2.61814,0,2.7925,0.7854
1.5708,0.7854,1.5708,-2.61924,0,2.7925,0.7854
1.5708,0.7854,1.5708,-2.62035,0,2.7925,0.7854
1.5708,0.7854,1.5708,-2.62144,0,2.7925,0.7854
1.5708,0.7854,1.5708,-2.62254,0,2.7925,0.7854
1.5708,0.7854,1.5708,-2.62363,0,2.7925,0.7854
1.5708,0.7854,1.5708,-2.62472,0,2.7925,0.7854
1.5708,0.7854,1.5708,-2.6258,0,2.7925,0.7854
1.5708,0.7854,1.5708,-2.62688,0,2.7925,0.7854
1.5708,0.7854,1.5708,-2.62795,0,2.7925,0.7854
1.5708,0.7854,1.5708,-2.62902,0,2.7925,0.7854
1.5708,0.7854,1.5708,-2.63009,0,2.7925,0.7854
1.5708,0.7854,1.5708,-2.63115,0,2.7925,0.7854
1.5708,0.7854,1.5708,-2.63221,0,2.7925,0.7854
1.5708,0.7854,1.5708,-2.63326,0,2.7925,0.7854
1.5708,0.7854,1.5708,-2.63431,0,2.7925,0.7854
1.5708,0.7854,1.5708,-2.63536,0,2.7925,0.7854
1.5708,0.7854,1.5708,-2.6364,0,2.7925,0.7854
1.5708,0.7854,1.5708,-2.63744,0,2.7925,0.7854
1.5708,0.7854,1.5708,-2.63848,0,2.7925,0.7854
1.5708,0.7854,1.5708,-2.63951,0,2.7925,0.7854
1.5708,0.7854,1.5708,-2.64054,0,2.7925,0.7854
1.5708,0.7854,1.5708,-2.64156,0,2.7925,0.7854
1.5708,0.7854,1.5708,-2.64258,0,2.7925,0.7854
1.5708,0.7854,1.5708,-2.64359,0,2.7925,0.7854
1.5708,0.7854,1.5708,-2.6446,0,2.7925,0.7854
1.5708,0.7854,1.5708,-2.64561,0,2.7925,0.7854
1.5708,0.7854,1.5708,-2.64661,0,2.7925,0.7854
1.5708,0.7854,1.5708,-2.64761,0,2.7925,0.7854
1.5708,0.7854,1.5708,-2.64861,0,2.7925,0.7854
1.5708,0.7854,1.5708,-2.6496,0,2.7925,0.7854
1.5708,0.7854,1.5708,-2.65058,0,2.7925,0.7854
1.5708,0.7854,1.5708,-2.65157,0,2.7925,0.7854
1.5708,0.7854,1.5708,-2.65255,0,2.7925,0.7854
1.5708,0.7854,1.5708,-2.65352,0,2.7925,0.7854
1.5708,0.7854,1.5708,-2.65449,0,2.7925,0.7854
1.5708,0.7854,1.5708,-2.65546,0,2.7925,0.7854
1.5708,0.7854,1.5708,-2.65642,0,2.7925,0.7854
1.5708,0.7854,1.5708,-2.65738,0,2.7925,0.7854
1.5708,0.7854,1.5708,-2.65834,0,2.7925,0.7854
1.5708,0.7854,1.5708,-2.65929,0,2.7925,0.7854
1.5708,0.7854,1.5708,-2.66023,0,2.7925,0.7854
1.5708,0.7854,1.5708,-2.66118,0,2.7925,0.7854
1.5708,0.7854,1.5708,-2.66212,0,2.7925,0.7854
1.5708,0.7854,1.5708,-2.66305,0,2.7925,0.7854
1.5708,0.7854,1.5708,-2.66398,0,2.7925,0.7854
1.5708,0.7854,1.5708,-2.66491,0,2.7925,0.7854
1.5708,0.7854,1.5708,-2.66583,0,2.7925,0.7854
1.5708,0.7854,1.5708,-2.66675,0,2.7925,0.7854
1.5708,0.7854,1.5708,-2.66767,0,2.7925,0.7854
1.5708,0.7854,1.5708,-2.66858,0,2.7925,0.7854
1.5708,0.7854,1.5708,-2.66948,0,2.7925,0.7854
1.5708,0.7854,1.5708,-2.67039,0,2.7925,0.7854
1.5708,0.7854,1.5708,-2.67129,0,2.7925,0.7854
1.5708,0.7854,1.5708,-2.67218,0,2.7925,0.7854
1.5708,0.7854,1.5708,-2.67307,0,2.7925,0.7854
1.5708,0.7854,1.5708,-2.67396,0,2.7925,0.7854
1.5708,0.7854,1.5708,-2.67484,0,2.7925,0.7854
1.5708,0.7854,1.5708,-2.67572,0,2.7925,0.7854
1.5708,0.7854,1.5708,-2.6766,0,2.7925,0.7854
1.5708,0.7854,1.5708,-2.67747,0,2.7925,0.7854
1.5708,0.7854,1.5708,-2.67834,0,2.7925,0.7854
1.5708,0.7854,1.5708,-2.6792,0,2.7925,0.7854
1.5708,0.7854,1.5708,-2.68006,0,2.7925,0.7854
1.5708,0.7854,1.5708,-2.68092,0,2.7925,0.7854
1.5708,0.7854,1.5708,-2.68177,0,2.7925,0.7854
1.5708,0.7854,1.5708,-2.68262,0,2.7925,0.7854
1.5708,0.7854,1.5708,-2.68346,0,2.7925,0.7854
1.5708,0.7854,1.5708,-2.6843,0,2.7925,0.7854
1.5708,0.7854,1.5708,-2.68513,0,2.7925,0.7854
1.5708,0.7854,1.5708,-2.68597,0,2.7925,0.7854
1.5708,0.7854,1.5708,-2.68679,0,2.7925,0.7854
1.5708,0.7854,1.5708,-2.68762,0,2.7925,0.7854
1.5708,0.7854,1.5708,-2.68844,0,2.7925,0.7854
1.5708,0.7854,1.5708,-2.68925,0,2.7925,0.7854
1.5708,0.7854,1.5708,-2.69007,0,2.7925,0.7854
1.5708,0.7854,1.5708,-2.69087,0,2.7925,0.7854
1.5708,0.7854,1.5708,-2.69168,0,2.7925,0.7854
1.5708,0.7854,1.5708,-2.69248,0,2.7925,0.7854
1.5708,0.7854,1.5708,-2.69328,0,2.7925,0.7854
1.5708,0.7854,1.5708,-2.69407,0,2.7925,0.7854
1.5708,0.7854,1.5708,-2.69486,0,2.7925,0.7854
1.5708,0.7854,1.5708,-2.69564,0,2.7925,0.7854
1.5708,0.7854,1.5708,-2.69642,0,2.7925,0.7854
1.5708,0.7854,1.5708,-2.6972,0,2.7925,0.7854
1.5708,0.7854,1.5708,-2.69797,0,2.7925,0.7854
1.5708,0.7854,1.5708,-2.69874,0,2.7925,0.7854
1.5708,0.7854,1.5708,-2.69951,0,2.7925,0.7854
1.5708,0.7854,1.5708,-2.70027,0,2.7925,0.7854
1.5708,0.7854,1.5708,-2.70103,0,2.7925,0.7854
1.5708,0.7854,1.5708,-2.70178,0,2.7925,0.7854
1.5708,0.7854,1.5708,-2.70253,0,2.7925,0.7854
1.5708,0.7854,1.5708,-2.70328,0,2.7925,0.7854
1.5708,0.7854,1.5708,-2.70402,0,2.7925,0.7854
1.5708,0.7854,1.5708,-2.70476,0,2.7925,0.7854
1.5708,0.7854,1.5708,-2.70549,0,2.7925,0.7854
1.5708,0.7854,1.5708,-2.70622,0,2.7925,0.7854
1.5708,0.7854,1.5708,-2.70695,0,2.7925,0.7854
1.5708,0.7854,1.5708,-2.70767,0,2.7925,0.7854
1.5708,0.7854,1.5708,-2.70839,0,2.7925,0.7854
1.5708,0.7854,1.5708,-2.70911,0,2.7925,0.7854
1.5708,0.7854,1.5708,-2.70982,0,2.7925,0.7854
1.5708,0.7854,1.5708,-2.71053,0,2.7925,0.7854
1.5708,0.7854,1.5708,-2.71123,0,2.7925,0.7854
1.5708,0.7854,1.5708,-2.71193,0,2.7925,0.7854
1.5708,0.7854,1.5708,-2.71263,0,2.7925,0.7854
1.5708,0.7854,1.5708,-2.71332,0,2.7925,0.7854
1.5708,0.7854,1.5708,-2.71401,0,2.7925,0.7854
1.5708,0.7854,1.5708,-2.7147,0,2.7925,0.7854
1.5708,0.7854,1.5708,-2.71538,0,2.7925,0.7854
1.5708,0.7854,1.5708,-2.71605,0,2.7925,0.7854
1.5708,0.7854,1.5708,-2.71673,0,2.7925,0.7854
1.5708,0.7854,1.5708,-2.7174,0,2.7925,0.7854
1.5708,0.7854,1.5708,-2.71806,0,2.7925,0.7854
1.5708,0.7854,1.5708,-2.71873,0,2.7925,0.7854
1.5708,0.7854,1.5708,-2.71939,0,2.7925,0.7854
1.5708,0.7854,1.5708,-2.72004,0,2.7925,0.7854
1.5708,0.7854,1.5708,-2.72069,0,2.7925,0.7854
1.5708,0.7854,1.5708,-2.72134,0,2.7925,0.7854
1.5708,0.7854,1.5708,-2.72198,0,2.7925,0.7854
1.5708,0.7854,1.5708,-2.72263,0,2.7925,0.7854
1.5708,0.7854,1.5708,-2.72326,0,2.7925,0.7854
1.5708,0.7854,1.5708,-2.72389,0,2.7925,0.7854
1.5708,0.7854,1.5708,-2.72452,0,2.7925,0.7854
1.5708,0.7854,1.5708,-2.72515,0,2.7925,0.7854
1.5708,0.7854,1.5708,-2.72577,0,2.7925,0.7854
1.5708,0.7854,1.5708,-2.72639,0,2.7925,0.7854
1.5708,0.7854,1.5708,-2.72701,0,2.7925,0.7854
1.5708,0.7854,1.5708,-2.72762,0,2.7925,0.7854
1.5708,0.7854,1.5708,-2.72822,0,2.7925,0.7854
1.5708,0.7854,1.5708,-2.72883,0,2.7925,0.7854
1.5708,0.7854,1.5708,-2.72943,0,2.7925,0.7854
1.5708,0.7854,1.5708,-2.73002,0,2.7925,0.7854
1.5708,0.7854,1.5708,-2.73062,0,2.7925,0.7854
1.5708,0.7854,1.5708,-2.73121,0,2.7925,0.7854
1.5708,0.7854,1.5708,-2.73179,0,2.7925,0.7854
1.5708,0.7854,1.5708,-2.73238,0,2.7925,0.7854
1.5708,0.7854,1.5708,-2.73295,0,2.7925,0.7854
1.5708,0.7854,1.5708,-2.73353,0,2.7925,0.7854
1.5708,0.7854,1.5708,-2.7341,0,2.7925,0.7854
1.5708,0.7854,1.5708,-2.73467,0,2.7925,0.7854
1.5708,0.7854,1.5708,-2.73523,0,2.7925,0.7854
1.5708,0.7854,1.5708,-2.7358,0,2.7925,0.7854
1.5708,0.7854,1.5708,-2.73635,0,2.7925,0.7854
1.5708,0.7854,1.5708,-2.73691,0,2.7925,0.7854
1.5708,0.7854,1.5708,-2.73746,0,2.7925,0.7854
1.5708,0.7854,1.5708,-2.738,0,2.7925,0.7854
1.5708,0.7854,1.5708,-2.73855,0,2.7925,0.7854
1.5708,0.7854,1.5708,-2.73909,0,2.7925,0.7854
1.5708,0.7854,1.5708,-2.73963,0,2.7925,0.7854
1.5708,0.7854,1.5708,-2.74016,0,2.7925,0.7854
1.5708,0.7854,1.5708,-2.74069,0,2.7925,0.7854
1.5708,0.7854,1.5708,-2.74121,0,2.7925,0.7854
1.5708,0.7854,1.5708,-2.74174,0,2.7925,0.7854
1.5708,0.7854,1.5708,-2.74226,0,2.7925,0.7854
1.5708,0.7854,1.5708,-2.74277,0,2.7925,0.7854
1.5708,0.7854,1.5708,-2.74329,0,2.7925,0.7854
1.5708,0.7854,1.5708,-2.7438,0,2.7925,0.7854
1.5708,0.7854,1.5708,-2.7443,0,2.7925,0.7854
1.5708,0.7854,1.5708,-2.7448,0,2.7925,0.7854
1.5708,0.7854,1.5708,-2.7453,0,2.7925,0.7854
1.5708,0.7854,1.5708,-2.7458,0,2.7925,0.7854
1.5708,0.7854,1.5708,-2.74629,0,2.7925,0.7854
1.5708,0.7854,1.5708,-2.74678,0,2.7925,0.7854
1.5708,0.7854,1.5708,-2.74727,0,2.7925,0.7854
1.5708,0.7854,1.5708,-2.74775,0,2.7925,0.7854
1.5708,0.7854,1.5708,-2.74823,0,2.7925,0.7854
1.5708,0.7854,1.5708,-2.7487,0,2.7925,0.7854
1.5708,0.7854,1.5708,-2.74918,0,2.7925,0.7854
1.5708,0.7854,1.5708,-2.74965,0,2.7925,0.7854
1.5708,0.7854,1.5708,-2.75011,0,2.7925,0.7854
1.5708,0.7854,1.5708,-2.75057,0,2.7925,0.7854
1.5708,0.7854,1.5708,-2.75103,0,2.7925,0.7854
1.5708,0.7854,1.5708,-2.75149,0,2.7925,0.7854
1.5708,0.7854,1.5708,-2.75194,0,2.7925,0.7854
1.5708,0.7854,1.5708,-2.75239,0,2.7925,0.7854
1.5708,0.7854,1.5708,-2.75284,0,2.7925,0.7854
1.5708,0.7854,1.5708,-2.75328,0,2.7925,0.7854
1.5708,0.7854,1.5708,-2.75372,0,2.7925,0.7854
1.5708,0.7854,1.5708,-2.75416,0,2.7925,0.7854
1.5708,0.7854,1.5708,-2.7546,0,2.7925,0.7854
1.5708,0.7854,1.5708,-2.75503,0,2.7925,0.7854
1.5708,0.7854,1.5708,-2.75545,0,2.7925,0.7854
1.5708,0.7854,1.5708,-2.75588,0,2.7925,0.7854
1.5708,0.7854,1.5708,-2.7563,0,2.7925,0.7854
1.5708,0.7854,1.5708,-2.75672,0,2.7925,0.7854
1.5708,0.7854,1.5708,-2.75713,0,2.7925,0.7854
1.5708,0.7854,1.5708,-2.75755,0,2.7925,0.7854
1.5708,0.7854,1.5708,-2.75795,0,2.7925,0.7854
1.5708,0.7854,1.5708,-2.75836,0,2.7925,0.7854
1.5708,0.7854,1.5708,-2.75876,0,2.7925,0.7854
1.5708,0.7854,1.5708,-2.75916,0,2.7925,0.7854
1.5708,0.7854,1.5708,-2.75956,0,2.7925,0.7854
1.5708,0.7854,1.5708,-2.75995,0,2.7925,0.7854
1.5708,0.7854,1.5708,-2.76034,0,2.7925,0.7854
1.5708,0.7854,1.5708,-2.76073,0,2.7925,0.7854
1.5708,0.7854,1.5708,-2.76112,0,2.7925,0.7854
1.5708,0.7854,1.5708,-2.7615,0,2.7925,0.7854
1.5708,0.7854,1.5708,-2.76188,0,2.7925,0.7854
1.5708,0.7854,1.5708,-2.76225,0,2.7925,0.7854
1.5708,0.7854,1.5708,-2.76263,0,2.7925,0.7854
1.5708,0.7854,1.5708,-2.763,0,2.7925,0.7854
1.5708,0.7854,1.5708,-2.76336,0,2.7925,0.7854
1.5708,0.7854,1.5708,-2.76373,0,2.7925,0.7854
1.5708,0.7854,1.5708,-2.76409,0,2.7925,0.7854
1.5708,0.7854,1.5708,-2.76445,0,2.7925,0.7854
1.5708,0.7854,1.5708,-2.7648,0,2.7925,0.7854
1.5708,0.7854,1.5708,-2.76516,0,2.7925,0.7854
1.5708,0.7854,1.5708,-2.76551,0,2.7925,0.7854
1.5708,0.7854,1.5708,-2.76585,0,2.7925,0.7854
1.5708,0.7854,1.5708,-2.7662,0,2.7925,0.7854
1.5708,0.7854,1.5708,-2.76654,0,2.7925,0.7854
1.5708,0.7854,1.5708,-2.76688,0,2.7925,0.7854
1.5708,0.7854,1.5708,-2.76721,0,2.7925,0.7854
1.5708,0.7854,1.5708,-2.76754,0,2.7925,0.7854
1.5708,0.7854,1.5708,-2.76787,0,2.7925,0.7854
1.5708,0.7854,1.5708,-2.7682,0,2.7925,0.7854
1.5708,0.7854,1.5708,-2.76853,0,2.7925,0.7854
1.5708,0.7854,1.5708,-2.76885,0,2.7925,0.7854
1.5708,0.7854,1.5708,-2.76917,0,2.7925,0.7854
1.5708,0.7854,1.5708,-2.76948,0,2.7925,0.7854
1.5708,0.7854,1.5708,-2.7698,0,2.7925,0.7854
1.5708,0.7854,1.5708,-2.77011,0,2.7925,0.7854
1.5708,0.7854,1.5708,-2.77042,0,2.7925,0.7854
1.5708,0.7854,1.5708,-2.77072,0,2.7925,0.7854
1.5708,0.7854,1.5708,-2.77103,0,2.7925,0.7854
1.5708,0.7854,1.5708,-2.77133,0,2.7925,0.7854
1.5708,0.7854,1.5708,-2.77162,0,2.7925,0.7854
1.5708,0.7854,1.5708,-2.77192,0,2.7925,0.7854
1.5708,0.7854,1.5708,-2.77221,0,2.7925,0.7854
1.5708,0.7854,1.5708,-2.7725,0,2.7925,0.7854
1.5708,0.7854,1.5708,-2.77279,0,2.7925,0.7854
1.5708,0.7854,1.5708,-2.77307,0,2.7925,0.7854
1.5708,0.7854,1.5708,-2.77336,0,2.7925,0.7854
1.5708,0.7854,1.5708,-2.77364,0,2.7925,0.7854
1.5708,0.7854,1.5708,-2.77391,0,2.7925,0.7854
1.5708,0.7854,1.5708,-2.77419,0,2.7925,0.7854
1.5708,0.7854,1.5708,-2.77446,0,2.7925,0.7854
1.5708,0.7854,1.5708,-2.77473,0,2.7925,0.7854
1.5708,0.7854,1.5708,-2.775,0,2.7925,0.7854
1.5708,0.7854,1.5708,-2.77526,0,2.7925,0.7854
1.5708,0.7854,1.5708,-2.77552,0,2.7925,0.7854
1.5708,0.7854,1.5708,-2.77578,0,2.7925,0.7854
1.5708,0.7854,1.5708,-2.77604,0,2.7925,0.7854
1.5708,0.7854,1.5708,-2.77629,0,2.7925,0.7854
1.5708,0.7854,1.5708,-2.77655,0,2.7925,0.7854
1.5708,0.7854,1.5708,-2.7768,0,2.7925,0.7854
1.5708,0.7854,1.5708,-2.77704,0,2.7925,0.7854
1.5708,0.7854,1.5708,-2.77729,0,2.7925,0.7854
1.5708,0.7854,1.5708,-2.77753,0,2.7925,0.7854
1.5708,0.7854,1.5708,-2.77777,0,2.7925,0.7854
1.5708,0.7854,1.5708,-2.77801,0,2.7925,0.7854
1.5708,0.7854,1.5708,-2.77825,0,2.7925,0.7854
1.5708,0.7854,1.5708,-2.77848,0,2.7925,0.7854
1.5708,0.7854,1.5708,-2.77871,0,2.7925,0.7854
1.5708,0.7854,1.5708,-2.77894,0,2.7925,0.7854
1.5708,0.7854,1.5708,-2.77917,0,2.7925,0.7854
1.5708,0.7854,1.5708,-2.77939,0,2.7925,0.7854
1.5708,0.7854,1.5708,-2.77961,0,2.7925,0.7854
1.5708,0.7854,1.5708,-2.77983,0,2.7925,0.7854
1.5708,0.7854,1.5708,-2.78005,0,2.7925,0.7854
1.5708,0.7854,1.5708,-2.78027,0,2.7925,0.7854
1.5708,0.7854,1.5708,-2.78048,0,2.7925,0.7854
1.5708,0.7854,1.5708,-2.78069,0,2.7925,0.7854
1.5708,0.7854,1.5708,-2.7809,0,2.7925,0.7854
1.5708,0.7854,1.5708,-2.78111,0,2.7925,0.7854
1.5708,0.7854,1.5708,-2.78131,0,2.7925,0.7854
1.5708,0.7854,1.5708,-2.78152,0,2.7925,0.7854
1.5708,0.7854,1.5708,-2.78172,0,2.7925,0.7854
1.5708,0.7854,1.5708,-2.78191,0,2.7925,0.7854
1.5708,0.7854,1.5708,-2.78211,0,2.7925,0.7854
1.5708,0.7854,1.5708,-2.7823,0,2.7925,0.7854
1.5708,0.7854,1.5708,-2.7825,0,2.7925,0.7854
1.5708,0.7854,1.5708,-2.78269,0,2.7925,0.7854
1.5708,0.7854,1.5708,-2.78287,0,2.7925,0.7854
1.5708,0.7854,1.5708,-2.78306,0,2.7925,0.7854
1.5708,0.7854,1.5708,-2.78324,0,2.7925,0.7854
1.5708,0.7854,1.5708,-2.78343,0,2.7925,0.7854
1.5708,0.7854,1.5708,-2.78361,0,2.7925,0.7854
1.5708,0.7854,1.5708,-2.78378,0,2.7925,0.7854
1.5708,0.7854,1.5708,-2.78396,0,2.7925,0.7854
1.5708,0.7854,1.5708,-2.78413,0,2.7925,0.7854
1.5708,0.7854,1.5708,-2.78431,0,2.7925,0.7854
1.5708,0.7854,1.5708,-2.78448,0,2.7925,0.7854
1.5708,0.7854,1.5708,-2.78464,0,2.7925,0.7854
1.5708,0.7854,1.5708,-2.78481,0,2.7925,0.7854
1.5708,0.7854,1.5708,-2.78497,0,2.7925,0.7854
1.5708,0.7854,1.5708,-2.78514,0,2.7925,0.7854
1.5708,0.7854,1.5708,-2.7853,0,2.7925,0.7854
1.5708,0.7854,1.5708,-2.78546,0,2.7925,0.7854
1.5708,0.7854,1.5708,-2.78561,0,2.7925,0.7854
1.5708,0.7854,1.5708,-2.78577,0,2.7925,0.7854
1.5708,0.7854,1.5708,-2.78592,0,2.7925,0.7854
1.5708,0.7854,1.5708,-2.78607,0,2.7925,0.7854
1.5708,0.7854,1.5708,-2.78622,0,2.7925,0.7854
1.5708,0.7854,1.5708,-2.78637,0,2.7925,0.7854
1.5708,0.7854,1.5708,-2.78652,0,2.7925,0.7854
1.5708,0.7854,1.5708,-2.78666,0,2.7925,0.7854
1.5708,0.7854,1.5708,-2.7868,0,2.7925,0.7854
1.5708,0.7854,1.5708,-2.78694,0,2.7925,0.7854
1.5708,0.7854,1.5708,-2.78708,0,2.7925,0.7854
1.5708,0.7854,1.5708,-2.78722,0,2.7925,0.7854
1.5708,0.7854,1.5708,-2.78736,0,2.7925,0.7854
1.5708,0.7854,1.5708,-2.78749,0,2.7925,0.7854
1.5708,0.7854,1.5708,-2.78762,0,2.7925,0.7854
1.5708,0.7854,1.5708,-2.78775,0,2.7925,0.7854
1.5708,0.7854,1.5708,-2.78788,0,2.7925,0.7854
1.5708,0.7854,1.5708,-2.78801,0,2.7925,0.7854
1.5708,0.7854,1.5708,-2.78814,0,2.7925,0.7854
1.5708,0.7854,1.5708,-2.78826,0,2.7925,0.7854
1.5708,0.7854,1.5708,-2.78838,0,2.7925,0.7854
1.5708,0.7854,1.5708,-2.7885,0,2.7925,0.7854
1.5708,0.7854,1.5708,-2.78862,0,2.7925,0.7854
1.5708,0.7854,1.5708,-2.78874,0,2.7925,0.7854
1.5708,0.7854,1.5708,-2.78886,0,2.7925,0.7854
1.5708,0.7854,1.5708,-2.78897,0,2.7925,0.7854
1.5708,0.7854,1.5708,-2.78909,0,2.7925,0.7854
1.5708,0.7854,1.5708,-2.7892,0,2.7925,0.7854
1.5708,0.7854,1.5708,-2.78931,0,2.7925,0.7854
1.5708,0.7854,1.5708,-2.78942,0,2.7925,0.7854
1.5708,0.7854,1.5708,-2.78953,0,2.7925,0.7854
1.5708,0.7854,1.5708,-2.78963,0,2.7925,0.7854
1.5708,0.7854,1.5708,-2.78974,0,2.7925,0.7854
1.5708,0.7854,1.5708,-2.78984,0,2.7925,0.7854
1.5708,0.7854,1.5708,-2.78994,0,2.7925,0.7854
1.5708,0.7854,1.5708,-2.79004,0,2.7925,0.7854
1.5708,0.7854,1.5708,-2.79014,0,2.7925,0.7854
1.5708,0.7854,1.5708,-2.79024,0,2.7925,0.7854
1.5708,0.7854,1.5708,-2.79033,0,2.7925,0.7854
1.5708,0.7854,1.5708,-2.79043,0,2.7925,0.7854
1.5708,0.7854,1.5708,-2.79052,0,2.7925,0.7854
1.5708,0.7854,1.5708,-2.79061,0,2.7925,0.7854
1.5708,0.7854,1.5708,-2.7907,0,2.7925,0.7854
1.5708,0.7854,1.5708,-2.79079,0,2.7925,0.7854
1.5708,0.7854,1.5708,-2.79088,0,2.7925,0.7854
1.5708,0.7854,1.5708,-2.79097,0,2.7925,0.7854
1.5708,0.7854,1.5708,-2.79105,0,2.7925,0.7854
1.5708,0.7854,1.5708,-2.79114,0,2.7925,0.7854
1.5708,0.7854,1.5708,-2.79122,0,2.7925,0.7854
1.5708,0.7854,1.5708,-2.7913,0,2.7925,0.7854
1.5708,0.7854,1.5708,-2.79138,0,2.7925,0.7854
1.5708,0.7854,1.5708,-2.79146,0,2.7925,0.7854
1.5708,0.7854,1.5708,-2.79154,0,2.7925,0.7854
1.5708,0.7854,1.5708,-2.79162,0,2.7925,0.7854
1.5708,0.7854,1.5708,-2.79169,0,2.7925,0.7854
1.5708,0.7854,1.5708,-2.79177,0,2.7925,0.7854
1.5708,0.7854,1.5708,-2.79184,0,2.7925,0.7854
1.5708,0.7854,1.5708,-2.79191,0,2.7925,0.7854
1.5708,0.7854,1.5708,-2.79198,0,2.7925,0.7854
1.5708,0.7854,1.5708,-2.79205,0,2.7925,0.7854
1.5708,0.7854,1.5708,-2.79212,0,2.7925,0.7854
1.5708,0.7854,1.5708,-2.79219,0,2.7925,0.7854
1.5708,0.7854,1.5708,-2.79225,0,2.7925,0.7854
1.5708,0.7854,1.5708,-2.79232,0,2.7925,0.7854
1.5708,0.7854,1.5708,-2.79238,0,2.7925,0.7854
1.5708,0.7854,1.5708,-2.79245,0,2.7925,0.7854
1.5708,0.7854,1.5708,-2.79251,0,2.7925,0.7854
1.5708,0.7854,1.5708,-2.79257,0,2.7925,0.7854
1.5708,0.7854,1.5708,-2.79263,0,2.7925,0.7854
1.5708,0.7854,1.5708,-2.79269,0,2.7925,0.7854
1.5708,0.7854,1.5708,-2.79275,0,2.7925,0.7854
1.5708,0.7854,1.5708,-2.79281,0,2.7925,0.7854
1.5708,0.7854,1.5708,-2.79286,0,2.7925,0.7854
1.5708,0.7854,1.5708,-2.79292,0,2.7925,0.7854
1.5708,0.7854,1.5708,-2.79297,0,2.7925,0.7854
1.5708,0.7854,1.5708,-2.79302,0,2.7925,0.7854
1.5708,0.7854,1.5708,-2.79308,0,2.7925,0.7854
1.5708,0.7854,1.5708,-2.79313,0,2.7925,0.7854
1.5708,0.7854,1.5708,-2.79318,0,2.7925,0.7854
1.5708,0.7854,1.5708,-2.79323,0,2.7925,0.7854
1.5708,0.7854,1.5708,-2.79328,0,2.7925,0.7854
1.5708,0.7854,1.5708,-2.79332,0,2.7925,0.7854
1.5708,0.7854,1.5708,-2.79337,0,2.7925,0.7854
1.5708,0.7854,1.5708,-2.79342,0,2.7925,0.7854
1.5708,0.7854,1.5708,-2.79346,0,2.7925,0.7854
1.5708,0.7854,1.5708,-2.79351,0,2.7925,0.7854
1.5708,0.7854,1.5708,-2.79355,0,2.7925,0.7854
1.5708,0.7854,1.5708,-2.79359,0,2.7925,0.7854
1.5708,0.7854,1.5708,-2.79363,0,2.7925,0.7854
1.5708,0.7854,1.5708,-2.79368,0,2.7925,0.7854
1.5708,0.7854,1.5708,-2.79372,0,2.7925,0.7854
1.5708,0.7854,1.5708,-2.79376,0,2.7925,0.7854
1.5708,0.7854,1.5708,-2.79379,0,2.7925,0.7854
1.5708,0.7854,1.5708,-2.79383,0,2.7925,0.7854
1.5708,0.7854,1.5708,-2.79387,0,2.7925,0.7854
1.5708,0.7854,1.5708,-2.79391,0,2.7925,0.7854
1.5708,0.7854,1.5708,-2.79394,0,2.7925,0.7854
1.5708,0.7854,1.5708,-2.79398,0,2.7925,0.7854
1.5708,0.7854,1.5708,-2.79401,0,2.7925,0.7854
1.5708,0.7854,1.5708,-2.79404,0,2.7925,0.7854
1.5708,0.7854,1.5708,-2.79408,0,2.7925,0.7854
1.5708,0.7854,1.5708,-2.79411,0,2.7925,0.7854
1.5708,0.7854,1.5708,-2.79414,0,2.7925,0.7854
1.5708,0.7854,1.5708,-2.79417,0,2.7925,0.7854
1.5708,0.7854,1.5708,-2.7942,0,2.7925,0.7854
1.5708,0.7854,1.5708,-2.79423,0,2.7925,0.7854
1.5708,0.7854,1.5708,-2.79426,0,2.7925,0.7854
1.5708,0.7854,1.5708,-2.79429,0,2.7925,0.7854
1.5708,0.7854,1.5708,-2.79431,0,2.7925,0.7854
1.5708,0.7854,1.5708,-2.79434,0,2.7925,0.7854
1.5708,0.7854,1.5708,-2.79437,0,2.7925,0.7854
1.5708,0.7854,1.5708,-2.79439,0,2.7925,0.7854
1.5708,0.7854,1.5708,-2.79442,0,2.7925,0.7854
1.5708,0.7854,1.5708,-2.79444,0,2.7925,0.7854
1.5708,0.7854,1.5708,-2.79447,0,2.7925,0.7854
1.5708,0.7854,1.5708,-2.79449,0,2.7925,0.7854
1.5708,0.7854,1.5708,-2.79451,0,2.7925,0.7854
1.5708,0.7854,1.5708,-2.79453,0,2.7925,0.7854
1.5708,0.7854,1.5708,-2.79456,0,2.7925,0.7854
1.5708,0.7854,1.5708,-2.79458,0,2.7925,0.7854
1.5708,0.7854,1.5708,-2.7946,0,2.7925,0.7854
1.5708,0.7854,1.5708,-2.79462,0,2.7925,0.7854
1.5708,0.7854,1.5708,-2.79464,0,2.7925,0.7854
1.5708,0.7854,1.5708,-2.79466,0,2.7925,0.7854
1.5708,0.7854,1.5708,-2.79468,0,2.7925,0.7854
1.5708,0.7854,1.5708,-2.79469,0,2.7925,0.7854
1.5708,0.7854,1.5708,-2.79471,0,2.7925,0.7854
1.5708,0.7854,1.5708,-2.79473,0,2.7925,0.7854
1.5708,0.7854,1.5708,-2.79475,0,2.7925,0.7854
1.5708,0.7854,1.5708,-2.79476,0,2.7925,0.7854
1.5708,0.7854,1.5708,-2.79478,0,2.7925,0.7854
1.5708,0.7854,1.5708,-2.79479,0,2.7925,0.7854
1.5708,0.7854,1.5708,-2.79481,0,2.7925,0.7854
1.5708,0.7854,1.5708,-2.79482,0,2.7925,0.7854
1.5708,0.7854,1.5708,-2.79484,0,2.7925,0.7854
1.5708,0.7854,1.5708,-2.79485,0,2.7925,0.7854
1.5708,0.7854,1.5708,-2.79486,0,2.7925,0.7854
1.5708,0.7854,1.5708,-2.79488,0,2.7925,0.7854
1.5708,0.7854,1.5708,-2.79489,0,2.7925,0.7854
1.5708,0.7854,1.5708,-2.7949,0,2.7925,0.7854
1.5708,0.7854,1.5708,-2.79491,0,2.7925,0.7854
1.5708,0.7854,1.5708,-2.79493,0,2.7925,0.7854
1.5708,0.7854,1.5708,-2.79494,0,2.7925,0.7854
1.5708,0.7854,1.5708,-2.79495,0,2.7925,0.7854
1.5708,0.7854,1.5708,-2.79496,0,2.7925,0.7854
1.5708,0.7854,1.5708,-2.79497,0,2.7925,0.7854
1.5708,0.7854,1.5708,-2.79498,0,2.7925,0.7854
1.5708,0.7854,1.5708,-2.79499,0,2.7925,0.7854
1.5708,0.7854,1.5708,-2.795,0,2.7925,0.7854
1.5708,0.7854,1.5708,-2.79501,0,2.7925,0.7854
1.5708,0.7854,1.5708,-2.79501,0,2.7925,0.7854
1.5708,0.7854,1.5708,-2.79502,0,2.7925,0.7854
1.5708,0.7854,1.5708,-2.79503,0,2.7925,0.7854
1.5708,0.7854,1.5708,-2.79504,0,2.7925,0.7854
1.5708,0.7854,1.5708,-2.79505,0,2.7925,0.7854
1.5708,0.7854,1.5708,-2.79505,0,2.7925,0.7854
1.5708,0.7854,1.5708,-2.79506,0,2.7925,0.7854
1.5708,0.7854,1.5708,-2.79507,0,2.7925,0.7854
1.5708,0.7854,1.5708,-2.79507,0,2.7925,0.7854
1.5708,0.7854,1.5708,-2.79508,0,2.7925,0.7854
1.5708,0.7854,1.5708,-2.79509,0,2.7925,0.7854
1.5708,0.7854,1.5708,-2.79509,0,2.7925,0.7854
1.5708,0.7854,1.5708,-2.7951,0,2.7925,0.7854
1.5708,0.7854,1.5708,-2.7951,0,2.7925,0.7854
1.5708,0.7854,1.5708,-2.79511,0,2.7925,0.7854
1.5708,0.7854,1.5708,-2.79511,0,2.7925,0.7854
1.5708,0.7854,1.5708,-2.79512,0,2.7925,0.7854
1.5708,0.7854,1.5708,-2.79512,0,2.7925,0.7854
1.5708,0.7854,1.5708,-2.79513,0,2.7925,0.7854
1.5708,0.7854,1.5708,-2.79513,0,2.7925,0.7854
1.5708,0.7854,1.5708,-2.79513,0,2.7925,0.7854
1.5708,0.7854,1.5708,-2.79514,0,2.7925,0.7854
1.5708,0.7854,1.5708,-2.79514,0,2.7925,0.7854
1.5708,0.7854,1.5708,-2.79515,0,2.7925,0.7854
1.5708,0.7854,1.5708,-2.79515,0,2.7925,0.7854
1.5708,0.7854,1.5708,-2.79515,0,2.7925,0.7854
1.5708,0.7854,1.5708,-2.79515,0,2.7925,0.7854
1.5708,0.7854,1.5708,-2.79516,0,2.7925,0.7854
1.5708,0.7854,1.5708,-2.79516,0,2.7925,0.7854
1.5708,0.7854,1.5708,-2.79516,0,2.7925,0.7854
1.5708,0.7854,1.5708,-2.79517,0,2.7925,0.7854
1.5708,0.7854,1.5708,-2.79517,0,2.7925,0.7854
1.5708,0.7854,1.5708,-2.79517,0,2.7925,0.7854
1.5708,0.7854,1.5708,-2.79517,0,2.7925,0.7854
1.5708,0.7854,1.5708,-2.79517,0,2.7925,0.7854
1.5708,0.7854,1.5708,-2.79518,0,2.7925,0.7854
1.5708,0.7854,1.5708,-2.79518,0,2.7925,0.7854
1.5708,0.7854,1.5708,-2.79518,0,2.7925,0.7854
1.5708,0.7854,1.5708,-2.79518,0,2.7925,0.7854
1.5708,0.7854,1.5708,-2.79518,0,2.7925,0.7854
1.5708,0.7854,1.5708,-2.79518,0,2.7925,0.7854
1.5708,0.7854,1.5708,-2.79519,0,2.7925,0.7854
1.5708,0.7854,1.5708,-2.79519,0,2.7925,0.7854
1.5708,0.7854,1.5708,-2.79519,0,2.7925,0.7854
1.5708,0.7854,1.5708,-2.79519,0,2.7925,0.7854
1.5708,0.7854,1.5708,-2.79519,0,2.7925,0.7854
1.5708,0.7854,1.5708,-2.79519,0,2.7925,0.7854
1.5708,0.7854,1.5708,-2.79519,0,2.7925,0.7854
1.5708,0.7854,1.5708,-2.79519,0,2.7925,0.7854
1.5708,0.7854,1.5708,-2.79519,0,2.7925,0.7854
1.5708,0.7854,1.5708,-2.79519,0,2.7925,0.7854
1.5708,0.7854,1.5708,-2.79519,0,2.7925,0.7854
1.5708,0.7854,1.5708,-2.7952,0,2.7925,0.7854
1.5708,0.7854,1.5708,-2.7952,0,2.7925,0.7854
1.5708,0.7854,1.5708,-2.7952,0,2.7925,0.7854
1.5708,0.7854,1.5708,-2.7952,0,2.7925,0.7854
1.5708,0.7854,1.5708,-2.7952,0,2.7925,0.7854
1.5708,0.7854,1.5708,-2.7952,0,2.7925,0.7854
1.5708,0.7854,1.5708,-2.7952,0,2.7925,0.7854
1.5708,0.7854,1.5708,-2.7952,0,2.7925,0.7854
1.5708,0.7854,1.5708,-2.7952,0,2.7925,0.7854
1.5708,0.7854,1.5708,-2.7952,0,2.7925,0.7854
1.5708,0.7854,1.5708,-2.7952,0,2.7925,0.7854
1.5708,0.7854,1.5708,-2.7952,0,2.7925,0.7854
1.5708,0.7854,1.5708,-2.7952,0,2.7925,0.7854
1.5708,0.7854,1.5708,-2.7952,0,2.7925,0.7854
1.5708,0.7854,1.5708,-2.7952,0,2.7925,0.7854
1.5708,0.7854,1.5708,-2.7952,0,2.7925,0.7854
1.5708,0.7854,1.5708,-2.7952,0,2.7925,0.7854
1.5708,0.7854,1.5708,-2.7952,0,2.7925,0.7854
1.5708,0.7854,1.5708,-2.7952,0,2.7925,0.7854
1.5708,0.7854,1.5708,-2.7952,0,2.7925,0.7854
1.5708,0.7854,1.5708,-2.7952,0,2.7925,0.7854
1.5708,0.7854,1.5708,-2.7952,0,2.7925,0.7854
1.5708,0.7854,1.5708,-2.7952,0,2.7925,0.7854
1.5708,0.7854,1.5708,-2.7952,0,2.7925,0.7854
1.5708,0.7854,1.5708,-2.7952,0,2.7925,0.7854
1.5708,0.7854,1.5708,-2.7952,0,2.7925,0.7854
1.5708,0.7854,1.5708,-2.7952,0,2.7925,0.7854
1.5708,0.7854,1.5708,-2.7952,0,2.7925,0.7854
1.5708,0.7854,1.5708,-2.7952,0,2.7925,0.7854
1.5708,0.7854,1.5708,-2.7952,0,2.7925,0.7854
1.5708,0.7854,1.5708,-2.7952,0,2.7925,0.7854
1.5708,0.7854,1.5708,-2.7952,0,2.7925,0.7854
1.5708,0.7854,1.5708,-2.7952,0,2.7925,0.7854
1.5708,0.7854,1.5708,-2.7952,0,2.7925,0.7854
1.5708,0.7854,1.5708,-2.7952,0,2.7925,0.7854
1.5708,0.7854,1.5708,-2.7952,0,2.7925,0.7854
