0,0,0,-1.11022e-16,0,0,0
0,0,0,1.85904e-06,0,0,0
0,0,0,7.43615e-06,0,0,0
0,0,0,1.67313e-05,0,0,0
0,0,0,2.97444e-05,0,0,0
0,0,0,4.64755e-05,0,0,0
0,0,0,6.69243e-05,0,0,0
0,0,0,9.10908e-05,0,0,0
0,0,0,0.000118975,0,0,0
0,0,0,0.000150576,0,0,0
0,0,0,0.000185895,0,0,0
0,0,0,0.000224931,0,0,0
0,0,0,0.000267683,0,0,0
0,0,0,0.000314152,0,0,0
0,0,0,0.000364337,0,0,0
0,0,0,0.000418239,0,0,0
0,0,0,0.000475855,0,0,0
0,0,0,0.000537188,0,0,0
0,0,0,0.000602235,0,0,0
0,0,0,0.000670996,0,0,0
0,0,0,0.000743472,0,0,0
0,0,0,0.000819662,0,0,0
0,0,0,0.000899565,0,0,0
0,0,0,0.000983181,0,0,0
0,0,0,0.00107051,0,0,0
0,0,0,0.00116155,0,0,0
0,0,0,0.0012563,0,0,0
0,0,0,0.00135476,0,0,0
0,0,0,0.00145693,0,0,0
0,0,0,0.00156282,0,0,0
0,0,0,0.00167241,0,0,0
0,0,0,0.00178571,0,0,0
0,0,0,0.00190271,0,0,0
0,0,0,0.00202343,0,0,0
0,0,0,0.00214785,0,0,0
0,0,0,0.00227597,0,0,0
0,0,0,0.00240781,0,0,0
0,0,0,0.00254334,0,0,0
0,0,0,0.00268258,0,0,0
0,0,0,0.00282552,0,0,0
0,0,0,0.00297216,0,0,0
0,0,0,0.0031225,0,0,0
0,0,0,0.00327655,0,0,0
0,0,0,0.00343429,0,0,0
0,0,0,0.00359573,0,0,0
0,0,0,0.00376087,0,0,0
0,0,0,0.0039297,0,0,0
0,0,0,0.00410223,0,0,0
0,0,0,0.00427845,0,0,0
0,0,0,0.00445837,0,0,0
0,0,0,0.00464198,0,0,0
0,0,0,0.00482928,0,0,0
0,0,0,0.00502027,0,0,0
0,0,0,0.00521494,0,0,0
0,0,0,0.00541331,0,0,0
0,0,0,0.00561536,0,0,0
0,0,0,0.0058211,0,0,0
0,0,0,0.00603052,0,0,0
0,0,0,0.00624363,0,0,0
0,0,0,0.00646042,0,0,0
0,0,0,0.00668089,0,0,0
0,0,0,0.00690503,0,0,0
0,0,0,0.00713286,0,0,0
0,0,0,0.00736436,0,0,0
0,0,0,0.00759954,0,0,0
0,0,0,0.00783839,0,0,0
0,0,0,0.00808091,0,0,0
0,0,0,0.00832711,0,0,0
0,0,0,0.00857697,0,0,0
0,0,0,0.0088305,0,0,0
0,0,0,0.0090877,0,0,0
0,0,0,0.00934857,0,0,0
0,0,0,0.00961309,0,0,0
0,0,0,0.00988128,0,0,0
0,0,0,0.0101531,0,0,0
0,0,0,0.0104286,0,0,0
0,0,0,0.0107078,0,0,0
0,0,0,0.0109906,0,0,0
0,0,0,0.0112771,0,0,0
0,0,0,0.0115672,0,0,0
0,0,0,0.011861,0,0,0
0,0,0,0.0121585,0,0,0
0,0,0,0.0124595,0,0,0
0,0,0,0.0127643,0,0,0
0,0,0,0.0130726,0,0,0
0,0,0,0.0133846,0,0,0
0,0,0,0.0137003,0,0,0
0,0,0,0.0140196,0,0,0
0,0,0,0.0143425,0,0,0
0,0,0,0.014669,0,0,0
0,0,0,0.0149992,0,0,0
0,0,0,0.0153331,0,0,0
0,0,0,0.0156705,0,0,0
0,0,0,0.0160116,0,0,0
0,0,0,0.0163563,0,0,0
0,0,0,0.0167046,0,0,0
0,0,0,0.0170566,0,0,0
0,0,0,0.0174121,0,0,0
0,0,0,0.0177713,0,0,0
0,0,0,0.0181341,0,0,0
0,0,0,0.0185005,0,0,0
0,0,0,0.0188706,0,0,0
0,0,0,0.0192442,0,0,0
0,0,0,0.0196214,0,0,0
0,0,0,0.0200023,0,0,0
0,0,0,0.0203867,0,0,0
0,0,0,0.0207747,0,0,0
0,0,0,0.0211664,0,0,0
0,0,0,0.0215616,0,0,0
0,0,0,0.0219604,0,0,0
0,0,0,0.0223629,0,0,0
0,0,0,0.0227689,0,0,0
0,0,0,0.0231784,0,0,0
0,0,0,0.0235916,0,0,0
0,0,0,0.0240084,0,0,0
0,0,0,0.0244287,0,0,0
0,0,0,0.0248526,0,0,0
0,0,0,0.0252801,0,0,0
0,0,0,0.0257112,0,0,0
0,0,0,0.0261458,0,0,0
0,0,0,0.026584,0,0,0
0,0,0,0.0270257,0,0,0
0,0,0,0.027471,0,0,0
0,0,0,0.0279199,0,0,0
0,0,0,0.0283723,0,0,0
0,0,0,0.0288283,0,0,0
0,0,0,0.0292878,0,0,0
0,0,0,0.0297509,0,0,0
0,0,0,0.0302175,0,0,0
0,0,0,0.0306877,0,0,0
0,0,0,0.0311614,0,0,0
0,0,0,0.0316386,0,0,0
0,0,0,0.0321194,0,0,0
0,0,0,0.0326037,0,0,0
0,0,0,0.0330916,0,0,0
0,0,0,0.0335829,0,0,0
0,0,0,0.0340778,0,0,0
0,0,0,0.0345762,0,0,0
0,0,0,0.0350781,0,0,0
0,0,0,0.0355836,0,0,0
0,0,0,0.0360925,0,0,0
0,0,0,0.036605,0,0,0
0,0,0,0.0371209,0,0,0
0,0,0,0.0376404,0,0,0
0,0,0,0.0381633,0,0,0
0,0,0,0.0386898,0,0,0
0,0,0,0.0392197,0,0,0
0,0,0,0.0397532,0,0,0
0,0,0,0.0402901,0,0,0
0,0,0,0.0408305,0,0,0
0,0,0,0.0413744,0,0,0
0,0,0,0.0419218,0,0,0
0,0,0,0.0424726,0,0,0
0,0,0,0.0430269,0,0,0
0,0,0,0.0435847,0,0,0
0,0,0,0.044146,0,0,0
0,0,0,0.0447107,0,0,0
0,0,0,0.0452788,0,0,0
0,0,0,0.0458504,0,0,0
0,0,0,0.0464255,0,0,0
0,0,0,0.047004,0,0,0
0,0,0,0.047586,0,0,0
0,0,0,0.0481714,0,0,0
0,0,0,0.0487602,0,0,0
0,0,0,0.0493525,0,0,0
0,0,0,0.0499482,0,0,0
0,0,0,0.0505474,0,0,0
0,0,0,0.0511499,0,0,0
0,0,0,0.0517559,0,0,0
0,0,0,0.0523653,0,0,0
0,0,0,0.0529781,0,0,0
0,0,0,0.0535943,0,0,0
0,0,0,0.0542139,0,0,0
0,0,0,0.054837,0,0,0
0,0,0,0.0554634,0,0,0
0,0,0,0.0560932,0,0,0
0,0,0,0.0567264,0,0,0
0,0,0,0.057363,0,0,0
0,0,0,0.058003,0,0,0
0,0,0,0.0586464,0,0,0
0,0,0,0.0592931,0,0,0
0,0,0,0.0599432,0,0,0
0,0,0,0.0605967,0,0,0
0,0,0,0.0612536,0,0,0
0,0,0,0.0619138,0,0,0
0,0,0,0.0625774,0,0,0
0,0,0,0.0632443,0,0,0
0,0,0,0.0639146,0,0,0
0,0,0,0.0645882,0,0,0
0,0,0,0.0652651,0,0,0
0,0,0,0.0659454,0,0,0
0,0,0,0.0666291,0,0,0
0,0,0,0.067316,0,0,0
0,0,0,0.0680063,0,0,0
0,0,0,0.0686999,0,0,0
0,0,0,0.0693969,0,0,0
0,0,0,0.0700971,0,0,0
0,0,0,0.0708007,0,0,0
0,0,0,0.0715075,0,0,0
0,0,0,0.0722177,0,0,0
0,0,0,0.0729312,0,0,0
0,0,0,0.0736479,0,0,0
0,0,0,0.074368,0,0,0
0,0,0,0.0750913,0,0,0
0,0,0,0.0758179,0,0,0
0,0,0,0.0765478,0,0,0
0,0,0,0.0772809,0,0,0
0,0,0,0.0780174,0,0,0
0,0,0,0.078757,0,0,0
0,0,0,0.0795,0,0,0
0,0,0,0.0802462,0,0,0
0,0,0,0.0809957,0,0,0
0,0,0,0.0817484,0,0,0
0,0,0,0.0825043,0,0,0
0,0,0,0.0832635,0,0,0
0,0,0,0.0840259,0,0,0
0,0,0,0.0847915,0,0,0
0,0,0,0.0855604,0,0,0
0,0,0,0.0863325,0,0,0
0,0,0,0.0871078,0,0,0
0,0,0,0.0878863,0,0,0
0,0,0,0.088668,0,0,0
0,0,0,0.0894529,0,0,0
0,0,0,0.0902411,0,0,0
0,0,0,0.0910324,0,0,0
0,0,0,0.0918269,0,0,0
0,0,0,0.0926246,0,0,0
0,0,0,0.0934254,0,0,0
0,0,0,0.0942295,0,0,0
0,0,0,0.0950367,0,0,0
0,0,0,0.095847,0,0,0
0,0,0,0.0966606,0,0,0
0,0,0,0.0974772,0,0,0
0,0,0,0.0982971,0,0,0
0,0,0,0.09912,0,0,0
0,0,0,0.0999462,0,0,0
0,0,0,0.100775,0,0,0
0,0,0,0.101608,0,0,0
0,0,0,0.102443,0,0,0
0,0,0,0.103282,0,0,0
0,0,0,0.104124,0,0,0
0,0,0,0.104969,0,0,0
0,0,0,0.105817,0,0,0
0,0,0,0.106668,0,0,0
0,0,0,0.107522,0,0,0
0,0,0,0.108379,0,0,0
0,0,0,0.109239,0,0,0
0,0,0,0.110103,0,0,0
0,0,0,0.110969,0,0,0
0,0,0,0.111839,0,0,0
0,0,0,0.112711,0,0,0
0,0,0,0.113587,0,0,0
0,0,0,0.114466,0,0,0
0,0,0,0.115348,0,0,0
0,0,0,0.116233,0,0,0
0,0,0,0.11712,0,0,0
0,0,0,0.118011,0,0,0
0,0,0,0.118905,0,0,0
0,0,0,0.119802,0,0,0
0,0,0,0.120702,0,0,0
0,0,0,0.121605,0,0,0
0,0,0,0.122511,0,0,0
0,0,0,0.12342,0,0,0
0,0,0,0.124332,0,0,0
0,0,0,0.125247,0,0,0
0,0,0,0.126166,0,0,0
0,0,0,0.127087,0,0,0
0,0,0,0.12801,0,0,0
0,0,0,0.128937,0,0,0
0,0,0,0.129867,0,0,0
0,0,0,0.1308,0,0,0
0,0,0,0.131736,0,0,0
0,0,0,0.132675,0,0,0
0,0,0,0.133617,0,0,0
0,0,0,0.134561,0,0,0
0,0,0,0.135509,0,0,0
0,0,0,0.136459,0,0,0
0,0,0,0.137413,0,0,0
0,0,0,0.138369,0,0,0
0,0,0,0.139328,0,0,0
0,0,0,0.140291,0,0,0
0,0,0,0.141256,0,0,0
0,0,0,0.142224,0,0,0
0,0,0,0.143194,0,0,0
0,0,0,0.144168,0,0,0
0,0,0,0.145145,0,0,0
0,0,0,0.146124,0,0,0
0,0,0,0.147107,0,0,0
0,0,0,0.148092,0,0,0
0,0,0,0.14908,0,0,0
0,0,0,0.150071,0,0,0
0,0,0,0.151065,0,0,0
0,0,0,0.152061,0,0,0
0,0,0,0.153061,0,0,0
0,0,0,0.154063,0,0,0
0,0,0,0.155068,0,0,0
0,0,0,0.156076,0,0,0
0,0,0,0.157087,0,0,0
0,0,0,0.1581,0,0,0
0,0,0,0.159116,0,0,0
0,0,0,0.160135,0,0,0
0,0,0,0.161157,0,0,0
0,0,0,0.162182,0,0,0
0,0,0,0.163209,0,0,0
0,0,0,0.164239,0,0,0
0,0,0,0.165272,0,0,0
0,0,0,0.166308,0,0,0
0,0,0,0.167347,0,0,0
0,0,0,0.168388,0,0,0
0,0,0,0.169432,0,0,0
0,0,0,0.170478,0,0,0
0,0,0,0.171528,0,0,0
0,0,0,0.17258,0,0,0
0,0,0,0.173635,0,0,0
0,0,0,0.174692,0,0,0
0,0,0,0.175752,0,0,0
0,0,0,0.176815,0,0,0
0,0,0,0.177881,0,0,0
0,0,0,0.178949,0,0,0
0,0,0,0.18002,0,0,0
0,0,0,0.181093,0,0,0
0,0,0,0.18217,0,0,0
0,0,0,0.183249,0,0,0
0,0,0,0.18433,0,0,0
0,0,0,0.185414,0,0,0
0,0,0,0.186501,0,0,0
0,0,0,0.187591,0,0,0
0,0,0,0.188683,0,0,0
0,0,0,0.189777,0,0,0
0,0,0,0.190875,0,0,0
0,0,0,0.191975,0,0,0
0,0,0,0.193077,0,0,0
0,0,0,0.194182,0,0,0
0,0,0,0.19529,0,0,0
0,0,0,0.1964,0,0,0
0,0,0,0.197513,0,0,0
0,0,0,0.198629,0,0,0
0,0,0,0.199746,0,0,0
0,0,0,0.200867,0,0,0
0,0,0,0.20199,0,0,0
0,0,0,0.203116,0,0,0
0,0,0,0.204244,0,0,0
0,0,0,0.205374,0,0,0
0,0,0,0.206508,0,0,0
0,0,0,0.207643,0,0,0
0,0,0,0.208781,0,0,0
0,0,0,0.209922,0,0,0
0,0,0,0.211065,0,0,0
0,0,0,0.212211,0,0,0
0,0,0,0.213359,0,0,0
0,0,0,0.21451,0,0,0
0,0,0,0.215663,0,0,0
0,0,0,0.216818,0,0,0
0,0,0,0.217976,0,0,0
0,0,0,0.219137,0,0,0
0,0,0,0.2203,0,0,0
0,0,0,0.221465,0,0,0
0,0,0,0.222633,0,0,0
0,0,0,0.223803,0,0,0
0,0,0,0.224975,0,0,0
0,0,0,0.22615,0,0,0
0,0,0,0.227328,0,0,0
0,0,0,0.228507,0,0,0
0,0,0,0.229689,0,0,0
0,0,0,0.230874,0,0,0
0,0,0,0.232061,0,0,0
0,0,0,0.23325,0,0,0
0,0,0,0.234442,0,0,0
0,0,0,0.235635,0,0,0
0,0,0,0.236832,0,0,0
0,0,0,0.23803,0,0,0
0,0,0,0.239231,0,0,0
0,0,0,0.240434,0,0,0
0,0,0,0.24164,0,0,0
0,0,0,0.242848,0,0,0
0,0,0,0.244058,0,0,0
0,0,0,0.24527,0,0,0
0,0,0,0.246485,0,0,0
0,0,0,0.247702,0,0,0
0,0,0,0.248921,0,0,0
0,0,0,0.250143,0,0,0
0,0,0,0.251367,0,0,0
0,0,0,0.252593,0,0,0
0,0,0,0.253821,0,0,0
0,0,0,0.255052,0,0,0
0,0,0,0.256284,0,0,0
0,0,0,0.257519,0,0,0
0,0,0,0.258756,0,0,0
0,0,0,0.259996,0,0,0
0,0,0,0.261237,0,0,0
0,0,0,0.262481,0,0,0
0,0,0,0.263727,0,0,0
0,0,0,0.264975,0,0,0
0,0,0,0.266225,0,0,0
0,0,0,0.267478,0,0,0
0,0,0,0.268732,0,0,0
0,0,0,0.269989,0,0,0
0,0,0,0.271248,0,0,0
0,0,0,0.272509,0,0,0
0,0,0,0.273772,0,0,0
0,0,0,0.275037,0,0,0
0,0,0,0.276305,0,0,0
0,0,0,0.277574,0,0,0
0,0,0,0.278846,0,0,0
0,0,0,0.280119,0,0,0
0,0,0,0.281395,0,0,0
0,0,0,0.282673,0,0,0
0,0,0,0.283953,0,0,0
0,0,0,0.285235,0,0,0
0,0,0,0.286519,0,0,0
0,0,0,0.287805,0,0,0
0,0,0,0.289093,0,0,0
0,0,0,0.290383,0,0,0
0,0,0,0.291675,0,0,0
0,0,0,0.292969,0,0,0
0,0,0,0.294265,0,0,0
0,0,0,0.295563,0,0,0
0,0,0,0.296863,0,0,0
0,0,0,0.298165,0,0,0
0,0,0,0.299469,0,0,0
0,0,0,0.300775,0,0,0
0,0,0,0.302083,0,0,0
0,0,0,0.303393,0,0,0
0,0,0,0.304704,0,0,0
0,0,0,0.306018,0,0,0
0,0,0,0.307334,0,0,0
0,0,0,0.308651,0,0,0
0,0,0,0.309971,0,0,0
0,0,0,0.311292,0,0,0
0,0,0,0.312616,0,0,0
0,0,0,0.313941,0,0,0
0,0,0,0.315268,0,0,0
0,0,0,0.316597,0,0,0
0,0,0,0.317928,0,0,0
0,0,0,0.31926,0,0,0
0,0,0,0.320595,0,0,0
0,0,0,0.321931,0,0,0
0,0,0,0.323269,0,0,0
0,0,0,0.324609,0,0,0
0,0,0,0.325951,0,0,0
0,0,0,0.327295,0,0,0
0,0,0,0.32864,0,0,0
0,0,0,0.329987,0,0,0
0,0,0,0.331336,0,0,0
0,0,0,0.332687,0,0,0
0,0,0,0.334039,0,0,0
0,0,0,0.335394,0,0,0
0,0,0,0.33675,0,0,0
0,0,0,0.338107,0,0,0
0,0,0,0.339467,0,0,0
0,0,0,0.340828,0,0,0
0,0,0,0.342191,0,0,0
0,0,0,0.343556,0,0,0
0,0,0,0.344922,0,0,0
0,0,0,0.34629,0,0,0
0,0,0,0.34766,0,0,0
0,0,0,0.349031,0,0,0
0,0,0,0.350404,0,0,0
0,0,0,0.351779,0,0,0
0,0,0,0.353156,0,0,0
0,0,0,0.354534,0,0,0
0,0,0,0.355913,0,0,0
0,0,0,0.357295,0,0,0
0,0,0,0.358678,0,0,0
0,0,0,0.360062,0,0,0
0,0,0,0.361448,0,0,0
0,0,0,0.362836,0,0,0
0,0,0,0.364225,0,0,0
0,0,0,0.365616,0,0,0
0,0,0,0.367009,0,0,0
0,0,0,0.368403,0,0,0
0,0,0,0.369798,0,0,0
0,0,0,0.371196,0,0,0
0,0,0,0.372594,0,0,0
0,0,0,0.373994,0,0,0
0,0,0,0.375396,0,0,0
0,0,0,0.376799,0,0,0
0,0,0,0.378204,0,0,0
0,0,0,0.37961,0,0,0
0,0,0,0.381018,0,0,0
0,0,0,0.382427,0,0,0
0,0,0,0.383838,0,0,0
0,0,0,0.38525,0,0,0
0,0,0,0.386664,0,0,0
0,0,0,0.388079,0,0,0
0,0,0,0.389495,0,0,0
0,0,0,0.390913,0,0,0
0,0,0,0.392333,0,0,0
0,0,0,0.393753,0,0,0
0,0,0,0.395176,0,0,0
0,0,0,0.396599,0,0,0
0,0,0,0.398024,0,0,0
0,0,0,0.399451,0,0,0
0,0,0,0.400878,0,0,0
0,0,0,0.402307,0,0,0
0,0,0,0.403738,0,0,0
0,0,0,0.405169,0,0,0
0,0,0,0.406603,0,0,0
0,0,0,0.408037,0,0,0
0,0,0,0.409473,0,0,0
0,0,0,0.41091,0,0,0
0,0,0,0.412348,0,0,0
0,0,0,0.413788,0,0,0
0,0,0,0.415229,0,0,0
0,0,0,0.416671,0,0,0
0,0,0,0.418114,0,0,0
0,0,0,0.419559,0,0,0
0,0,0,0.421005,0,0,0
0,0,0,0.422452,0,0,0
0,0,0,0.423901,0,0,0
0,0,0,0.42535,0,0,0
0,0,0,0.426801,0,0,0
0,0,0,0.428253,0,0,0
0,0,0,0.429707,0,0,0
0,0,0,0.431161,0,0,0
0,0,0,0.432617,0,0,0
0,0,0,0.434074,0,0,0
0,0,0,0.435532,0,0,0
0,0,0,0.436991,0,0,0
0,0,0,0.438451,0,0,0
0,0,0,0.439913,0,0,0
0,0,0,0.441375,0,0,0
0,0,0,0.442839,0,0,0
0,0,0,0.444304,0,0,0
0,0,0,0.44577,0,0,0
0,0,0,0.447237,0,0,0
0,0,0,0.448705,0,0,0
0,0,0,0.450174,0,0,0
0,0,0,0.451644,0,0,0
0,0,0,0.453115,0,0,0
0,0,0,0.454588,0,0,0
0,0,0,0.456061,0,0,0
0,0,0,0.457536,0,0,0
0,0,0,0.459011,0,0,0
0,0,0,0.460488,0,0,0
0,0,0,0.461965,0,0,0
0,0,0,0.463443,0,0,0
0,0,0,0.464923,0,0,0
0,0,0,0.466403,0,0,0
0,0,0,0.467885,0,0,0
0,0,0,0.469367,0,0,0
0,0,0,0.47085,0,0,0
0,0,0,0.472335,0,0,0
0,0,0,0.47382,0,0,0
0,0,0,0.475306,0,0,0
0,0,0,0.476793,0,0,0
0,0,0,0.478281,0,0,0
0,0,0,0.47977,0,0,0
0,0,0,0.481259,0,0,0
0,0,0,0.48275,0,0,0
0,0,0,0.484241,0,0,0
0,0,0,0.485734,0,0,0
0,0,0,0.487227,0,0,0
0,0,0,0.488721,0,0,0
0,0,0,0.490216,0,0,0
0,0,0,0.491712,0,0,0
0,0,0,0.493208,0,0,0
0,0,0,0.494705,0,0,0
0,0,0,0.496204,0,0,0
0,0,0,0.497703,0,0,0
0,0,0,0.499202,0,0,0
0,0,0,0.500703,0,0,0
0,0,0,0.502204,0,0,0
0,0,0,0.503706,0,0,0
0,0,0,0.505209,0,0,0
0,0,0,0.506712,0,0,0
0,0,0,0.508216,0,0,0
0,0,0,0.509721,0,0,0
0,0,0,0.511227,0,0,0
0,0,0,0.512733,0,0,0
0,0,0,0.51424,0,0,0
0,0,0,0.515748,0,0,0
0,0,0,0.517256,0,0,0
0,0,0,0.518765,0,0,0
0,0,0,0.520275,0,0,0
0,0,0,0.521785,0,0,0
0,0,0,0.523296,0,0,0
0,0,0,0.524808,0,0,0
0,0,0,0.52632,0,0,0
0,0,0,0.527833,0,0,0
0,0,0,0.529347,0,0,0
0,0,0,0.530861,0,0,0
0,0,0,0.532375,0,0,0
0,0,0,0.53389,0,0,0
0,0,0,0.535406,0,0,0
0,0,0,0.536923,0,0,0
0,0,0,0.538439,0,0,0
0,0,0,0.539957,0,0,0
0,0,0,0.541475,0,0,0
0,0,0,0.542993,0,0,0
0,0,0,0.544512,0,0,0
0,0,0,0.546032,0,0,0
0,0,0,0.547551,0,0,0
0,0,0,0.549072,0,0,0
0,0,0,0.550593,0,0,0
0,0,0,0.552114,0,0,0
0,0,0,0.553636,0,0,0
0,0,0,0.555158,0,0,0
0,0,0,0.556681,0,0,0
0,0,0,0.558204,0,0,0
0,0,0,0.559728,0,0,0
0,0,0,0.561251,0,0,0
0,0,0,0.562776,0,0,0
0,0,0,0.564301,0,0,0
0,0,0,0.565826,0,0,0
0,0,0,0.567351,0,0,0
0,0,0,0.568877,0,0,0
0,0,0,0.570403,0,0,0
0,0,0,0.57193,0,0,0
0,0,0,0.573457,0,0,0
0,0,0,0.574984,0,0,0
0,0,0,0.576511,0,0,0
0,0,0,0.578039,0,0,0
0,0,0,0.579567,0,0,0
0,0,0,0.581096,0,0,0
0,0,0,0.582624,0,0,0
0,0,0,0.584153,0,0,0
0,0,0,0.585683,0,0,0
0,0,0,0.587212,0,0,0
0,0,0,0.588742,0,0,0
0,0,0,0.590272,0,0,0
0,0,0,0.591802,0,0,0
0,0,0,0.593332,0,0,0
0,0,0,0.594863,0,0,0
0,0,0,0.596394,0,0,0
0,0,0,0.597925,0,0,0
0,0,0,0.599456,0,0,0
0,0,0,0.600987,0,0,0
0,0,0,0.602518,0,0,0
0,0,0,0.60405,0,0,0
0,0,0,0.605582,0,0,0
0,0,0,0.607114,0,0,0
0,0,0,0.608646,0,0,0
0,0,0,0.610178,0,0,0
0,0,0,0.61171,0,0,0
0,0,0,0.613242,0,0,0
0,0,0,0.614775,0,0,0
0,0,0,0.616307,0,0,0
0,0,0,0.61784,0,0,0
0,0,0,0.619372,0,0,0
0,0,0,0.620905,0,0,0
0,0,0,0.622438,0,0,0
0,0,0,0.62397,0,0,0
0,0,0,0.625503,0,0,0
0,0,0,0.627036,0,0,0
0,0,0,0.628568,0,0,0
0,0,0,0.630101,0,0,0
0,0,0,0.631634,0,0,0
0,0,0,0.633167,0,0,0
0,0,0,0.634699,0,0,0
0,0,0,0.636232,0,0,0
0,0,0,0.637764,0,0,0
0,0,0,0.639297,0,0,0
0,0,0,0.640829,0,0,0
0,0,0,0.642361,0,0,0
0,0,0,0.643894,0,0,0
0,0,0,0.645426,0,0,0
0,0,0,0.646958,0,0,0
0,0,0,0.64849,0,0,0
0,0,0,0.650021,0,0,0
0,0,0,0.651553,0,0,0
0,0,0,0.653084,0,0,0
0,0,0,0.654616,0,0,0
0,0,0,0.656147,0,0,0
0,0,0,0.657678,0,0,0
0,0,0,0.659208,0,0,0
0,0,0,0.660739,0,0,0
0,0,0,0.662269,0,0,0
0,0,0,0.663799,0,0,0
0,0,0,0.665329,0,0,0
0,0,0,0.666859,0,0,0
0,0,0,0.668388,0,0,0
0,0,0,0.669917,0,0,0
0,0,0,0.671446,0,0,0
0,0,0,0.672975,0,0,0
0,0,0,0.674503,0,0,0
0,0,0,0.676031,0,0,0
0,0,0,0.677559,0,0,0
0,0,0,0.679086,0,0,0
0,0,0,0.680614,0,0,0
0,0,0,0.68214,0,0,0
0,0,0,0.683667,0,0,0
0,0,0,0.685193,0,0,0
0,0,0,0.686719,0,0,0
0,0,0,0.688244,0,0,0
0,0,0,0.689769,0,0,0
0,0,0,0.691294,0,0,0
0,0,0,0.692818,0,0,0
0,0,0,0.694342,0,0,0
0,0,0,0.695865,0,0,0
0,0,0,0.697388,0,0,0
0,0,0,0.698911,0,0,0
0,0,0,0.700433,0,0,0
0,0,0,0.701954,0,0,0
0,0,0,0.703475,0,0,0
0,0,0,0.704996,0,0,0
0,0,0,0.706516,0,0,0
0,0,0,0.708036,0,0,0
0,0,0,0.709555,0,0,0
0,0,0,0.711074,0,0,0
0,0,0,0.712592,0,0,0
0,0,0,0.71411,0,0,0
0,0,0,0.715627,0,0,0
0,0,0,0.717144,0,0,0
0,0,0,0.71866,0,0,0
0,0,0,0.720176,0,0,0
0,0,0,0.72169,0,0,0
0,0,0,0.723205,0,0,0
0,0,0,0.724719,0,0,0
0,0,0,0.726232,0,0,0
0,0,0,0.727744,0,0,0
0,0,0,0.729256,0,0,0
0,0,0,0.730767,0,0,0
0,0,0,0.732278,0,0,0
0,0,0,0.733788,0,0,0
0,0,0,0.735297,0,0,0
0,0,0,0.736806,0,0,0
0,0,0,0.738314,0,0,0
0,0,0,0.739822,0,0,0
0,0,0,0.741328,0,0,0
0,0,0,0.742834,0,0,0
0,0,0,0.744339,0,0,0
0,0,0,0.745844,0,0,0
0,0,0,0.747348,0,0,0
0,0,0,0.748851,0,0,0
0,0,0,0.750353,0,0,0
0,0,0,0.751854,0,0,0
0,0,0,0.753355,0,0,0
0,0,0,0.754855,0,0,0
0,0,0,0.756354,0,0,0
0,0,0,0.757853,0,0,0
0,0,0,0.75935,0,0,0
0,0,0,0.760847,0,0,0
0,0,0,0.762343,0,0,0
0,0,0,0.763838,0,0,0
0,0,0,0.765332,0,0,0
0,0,0,0.766825,0,0,0
0,0,0,0.768318,0,0,0
0,0,0,0.76981,0,0,0
0,0,0,0.7713,0,0,0
0,0,0,0.77279,0,0,0
0,0,0,0.774279,0,0,0
0,0,0,0.775767,0,0,0
0,0,0,0.777254,0,0,0
0,0,0,0.778741,0,0,0
0,0,0,0.780226,0,0,0
0,0,0,0.78171,0,0,0
0,0,0,0.783194,0,0,0
0,0,0,0.784676,0,0,0
0,0,0,0.786158,0,0,0
0,0,0,0.787638,0,0,0
0,0,0,0.789117,0,0,0
0,0,0,0.790596,0,0,0
0,0,0,0.792073,0,0,0
0,0,0,0.79355,0,0,0
0,0,0,0.795025,0,0,0
0,0,0,0.7965,0,0,0
0,0,0,0.797973,0,0,0
0,0,0,0.799445,0,0,0
0,0,0,0.800916,0,0,0
0,0,0,0.802386,0,0,0
0,0,0,0.803855,0,0,0
0,0,0,0.805323,0,0,0
0,0,0,0.80679,0,0,0
0,0,0,0.808256,0,0,0
0,0,0,0.80972,0,0,0
0,0,0,0.811184,0,0,0
0,0,0,0.812646,0,0,0
0,0,0,0.814107,0,0,0
0,0,0,0.815567,0,0,0
0,0,0,0.817026,0,0,0
0,0,0,0.818484,0,0,0
0,0,0,0.81994,0,0,0
0,0,0,0.821396,0,0,0
0,0,0,0.82285,0,0,0
0,0,0,0.824303,0,0,0
0,0,0,0.825754,0,0,0
0,0,0,0.827205,0,0,0
0,0,0,0.828654,0,0,0
0,0,0,0.830102,0,0,0
0,0,0,0.831548,0,0,0
0,0,0,0.832994,0,0,0
0,0,0,0.834438,0,0,0
0,0,0,0.835881,0,0,0
0,0,0,0.837322,0,0,0
0,0,0,0.838762,0,0,0
0,0,0,0.840201,0,0,0
0,0,0,0.841639,0,0,0
0,0,0,0.843075,0,0,0
0,0,0,0.84451,0,0,0
0,0,0,0.845943,0,0,0
0,0,0,0.847376,0,0,0
0,0,0,0.848806,0,0,0
0,0,0,0.850236,0,0,0
0,0,0,0.851664,0,0,0
0,0,0,0.85309,0,0,0
0,0,0,0.854516,0,0,0
0,0,0,0.855939,0,0,0
0,0,0,0.857362,0,0,0
0,0,0,0.858783,0,0,0
0,0,0,0.860202,0,0,0
0,0,0,0.86162,0,0,0
0,0,0,0.863037,0,0,0
0,0,0,0.864452,0,0,0
0,0,0,0.865866,0,0,0
0,0,0,0.867278,0,0,0
0,0,0,0.868689,0,0,0
0,0,0,0.870098,0,0,0
0,0,0,0.871505,0,0,0
0,0,0,0.872912,0,0,0
0,0,0,0.874316,0,0,0
0,0,0,0.875719,0,0,0
0,0,0,0.877121,0,0,0
0,0,0,0.878521,0,0,0
0,0,0,0.879919,0,0,0
0,0,0,0.881316,0,0,0
0,0,0,0.882711,0,0,0
0,0,0,0.884105,0,0,0
0,0,0,0.885497,0,0,0
0,0,0,0.886887,0,0,0
0,0,0,0.888276,0,0,0
0,0,0,0.889663,0,0,0
0,0,0,0.891048,0,0,0
0,0,0,0.892432,0,0,0
0,0,0,0.893814,0,0,0
0,0,0,0.895195,0,0,0
0,0,0,0.896574,0,0,0
0,0,0,0.897951,0,0,0
0,0,0,0.899326,0,0,0
0,0,0,0.9007,0,0,0
0,0,0,0.902072,0,0,0
0,0,0,0.903443,0,0,0
0,0,0,0.904811,0,0,0
0,0,0,0.906178,0,0,0
0,0,0,0.907543,0,0,0
0,0,0,0.908907,0,0,0
0,0,0,0.910268,0,0,0
0,0,0,0.911628,0,0,0
0,0,0,0.912986,0,0,0
0,0,0,0.914342,0,0,0
0,0,0,0.915697,0,0,0
0,0,0,0.917049,0,0,0
0,0,0,0.9184,0,0,0
0,0,0,0.919749,0,0,0
0,0,0,0.921096,0,0,0
0,0,0,0.922442,0,0,0
0,0,0,0.923785,0,0,0
0,0,0,0.925127,0,0,0
0,0,0,0.926467,0,0,0
0,0,0,0.927805,0,0,0
0,0,0,0.929141,0,0,0
0,0,0,0.930475,0,0,0
0,0,0,0.931807,0,0,0
0,0,0,0.933137,0,0,0
0,0,0,0.934465,0,0,0
0,0,0,0.935792,0,0,0
0,0,0,0.937116,0,0,0
0,0,0,0.938439,0,0,0
0,0,0,0.939759,0,0,0
0,0,0,0.941078,0,0,0
0,0,0,0.942395,0,0,0
0,0,0,0.943709,0,0,0
0,0,0,0.945022,0,0,0
0,0,0,0.946333,0,0,0
0,0,0,0.947641,0,0,0
0,0,0,0.948948,0,0,0
0,0,0,0.950253,0,0,0
0,0,0,0.951555,0,0,0
0,0,0,0.952856,0,0,0
0,0,0,0.954154,0,0,0
0,0,0,0.955451,0,0,0
0,0,0,0.956745,0,0,0
0,0,0,0.958037,0,0,0
0,0,0,0.959327,0,0,0
0,0,0,0.960615,0,0,0
0,0,0,0.961901,0,0,0
0,0,0,0.963185,0,0,0
0,0,0,0.964467,0,0,0
0,0,0,0.965747,0,0,0
0,0,0,0.967024,0,0,0
0,0,0,0.9683,0,0,0
0,0,0,0.969573,0,0,0
0,0,0,0.970844,0,0,0
0,0,0,0.972113,0,0,0
0,0,0,0.97338,0,0,0
0,0,0,0.974644,0,0,0
0,0,0,0.975906,0,0,0
0,0,0,0.977166,0,0,0
0,0,0,0.978424,0,0,0
0,0,0,0.97968,0,0,0
0,0,0,0.980934,0,0,0
0,0,0,0.982185,0,0,0
0,0,0,0.983434,0,0,0
0,0,0,0.98468,0,0,0
0,0,0,0.985925,0,0,0
0,0,0,0.987167,0,0,0
0,0,0,0.988407,0,0,0
0,0,0,0.989645,0,0,0
0,0,0,0.99088,0,0,0
0,0,0,0.992113,0,0,0
0,0,0,0.993344,0,0,0
0,0,0,0.994572,0,0,0
0,0,0,0.995798,0,0,0
0,0,0,0.997022,0,0,0
0,0,0,0.998243,0,0,0
0,0,0,0.999462,0,0,0
0,0,0,1.00068,0,0,0
0,0,0,1.00189,0,0,0
0,0,0,1.00311,0,0,0
0,0,0,1.00432,0,0,0
0,0,0,1.00552,0,0,0
0,0,0,1.00673,0,0,0
0,0,0,1.00793,0,0,0
0,0,0,1.00913,0,0,0
0,0,0,1.01033,0,0,0
0,0,0,1.01152,0,0,0
0,0,0,1.01271,0,0,0
0,0,0,1.0139,0,0,0
0,0,0,1.01509,0,0,0
0,0,0,1.01628,0,0,0
0,0,0,1.01746,0,0,0
0,0,0,1.01864,0,0,0
0,0,0,1.01982,0,0,0
0,0,0,1.02099,0,0,0
0,0,0,1.02217,0,0,0
0,0,0,1.02334,0,0,0
0,0,0,1.0245,0,0,0
0,0,0,1.02567,0,0,0
0,0,0,1.02683,0,0,0
0,0,0,1.02799,0,0,0
0,0,0,1.02915,0,0,0
0,0,0,1.03031,0,0,0
0,0,0,1.03146,0,0,0
0,0,0,1.03261,0,0,0
0,0,0,1.03376,0,0,0
0,0,0,1.0349,0,0,0
0,0,0,1.03604,0,0,0
0,0,0,1.03718,0,0,0
0,0,0,1.03832,0,0,0
0,0,0,1.03945,0,0,0
0,0,0,1.04058,0,0,0
0,0,0,1.04171,0,0,0
0,0,0,1.04284,0,0,0
0,0,0,1.04396,0,0,0
0,0,0,1.04508,0,0,0
0,0,0,1.0462,0,0,0
0,0,0,1.04732,0,0,0
0,0,0,1.04843,0,0,0
0,0,0,1.04954,0,0,0
0,0,0,1.05065,0,0,0
0,0,0,1.05175,0,0,0
0,0,0,1.05286,0,0,0
0,0,0,1.05396,0,0,0
0,0,0,1.05505,0,0,0
0,0,0,1.05615,0,0,0
0,0,0,1.05724,0,0,0
0,0,0,1.05833,0,0,0
0,0,0,1.05941,0,0,0
0,0,0,1.0605,0,0,0
0,0,0,1.06158,0,0,0
0,0,0,1.06265,0,0,0
0,0,0,1.06373,0,0,0
0,0,0,1.0648,0,0,0
0,0,0,1.06587,0,0,0
0,0,0,1.06693,0,0,0
0,0,0,1.068,0,0,0
0,0,0,1.06906,0,0,0
0,0,0,1.07012,0,0,0
0,0,0,1.07117,0,0,0
0,0,0,1.07222,0,0,0
0,0,0,1.07327,0,0,0
0,0,0,1.07432,0,0,0
0,0,0,1.07536,0,0,0
0,0,0,1.0764,0,0,0
0,0,0,1.07744,0,0,0
0,0,0,1.07847,0,0,0
0,0,0,1.07951,0,0,0
0,0,0,1.08054,0,0,0
0,0,0,1.08156,0,0,0
0,0,0,1.08258,0,0,0
0,0,0,1.0836,0,0,0
0,0,0,1.08462,0,0,0
0,0,0,1.08564,0,0,0
0,0,0,1.08665,0,0,0
0,0,0,1.08766,0,0,0
0,0,0,1.08866,0,0,0
0,0,0,1.08966,0,0,0
0,0,0,1.09066,0,0,0
0,0,0,1.09166,0,0,0
0,0,0,1.09265,0,0,0
0,0,0,1.09364,0,0,0
0,0,0,1.09463,0,0,0
0,0,0,1.09562,0,0,0
0,0,0,1.0966,0,0,0
0,0,0,1.09757,0,0,0
0,0,0,1.09855,0,0,0
0,0,0,1.09952,0,0,0
0,0,0,1.10049,0,0,0
0,0,0,1.10146,0,0,0
0,0,0,1.10242,0,0,0
0,0,0,1.10338,0,0,0
0,0,0,1.10434,0,0,0
0,0,0,1.10529,0,0,0
0,0,0,1.10624,0,0,0
0,0,0,1.10719,0,0,0
0,0,0,1.10813,0,0,0
0,0,0,1.10908,0,0,0
0,0,0,1.11001,0,0,0
0,0,0,1.11095,0,0,0
0,0,0,1.11188,0,0,0
0,0,0,1.11281,0,0,0
0,0,0,1.11374,0,0,0
0,0,0,1.11466,0,0,0
0,0,0,1.11558,0,0,0
0,0,0,1.11649,0,0,0
0,0,0,1.11741,0,0,0
0,0,0,1.11832,0,0,0
0,0,0,1.11922,0,0,0
0,0,0,1.12013,0,0,0
0,0,0,1.12103,0,0,0
0,0,0,1.12192,0,0,0
0,0,0,1.12282,0,0,0
0,0,0,1.12371,0,0,0
0,0,0,1.1246,0,0,0
0,0,0,1.12548,0,0,0
0,0,0,1.12636,0,0,0
0,0,0,1.12724,0,0,0
0,0,0,1.12811,0,0,0
0,0,0,1.12898,0,0,0
0,0,0,1.12985,0,0,0
0,0,0,1.13072,0,0,0
0,0,0,1.13158,0,0,0
0,0,0,1.13244,0,0,0
0,0,0,1.13329,0,0,0
0,0,0,1.13414,0,0,0
0,0,0,1.13499,0,0,0
0,0,0,1.13583,0,0,0
0,0,0,1.13668,0,0,0
0,0,0,1.13751,0,0,0
0,0,0,1.13835,0,0,0
0,0,0,1.13918,0,0,0
0,0,0,1.14001,0,0,0
0,0,0,1.14083,0,0,0
0,0,0,1.14165,0,0,0
0,0,0,1.14247,0,0,0
0,0,0,1.14329,0,0,0
0,0,0,1.1441,0,0,0
0,0,0,1.14491,0,0,0
0,0,0,1.14571,0,0,0
0,0,0,1.14651,0,0,0
0,0,0,1.14731,0,0,0
0,0,0,1.1481,0,0,0
0,0,0,1.14889,0,0,0
0,0,0,1.14968,0,0,0
0,0,0,1.15046,0,0,0
0,0,0,1.15125,0,0,0
0,0,0,1.15202,0,0,0
0,0,0,1.1528,0,0,0
0,0,0,1.15357,0,0,0
0,0,0,1.15433,0,0,0
0,0,0,1.1551,0,0,0
0,0,0,1.15586,0,0,0
0,0,0,1.15661,0,0,0
0,0,0,1.15736,0,0,0
0,0,0,1.15811,0,0,0
0,0,0,1.15886,0,0,0
0,0,0,1.1596,0,0,0
0,0,0,1.16034,0,0,0
0,0,0,1.16108,0,0,0
0,0,0,1.16181,0,0,0
0,0,0,1.16254,0,0,0
0,0,0,1.16326,0,0,0
0,0,0,1.16398,0,0,0
0,0,0,1.1647,0,0,0
0,0,0,1.16541,0,0,0
0,0,0,1.16612,0,0,0
0,0,0,1.16683,0,0,0
0,0,0,1.16753,0,0,0
0,0,0,1.16823,0,0,0
0,0,0,1.16893,0,0,0
0,0,0,1.16962,0,0,0
0,0,0,1.17031,0,0,0
0,0,0,1.171,0,0,0
0,0,0,1.17168,0,0,0
0,0,0,1.17236,0,0,0
0,0,0,1.17303,0,0,0
0,0,0,1.1737,0,0,0
0,0,0,1.17437,0,0,0
0,0,0,1.17503,0,0,0
0,0,0,1.17569,0,0,0
0,0,0,1.17635,0,0,0
0,0,0,1.177,0,0,0
0,0,0,1.17765,0,0,0
0,0,0,1.1783,0,0,0
0,0,0,1.17894,0,0,0
0,0,0,1.17958,0,0,0
0,0,0,1.18021,0,0,0
0,0,0,1.18084,0,0,0
0,0,0,1.18147,0,0,0
0,0,0,1.18209,0,0,0
0,0,0,1.18271,0,0,0
0,0,0,1.18333,0,0,0
0,0,0,1.18394,0,0,0
0,0,0,1.18455,0,0,0
0,0,0,1.18516,0,0,0
0,0,0,1.18576,0,0,0
0,0,0,1.18635,0,0,0
0,0,0,1.18695,0,0,0
0,0,0,1.18754,0,0,0
0,0,0,1.18812,0,0,0
0,0,0,1.18871,0,0,0
0,0,0,1.18929,0,0,0
0,0,0,1.18986,0,0,0
0,0,0,1.19043,0,0,0
0,0,0,1.191,0,0,0
0,0,0,1.19156,0,0,0
0,0,0,1.19212,0,0,0
0,0,0,1.19268,0,0,0
0,0,0,1.19323,0,0,0
0,0,0,1.19378,0,0,0
0,0,0,1.19433,0,0,0
0,0,0,1.19487,0,0,0
0,0,0,1.1954,0,0,0
0,0,0,1.19594,0,0,0
0,0,0,1.19647,0,0,0
0,0,0,1.19699,0,0,0
0,0,0,1.19751,0,0,0
0,0,0,1.19803,0,0,0
0,0,0,1.19855,0,0,0
0,0,0,1.19906,0,0,0
0,0,0,1.19956,0,0,0
0,0,0,1.20007,0,0,0
0,0,0,1.20056,0,0,0
0,0,0,1.20106,0,0,0
0,0,0,1.20155,0,0,0
0,0,0,1.20204,0,0,0
0,0,0,1.20252,0,0,0
0,0,0,1.203,0,0,0
0,0,0,1.20348,0,0,0
0,0,0,1.20395,0,0,0
0,0,0,1.20441,0,0,0
0,0,0,1.20488,0,0,0
0,0,0,1.20534,0,0,0
0,0,0,1.20579,0,0,0
0,0,0,1.20625,0,0,0
0,0,0,1.20669,0,0,0
0,0,0,1.20714,0,0,0
0,0,0,1.20758,0,0,0
0,0,0,1.20802,0,0,0
0,0,0,1.20845,0,0,0
0,0,0,1.20888,0,0,0
0,0,0,1.2093,0,0,0
0,0,0,1.20972,0,0,0
0,0,0,1.21014,0,0,0
0,0,0,1.21055,0,0,0
0,0,0,1.21096,0,0,0
0,0,0,1.21137,0,0,0
0,0,0,1.21177,0,0,0
0,0,0,1.21216,0,0,0
0,0,0,1.21256,0,0,0
0,0,0,1.21294,0,0,0
0,0,0,1.21333,0,0,0
0,0,0,1.21371,0,0,0
0,0,0,1.21409,0,0,0
0,0,0,1.21446,0,0,0
0,0,0,1.21483,0,0,0
0,0,0,1.21519,0,0,0
0,0,0,1.21556,0,0,0
0,0,0,1.21591,0,0,0
0,0,0,1.21627,0,0,0
0,0,0,1.21661,0,0,0
0,0,0,1.21696,0,0,0
0,0,0,1.2173,0,0,0
0,0,0,1.21764,0,0,0
0,0,0,1.21797,0,0,0
0,0,0,1.2183,0,0,0
0,0,0,1.21862,0,0,0
0,0,0,1.21894,0,0,0
0,0,0,1.21926,0,0,0
0,0,0,1.21957,0,0,0
0,0,0,1.21988,0,0,0
0,0,0,1.22018,0,0,0
0,0,0,1.22048,0,0,0
0,0,0,1.22078,0,0,0
0,0,0,1.22107,0,0,0
0,0,0,1.22136,0,0,0
0,0,0,1.22164,0,0,0
0,0,0,1.22192,0,0,0
0,0,0,1.2222,0,0,0
0,0,0,1.22247,0,0,0
0,0,0,1.22274,0,0,0
0,0,0,1.223,0,0,0
0,0,0,1.22326,0,0,0
0,0,0,1.22352,0,0,0
0,0,0,1.22377,0,0,0
0,0,0,1.22402,0,0,0
0,0,0,1.22426,0,0,0
0,0,0,1.2245,0,0,0
0,0,0,1.22473,0,0,0
0,0,0,1.22496,0,0,0
0,0,0,1.22519,0,0,0
0,0,0,1.22541,0,0,0
0,0,0,1.22563,0,0,0
0,0,0,1.22584,0,0,0
0,0,0,1.22605,0,0,0
0,0,0,1.22626,0,0,0
0,0,0,1.22646,0,0,0
0,0,0,1.22666,0,0,0
0,0,0,1.22685,0,0,0
0,0,0,1.22704,0,0,0
0,0,0,1.22722,0,0,0
0,0,0,1.2274,0,0,0
0,0,0,1.22758,0,0,0
0,0,0,1.22775,0,0,0
0,0,0,1.22792,0,0,0
0,0,0,1.22808,0,0,0
0,0,0,1.22824,0,0,0
0,0,0,1.2284,0,0,0
0,0,0,1.22855,0,0,0
0,0,0,1.2287,0,0,0
0,0,0,1.22884,0,0,0
0,0,0,1.22898,0,0,0
0,0,0,1.22911,0,0,0
0,0,0,1.22924,0,0,0
0,0,0,1.22937,0,0,0
0,0,0,1.22949,0,0,0
0,0,0,1.22961,0,0,0
0,0,0,1.22972,0,0,0
0,0,0,1.22983,0,0,0
0,0,0,1.22994,0,0,0
0,0,0,1.23004,0,0,0
0,0,0,1.23013,0,0,0
0,0,0,1.23023,0,0,0
0,0,0,1.23031,0,0,0
0,0,0,1.2304,0,0,0
0,0,0,1.23048,0,0,0
0,0,0,1.23055,0,0,0
0,0,0,1.23062,0,0,0
0,0,0,1.23069,0,0,0
0,0,0,1.23075,0,0,0
0,0,0,1.23081,0,0,0
0,0,0,1.23086,0,0,0
0,0,0,1.23091,0,0,0
0,0,0,1.23096,0,0,0
0,0,0,1.231,0,0,0
0,0,0,1.23104,0,0,0
0,0,0,1.23107,0,0,0
0,0,0,1.2311,0,0,0
0,0,0,1.23112,0,0,0
0,0,0,1.23114,0,0,0
0,0,0,1.23116,0,0,0
0,0,0,1.23117,0,0,0
0,0,0,1.23118,0,0,0
0,0,0,1.23118,0,0,0
0,0,0,1.23118,0,0,0
0,0,0,1.23117,0,0,0
0,0,0,1.23116,0,0,0
0,0,0,1.23115,0,0,0
0,0,0,1.23113,0,0,0
0,0,0,1.2311,0,0,0
0,0,0,1.23108,0,0,0
0,0,0,1.23104,0,0,0
0,0,0,1.23101,0,0,0
0,0,0,1.23097,0,0,0
0,0,0,1.23092,0,0,0
0,0,0,1.23087,0,0,0
0,0,0,1.23082,0,0,0
0,0,0,1.23076,0,0,0
0,0,0,1.2307,0,0,0
0,0,0,1.23063,0,0,0
0,0,0,1.23056,0,0,0
0,0,0,1.23049,0,0,0
0,0,0,1.23041,0,0,0
0,0,0,1.23033,0,0,0
0,0,0,1.23024,0,0,0
0,0,0,1.23015,0,0,0
0,0,0,1.23005,0,0,0
0,0,0,1.22995,0,0,0
0,0,0,1.22984,0,0,0
0,0,0,1.22973,0,0,0
0,0,0,1.22962,0,0,0
0,0,0,1.2295,0,0,0
0,0,0,1.22938,0,0,0
0,0,0,1.22925,0,0,0
0,0,0,1.22912,0,0,0
0,0,0,1.22898,0,0,0
0,0,0,1.22884,0,0,0
0,0,0,1.2287,0,0,0
0,0,0,1.22855,0,0,0
0,0,0,1.2284,0,0,0
0,0,0,1.22824,0,0,0
0,0,0,1.22808,0,0,0
0,0,0,1.22791,0,0,0
0,0,0,1.22774,0,0,0
0,0,0,1.22757,0,0,0
0,0,0,1.22739,0,0,0
0,0,0,1.2272,0,0,0
0,0,0,1.22701,0,0,0
0,0,0,1.22682,0,0,0
0,0,0,1.22662,0,0,0
0,0,0,1.22642,0,0,0
0,0,0,1.22622,0,0,0
0,0,0,1.22601,0,0,0
0,0,0,1.22579,0,0,0
0,0,0,1.22557,0,0,0
0,0,0,1.22535,0,0,0
0,0,0,1.22512,0,0,0
0,0,0,1.22489,0,0,0
0,0,0,1.22465,0,0,0
0,0,0,1.22441,0,0,0
0,0,0,1.22417,0,0,0
0,0,0,1.22392,0,0,0
0,0,0,1.22367,0,0,0
0,0,0,1.22341,0,0,0
0,0,0,1.22314,0,0,0
0,0,0,1.22288,0,0,0
0,0,0,1.22261,0,0,0
0,0,0,1.22233,0,0,0
0,0,0,1.22205,0,0,0
0,0,0,1.22177,0,0,0
0,0,0,1.22148,0,0,0
0,0,0,1.22118,0,0,0
0,0,0,1.22088,0,0,0
0,0,0,1.22058,0,0,0
0,0,0,1.22028,0,0,0
0,0,0,1.21996,0,0,0
0,0,0,1.21965,0,0,0
0,0,0,1.21933,0,0,0
0,0,0,1.219,0,0,0
0,0,0,1.21868,0,0,0
0,0,0,1.21834,0,0,0
0,0,0,1.21801,0,0,0
0,0,0,1.21766,0,0,0
0,0,0,1.21732,0,0,0
0,0,0,1.21697,0,0,0
0,0,0,1.21661,0,0,0
0,0,0,1.21625,0,0,0
0,0,0,1.21589,0,0,0
0,0,0,1.21552,0,0,0
0,0,0,1.21515,0,0,0
0,0,0,1.21477,0,0,0
0,0,0,1.21439,0,0,0
0,0,0,1.214,0,0,0
0,0,0,1.21361,0,0,0
0,0,0,1.21322,0,0,0
0,0,0,1.21282,0,0,0
0,0,0,1.21241,0,0,0
0,0,0,1.21201,0,0,0
0,0,0,1.21159,0,0,0
0,0,0,1.21118,0,0,0
0,0,0,1.21075,0,0,0
0,0,0,1.21033,0,0,0
0,0,0,1.2099,0,0,0
0,0,0,1.20946,0,0,0
0,0,0,1.20902,0,0,0
0,0,0,1.20858,0,0,0
0,0,0,1.20813,0,0,0
0,0,0,1.20768,0,0,0
0,0,0,1.20722,0,0,0
0,0,0,1.20676,0,0,0
0,0,0,1.2063,0,0,0
0,0,0,1.20583,0,0,0
0,0,0,1.20535,0,0,0
0,0,0,1.20487,0,0,0
0,0,0,1.20439,0,0,0
0,0,0,1.2039,0,0,0
0,0,0,1.20341,0,0,0
0,0,0,1.20292,0,0,0
0,0,0,1.20241,0,0,0
0,0,0,1.20191,0,0,0
0,0,0,1.2014,0,0,0
0,0,0,1.20089,0,0,0
0,0,0,1.20037,0,0,0
0,0,0,1.19984,0,0,0
0,0,0,1.19932,0,0,0
0,0,0,1.19878,0,0,0
0,0,0,1.19825,0,0,0
0,0,0,1.19771,0,0,0
0,0,0,1.19716,0,0,0
0,0,0,1.19661,0,0,0
0,0,0,1.19606,0,0,0
0,0,0,1.1955,0,0,0
0,0,0,1.19494,0,0,0
0,0,0,1.19437,0,0,0
0,0,0,1.1938,0,0,0
0,0,0,1.19322,0,0,0
0,0,0,1.19264,0,0,0
0,0,0,1.19206,0,0,0
0,0,0,1.19147,0,0,0
0,0,0,1.19088,0,0,0
0,0,0,1.19028,0,0,0
0,0,0,1.18968,0,0,0
0,0,0,1.18907,0,0,0
0,0,0,1.18846,0,0,0
0,0,0,1.18784,0,0,0
0,0,0,1.18722,0,0,0
0,0,0,1.1866,0,0,0
0,0,0,1.18597,0,0,0
0,0,0,1.18534,0,0,0
0,0,0,1.1847,0,0,0
0,0,0,1.18406,0,0,0
0,0,0,1.18341,0,0,0
0,0,0,1.18276,0,0,0
0,0,0,1.1821,0,0,0
0,0,0,1.18144,0,0,0
0,0,0,1.18078,0,0,0
0,0,0,1.18011,0,0,0
0,0,0,1.17944,0,0,0
0,0,0,1.17876,0,0,0
0,0,0,1.17808,0,0,0
0,0,0,1.17739,0,0,0
0,0,0,1.1767,0,0,0
0,0,0,1.17601,0,0,0
0,0,0,1.17531,0,0,0
0,0,0,1.17461,0,0,0
0,0,0,1.1739,0,0,0
0,0,0,1.17319,0,0,0
0,0,0,1.17247,0,0,0
0,0,0,1.17175,0,0,0
0,0,0,1.17102,0,0,0
0,0,0,1.17029,0,0,0
0,0,0,1.16956,0,0,0
0,0,0,1.16882,0,0,0
0,0,0,1.16808,0,0,0
0,0,0,1.16733,0,0,0
0,0,0,1.16658,0,0,0
0,0,0,1.16582,0,0,0
0,0,0,1.16506,0,0,0
0,0,0,1.1643,0,0,0
0,0,0,1.16353,0,0,0
0,0,0,1.16276,0,0,0
0,0,0,1.16198,0,0,0
0,0,0,1.16119,0,0,0
0,0,0,1.16041,0,0,0
0,0,0,1.15962,0,0,0
0,0,0,1.15882,0,0,0
0,0,0,1.15802,0,0,0
0,0,0,1.15722,0,0,0
0,0,0,1.15641,0,0,0
0,0,0,1.1556,0,0,0
0,0,0,1.15478,0,0,0
0,0,0,1.15396,0,0,0
0,0,0,1.15313,0,0,0
0,0,0,1.1523,0,0,0
0,0,0,1.15147,0,0,0
0,0,0,1.15063,0,0,0
0,0,0,1.14979,0,0,0
0,0,0,1.14894,0,0,0
0,0,0,1.14809,0,0,0
0,0,0,1.14723,0,0,0
0,0,0,1.14637,0,0,0
0,0,0,1.14551,0,0,0
0,0,0,1.14464,0,0,0
0,0,0,1.14376,0,0,0
0,0,0,1.14289,0,0,0
0,0,0,1.142,0,0,0
0,0,0,1.14112,0,0,0
0,0,0,1.14023,0,0,0
0,0,0,1.13933,0,0,0
0,0,0,1.13843,0,0,0
0,0,0,1.13753,0,0,0
0,0,0,1.13662,0,0,0
0,0,0,1.13571,0,0,0
0,0,0,1.13479,0,0,0
0,0,0,1.13387,0,0,0
0,0,0,1.13295,0,0,0
0,0,0,1.13202,0,0,0
0,0,0,1.13108,0,0,0
0,0,0,1.13014,0,0,0
0,0,0,1.1292,0,0,0
0,0,0,1.12826,0,0,0
0,0,0,1.1273,0,0,0
0,0,0,1.12635,0,0,0
0,0,0,1.12539,0,0,0
0,0,0,1.12443,0,0,0
0,0,0,1.12346,0,0,0
0,0,0,1.12249,0,0,0
0,0,0,1.12151,0,0,0
0,0,0,1.12053,0,0,0
0,0,0,1.11954,0,0,0
0,0,0,1.11855,0,0,0
0,0,0,1.11756,0,0,0
0,0,0,1.11656,0,0,0
0,0,0,1.11556,0,0,0
0,0,0,1.11455,0,0,0
0,0,0,1.11354,0,0,0
0,0,0,1.11253,0,0,0
0,0,0,1.11151,0,0,0
0,0,0,1.11049,0,0,0
0,0,0,1.10946,0,0,0
0,0,0,1.10843,0,0,0
0,0,0,1.10739,0,0,0
0,0,0,1.10635,0,0,0
0,0,0,1.10531,0,0,0
0,0,0,1.10426,0,0,0
0,0,0,1.10321,0,0,0
0,0,0,1.10215,0,0,0
0,0,0,1.10109,0,0,0
0,0,0,1.10002,0,0,0
0,0,0,1.09895,0,0,0
0,0,0,1.09788,0,0,0
0,0,0,1.0968,0,0,0
0,0,0,1.09572,0,0,0
0,0,0,1.09463,0,0,0
0,0,0,1.09354,0,0,0
0,0,0,1.09244,0,0,0
0,0,0,1.09135,0,0,0
0,0,0,1.09024,0,0,0
0,0,0,1.08913,0,0,0
0,0,0,1.08802,0,0,0
0,0,0,1.08691,0,0,0
0,0,0,1.08579,0,0,0
0,0,0,1.08466,0,0,0
0,0,0,1.08353,0,0,0
0,0,0,1.0824,0,0,0
0,0,0,1.08127,0,0,0
0,0,0,1.08012,0,0,0
0,0,0,1.07898,0,0,0
0,0,0,1.07783,0,0,0
0,0,0,1.07668,0,0,0
0,0,0,1.07552,0,0,0
0,0,0,1.07436,0,0,0
0,0,0,1.07319,0,0,0
0,0,0,1.07202,0,0,0
0,0,0,1.07085,0,0,0
0,0,0,1.06967,0,0,0
0,0,0,1.06849,0,0,0
0,0,0,1.0673,0,0,0
0,0,0,1.06611,0,0,0
0,0,0,1.06492,0,0,0
0,0,0,1.06372,0,0,0
0,0,0,1.06252,0,0,0
0,0,0,1.06131,0,0,0
0,0,0,1.0601,0,0,0
0,0,0,1.05888,0,0,0
0,0,0,1.05766,0,0,0
0,0,0,1.05644,0,0,0
0,0,0,1.05521,0,0,0
0,0,0,1.05398,0,0,0
0,0,0,1.05275,0,0,0
0,0,0,1.05151,0,0,0
0,0,0,1.05026,0,0,0
0,0,0,1.04902,0,0,0
0,0,0,1.04776,0,0,0
0,0,0,1.04651,0,0,0
0,0,0,1.04525,0,0,0
0,0,0,1.04399,0,0,0
0,0,0,1.04272,0,0,0
0,0,0,1.04145,0,0,0
0,0,0,1.04017,0,0,0
0,0,0,1.03889,0,0,0
0,0,0,1.03761,0,0,0
0,0,0,1.03632,0,0,0
0,0,0,1.03503,0,0,0
0,0,0,1.03373,0,0,0
0,0,0,1.03243,0,0,0
0,0,0,1.03113,0,0,0
0,0,0,1.02982,0,0,0
0,0,0,1.02851,0,0,0
0,0,0,1.02719,0,0,0
0,0,0,1.02587,0,0,0
0,0,0,1.02455,0,0,0
0,0,0,1.02322,0,0,0
0,0,0,1.02189,0,0,0
0,0,0,1.02055,0,0,0
0,0,0,1.01921,0,0,0
0,0,0,1.01787,0,0,0
0,0,0,1.01652,0,0,0
0,0,0,1.01517,0,0,0
0,0,0,1.01381,0,0,0
0,0,0,1.01245,0,0,0
0,0,0,1.01109,0,0,0
0,0,0,1.00972,0,0,0
0,0,0,1.00835,0,0,0
0,0,0,1.00697,0,0,0
0,0,0,1.0056,0,0,0
0,0,0,1.00421,0,0,0
0,0,0,1.00282,0,0,0
0,0,0,1.00143,0,0,0
0,0,0,1.00004,0,0,0
0,0,0,0.99864,0,0,0
0,0,0,0.997238,0,0,0
0,0,0,0.995831,0,0,0
0,0,0,0.994421,0,0,0
0,0,0,0.993006,0,0,0
0,0,0,0.991588,0,0,0
0,0,0,0.990166,0,0,0
0,0,0,0.98874,0,0,0
0,0,0,0.987311,0,0,0
0,0,0,0.985877,0,0,0
0,0,0,0.984439,0,0,0
0,0,0,0.982998,0,0,0
0,0,0,0.981553,0,0,0
0,0,0,0.980104,0,0,0
0,0,0,0.978651,0,0,0
0,0,0,0.977195,0,0,0
0,0,0,0.975734,0,0,0
0,0,0,0.97427,0,0,0
0,0,0,0.972802,0,0,0
0,0,0,0.97133,0,0,0
0,0,0,0.969854,0,0,0
0,0,0,0.968375,0,0,0
0,0,0,0.966891,0,0,0
0,0,0,0.965404,0,0,0
0,0,0,0.963913,0,0,0
0,0,0,0.962419,0,0,0
0,0,0,0.96092,0,0,0
0,0,0,0.959418,0,0,0
0,0,0,0.957912,0,0,0
0,0,0,0.956403,0,0,0
0,0,0,0.954889,0,0,0
0,0,0,0.953372,0,0,0
0,0,0,0.951851,0,0,0
0,0,0,0.950327,0,0,0
0,0,0,0.948798,0,0,0
0,0,0,0.947266,0,0,0
0,0,0,0.945731,0,0,0
0,0,0,0.944191,0,0,0
0,0,0,0.942648,0,0,0
0,0,0,0.941101,0,0,0
0,0,0,0.93955,0,0,0
0,0,0,0.937996,0,0,0
0,0,0,0.936438,0,0,0
0,0,0,0.934877,0,0,0
0,0,0,0.933311,0,0,0
0,0,0,0.931742,0,0,0
0,0,0,0.93017,0,0,0
0,0,0,0.928593,0,0,0
0,0,0,0.927013,0,0,0
0,0,0,0.92543,0,0,0
0,0,0,0.923842,0,0,0
0,0,0,0.922252,0,0,0
0,0,0,0.920657,0,0,0
0,0,0,0.919059,0,0,0
0,0,0,0.917457,0,0,0
0,0,0,0.915852,0,0,0
0,0,0,0.914243,0,0,0
0,0,0,0.91263,0,0,0
0,0,0,0.911014,0,0,0
0,0,0,0.909394,0,0,0
0,0,0,0.907771,0,0,0
0,0,0,0.906144,0,0,0
0,0,0,0.904514,0,0,0
0,0,0,0.90288,0,0,0
0,0,0,0.901242,0,0,0
0,0,0,0.899601,0,0,0
0,0,0,0.897956,0,0,0
0,0,0,0.896308,0,0,0
0,0,0,0.894656,0,0,0
0,0,0,0.893001,0,0,0
0,0,0,0.891342,0,0,0
0,0,0,0.88968,0,0,0
0,0,0,0.888014,0,0,0
0,0,0,0.886345,0,0,0
0,0,0,0.884672,0,0,0
0,0,0,0.882995,0,0,0
0,0,0,0.881316,0,0,0
0,0,0,0.879632,0,0,0
0,0,0,0.877945,0,0,0
0,0,0,0.876255,0,0,0
0,0,0,0.874561,0,0,0
0,0,0,0.872864,0,0,0
0,0,0,0.871164,0,0,0
0,0,0,0.86946,0,0,0
0,0,0,0.867752,0,0,0
0,0,0,0.866041,0,0,0
0,0,0,0.864327,0,0,0
0,0,0,0.862609,0,0,0
0,0,0,0.860888,0,0,0
0,0,0,0.859163,0,0,0
0,0,0,0.857435,0,0,0
0,0,0,0.855704,0,0,0
0,0,0,0.853969,0,0,0
0,0,0,0.852231,0,0,0
0,0,0,0.850489,0,0,0
0,0,0,0.848744,0,0,0
0,0,0,0.846996,0,0,0
0,0,0,0.845244,0,0,0
0,0,0,0.843489,0,0,0
0,0,0,0.841731,0,0,0
0,0,0,0.839969,0,0,0
0,0,0,0.838204,0,0,0
0,0,0,0.836436,0,0,0
0,0,0,0.834664,0,0,0
0,0,0,0.832889,0,0,0
0,0,0,0.831111,0,0,0
0,0,0,0.829329,0,0,0
0,0,0,0.827545,0,0,0
0,0,0,0.825756,0,0,0
0,0,0,0.823965,0,0,0
0,0,0,0.82217,0,0,0
0,0,0,0.820372,0,0,0
0,0,0,0.818571,0,0,0
0,0,0,0.816767,0,0,0
0,0,0,0.814959,0,0,0
0,0,0,0.813148,0,0,0
0,0,0,0.811334,0,0,0
0,0,0,0.809516,0,0,0
0,0,0,0.807696,0,0,0
0,0,0,0.805872,0,0,0
0,0,0,0.804045,0,0,0
0,0,0,0.802215,0,0,0
0,0,0,0.800381,0,0,0
0,0,0,0.798545,0,0,0
0,0,0,0.796705,0,0,0
0,0,0,0.794862,0,0,0
0,0,0,0.793016,0,0,0
0,0,0,0.791167,0,0,0
0,0,0,0.789314,0,0,0
0,0,0,0.787459,0,0,0
0,0,0,0.7856,0,0,0
0,0,0,0.783738,0,0,0
0,0,0,0.781873,0,0,0
0,0,0,0.780005,0,0,0
0,0,0,0.778134,0,0,0
0,0,0,0.77626,0,0,0
0,0,0,0.774382,0,0,0
0,0,0,0.772502,0,0,0
0,0,0,0.770619,0,0,0
0,0,0,0.768732,0,0,0
0,0,0,0.766842,0,0,0
0,0,0,0.76495,0,0,0
0,0,0,0.763054,0,0,0
0,0,0,0.761155,0,0,0
0,0,0,0.759253,0,0,0
0,0,0,0.757348,0,0,0
0,0,0,0.75544,0,0,0
0,0,0,0.75353,0,0,0
0,0,0,0.751616,0,0,0
0,0,0,0.749699,0,0,0
0,0,0,0.747779,0,0,0
0,0,0,0.745856,0,0,0
0,0,0,0.74393,0,0,0
0,0,0,0.742001,0,0,0
0,0,0,0.74007,0,0,0
0,0,0,0.738135,0,0,0
0,0,0,0.736197,0,0,0
0,0,0,0.734257,0,0,0
0,0,0,0.732313,0,0,0
0,0,0,0.730366,0,0,0
0,0,0,0.728417,0,0,0
0,0,0,0.726465,0,0,0
0,0,0,0.72451,0,0,0
0,0,0,0.722551,0,0,0
0,0,0,0.72059,0,0,0
0,0,0,0.718627,0,0,0
0,0,0,0.71666,0,0,0
0,0,0,0.71469,0,0,0
0,0,0,0.712718,0,0,0
0,0,0,0.710742,0,0,0
0,0,0,0.708764,0,0,0
0,0,0,0.706783,0,0,0
0,0,0,0.704799,0,0,0
0,0,0,0.702813,0,0,0
0,0,0,0.700823,0,0,0
0,0,0,0.698831,0,0,0
0,0,0,0.696836,0,0,0
0,0,0,0.694838,0,0,0
0,0,0,0.692837,0,0,0
0,0,0,0.690834,0,0,0
0,0,0,0.688828,0,0,0
0,0,0,0.686819,0,0,0
0,0,0,0.684807,0,0,0
0,0,0,0.682793,0,0,0
0,0,0,0.680775,0,0,0
0,0,0,0.678756,0,0,0
0,0,0,0.676733,0,0,0
0,0,0,0.674708,0,0,0
0,0,0,0.67268,0,0,0
0,0,0,0.670649,0,0,0
0,0,0,0.668615,0,0,0
0,0,0,0.666579,0,0,0
0,0,0,0.66454,0,0,0
0,0,0,0.662499,0,0,0
0,0,0,0.660455,0,0,0
0,0,0,0.658408,0,0,0
0,0,0,0.656359,0,0,0
0,0,0,0.654307,0,0,0
0,0,0,0.652252,0,0,0
0,0,0,0.650195,0,0,0
0,0,0,0.648135,0,0,0
0,0,0,0.646072,0,0,0
0,0,0,0.644007,0,0,0
0,0,0,0.64194,0,0,0
0,0,0,0.63987,0,0,0
0,0,0,0.637797,0,0,0
0,0,0,0.635721,0,0,0
0,0,0,0.633643,0,0,0
0,0,0,0.631563,0,0,0
0,0,0,0.62948,0,0,0
0,0,0,0.627394,0,0,0
0,0,0,0.625306,0,0,0
0,0,0,0.623216,0,0,0
0,0,0,0.621123,0,0,0
0,0,0,0.619027,0,0,0
0,0,0,0.616929,0,0,0
0,0,0,0.614829,0,0,0
0,0,0,0.612726,0,0,0
0,0,0,0.61062,0,0,0
0,0,0,0.608512,0,0,0
0,0,0,0.606402,0,0,0
0,0,0,0.604289,0,0,0
0,0,0,0.602174,0,0,0
0,0,0,0.600056,0,0,0
0,0,0,0.597936,0,0,0
0,0,0,0.595814,0,0,0
0,0,0,0.593689,0,0,0
0,0,0,0.591561,0,0,0
0,0,0,0.589432,0,0,0
0,0,0,0.5873,0,0,0
0,0,0,0.585165,0,0,0
0,0,0,0.583029,0,0,0
0,0,0,0.58089,0,0,0
0,0,0,0.578748,0,0,0
0,0,0,0.576604,0,0,0
0,0,0,0.574458,0,0,0
0,0,0,0.57231,0,0,0
0,0,0,0.570159,0,0,0
0,0,0,0.568006,0,0,0
0,0,0,0.565851,0,0,0
0,0,0,0.563694,0,0,0
0,0,0,0.561534,0,0,0
0,0,0,0.559372,0,0,0
0,0,0,0.557207,0,0,0
0,0,0,0.555041,0,0,0
0,0,0,0.552872,0,0,0
0,0,0,0.550701,0,0,0
0,0,0,0.548528,0,0,0
0,0,0,0.546352,0,0,0
0,0,0,0.544174,0,0,0
0,0,0,0.541995,0,0,0
0,0,0,0.539813,0,0,0
0,0,0,0.537628,0,0,0
0,0,0,0.535442,0,0,0
0,0,0,0.533253,0,0,0
0,0,0,0.531063,0,0,0
0,0,0,0.52887,0,0,0
0,0,0,0.526675,0,0,0
0,0,0,0.524478,0,0,0
0,0,0,0.522278,0,0,0
0,0,0,0.520077,0,0,0
0,0,0,0.517874,0,0,0
0,0,0,0.515668,0,0,0
0,0,0,0.513461,0,0,0
0,0,0,0.511251,0,0,0
0,0,0,0.509039,0,0,0
0,0,0,0.506825,0,0,0
0,0,0,0.504609,0,0,0
0,0,0,0.502392,0,0,0
0,0,0,0.500172,0,0,0
0,0,0,0.49795,0,0,0
0,0,0,0.495726,0,0,0
0,0,0,0.4935,0,0,0
0,0,0,0.491272,0,0,0
0,0,0,0.489042,0,0,0
0,0,0,0.48681,0,0,0
0,0,0,0.484576,0,0,0
0,0,0,0.48234,0,0,0
0,0,0,0.480103,0,0,0
0,0,0,0.477863,0,0,0
0,0,0,0.475621,0,0,0
0,0,0,0.473378,0,0,0
0,0,0,0.471132,0,0,0
0,0,0,0.468885,0,0,0
0,0,0,0.466636,0,0,0
0,0,0,0.464385,0,0,0
0,0,0,0.462132,0,0,0
0,0,0,0.459877,0,0,0
0,0,0,0.45762,0,0,0
0,0,0,0.455361,0,0,0
0,0,0,0.453101,0,0,0
0,0,0,0.450839,0,0,0
0,0,0,0.448574,0,0,0
0,0,0,0.446309,0,0,0
0,0,0,0.444041,0,0,0
0,0,0,0.441771,0,0,0
0,0,0,0.4395,0,0,0
0,0,0,0.437227,0,0,0
0,0,0,0.434952,0,0,0
0,0,0,0.432675,0,0,0
0,0,0,0.430397,0,0,0
0,0,0,0.428117,0,0,0
0,0,0,0.425835,0,0,0
0,0,0,0.423552,0,0,0
0,0,0,0.421266,0,0,0
0,0,0,0.418979,0,0,0
0,0,0,0.416691,0,0,0
0,0,0,0.4144,0,0,0
0,0,0,0.412108,0,0,0
0,0,0,0.409815,0,0,0
0,0,0,0.407519,0,0,0
0,0,0,0.405222,0,0,0
0,0,0,0.402924,0,0,0
0,0,0,0.400623,0,0,0
0,0,0,0.398321,0,0,0
0,0,0,0.396018,0,0,0
0,0,0,0.393713,0,0,0
0,0,0,0.391406,0,0,0
0,0,0,0.389098,0,0,0
0,0,0,0.386788,0,0,0
0,0,0,0.384476,0,0,0
0,0,0,0.382163,0,0,0
0,0,0,0.379849,0,0,0
0,0,0,0.377533,0,0,0
0,0,0,0.375215,0,0,0
0,0,0,0.372896,0,0,0
0,0,0,0.370575,0,0,0
0,0,0,0.368253,0,0,0
0,0,0,0.365929,0,0,0
0,0,0,0.363604,0,0,0
0,0,0,0.361278,0,0,0
0,0,0,0.35895,0,0,0
0,0,0,0.35662,0,0,0
0,0,0,0.354289,0,0,0
0,0,0,0.351957,0,0,0
0,0,0,0.349623,0,0,0
0,0,0,0.347288,0,0,0
0,0,0,0.344951,0,0,0
0,0,0,0.342613,0,0,0
0,0,0,0.340274,0,0,0
0,0,0,0.337933,0,0,0
0,0,0,0.335591,0,0,0
0,0,0,0.333247,0,0,0
0,0,0,0.330902,0,0,0
0,0,0,0.328556,0,0,0
0,0,0,0.326208,0,0,0
0,0,0,0.323859,0,0,0
0,0,0,0.321509,0,0,0
0,0,0,0.319158,0,0,0
0,0,0,0.316805,0,0,0
0,0,0,0.314451,0,0,0
0,0,0,0.312095,0,0,0
0,0,0,0.309739,0,0,0
0,0,0,0.307381,0,0,0
0,0,0,0.305022,0,0,0
0,0,0,0.302661,0,0,0
0,0,0,0.3003,0,0,0
0,0,0,0.297937,0,0,0
0,0,0,0.295573,0,0,0
0,0,0,0.293208,0,0,0
0,0,0,0.290841,0,0,0
0,0,0,0.288473,0,0,0
0,0,0,0.286105,0,0,0
0,0,0,0.283735,0,0,0
0,0,0,0.281364,0,0,0
0,0,0,0.278991,0,0,0
0,0,0,0.276618,0,0,0
0,0,0,0.274244,0,0,0
0,0,0,0.271868,0,0,0
0,0,0,0.269491,0,0,0
0,0,0,0.267113,0,0,0
0,0,0,0.264735,0,0,0
0,0,0,0.262355,0,0,0
0,0,0,0.259974,0,0,0
0,0,0,0.257592,0,0,0
0,0,0,0.255208,0,0,0
0,0,0,0.252824,0,0,0
0,0,0,0.250439,0,0,0
0,0,0,0.248053,0,0,0
0,0,0,0.245666,0,0,0
0,0,0,0.243277,0,0,0
0,0,0,0.240888,0,0,0
0,0,0,0.238498,0,0,0
0,0,0,0.236107,0,0,0
0,0,0,0.233715,0,0,0
0,0,0,0.231322,0,0,0
0,0,0,0.228928,0,0,0
0,0,0,0.226533,0,0,0
0,0,0,0.224137,0,0,0
0,0,0,0.22174,0,0,0
0,0,0,0.219343,0,0,0
0,0,0,0.216944,0,0,0
0,0,0,0.214545,0,0,0
0,0,0,0.212144,0,0,0
0,0,0,0.209743,0,0,0
0,0,0,0.207341,0,0,0
0,0,0,0.204938,0,0,0
0,0,0,0.202535,0,0,0
0,0,0,0.20013,0,0,0
0,0,0,0.197725,0,0,0
0,0,0,0.195319,0,0,0
0,0,0,0.192912,0,0,0
0,0,0,0.190504,0,0,0
0,0,0,0.188095,0,0,0
0,0,0,0.185686,0,0,0
0,0,0,0.183276,0,0,0
0,0,0,0.180865,0,0,0
0,0,0,0.178454,0,0,0
0,0,0,0.176042,0,0,0
0,0,0,0.173629,0,0,0
0,0,0,0.171215,0,0,0
0,0,0,0.168801,0,0,0
0,0,0,0.166386,0,0,0
0,0,0,0.16397,0,0,0
0,0,0,0.161554,0,0,0
0,0,0,0.159137,0,0,0
0,0,0,0.156719,0,0,0
0,0,0,0.154301,0,0,0
0,0,0,0.151882,0,0,0
0,0,0,0.149462,0,0,0
0,0,0,0.147042,0,0,0
0,0,0,0.144621,0,0,0
0,0,0,0.1422,0,0,0
0,0,0,0.139778,0,0,0
0,0,0,0.137356,0,0,0
0,0,0,0.134933,0,0,0
0,0,0,0.132509,0,0,0
0,0,0,0.130085,0,0,0
0,0,0,0.12766,0,0,0
0,0,0,0.125235,0,0,0
0,0,0,0.12281,0,0,0
0,0,0,0.120383,0,0,0
0,0,0,0.117957,0,0,0
0,0,0,0.115529,0,0,0
0,0,0,0.113102,0,0,0
0,0,0,0.110674,0,0,0
0,0,0,0.108245,0,0,0
0,0,0,0.105816,0,0,0
0,0,0,0.103387,0,0,0
0,0,0,0.100957,0,0,0
0,0,0,0.0985268,0,0,0
0,0,0,0.0960962,0,0,0
0,0,0,0.0936652,0,0,0
0,0,0,0.0912338,0,0,0
0,0,0,0.088802,0,0,0
0,0,0,0.0863698,0,0,0
0,0,0,0.0839374,0,0,0
0,0,0,0.0815045,0,0,0
0,0,0,0.0790714,0,0,0
0,0,0,0.0766379,0,0,0
0,0,0,0.0742041,0,0,0
0,0,0,0.07177,0,0,0
0,0,0,0.0693356,0,0,0
0,0,0,0.0669009,0,0,0
0,0,0,0.064466,0,0,0
0,0,0,0.0620308,0,0,0
0,0,0,0.0595953,0,0,0
0,0,0,0.0571596,0,0,0
0,0,0,0.0547237,0,0,0
0,0,0,0.0522875,0,0,0
0,0,0,0.0498512,0,0,0
0,0,0,0.0474146,0,0,0
0,0,0,0.0449778,0,0,0
0,0,0,0.0425409,0,0,0
0,0,0,0.0401038,0,0,0
0,0,0,0.0376665,0,0,0
0,0,0,0.035229,0,0,0
0,0,0,0.0327915,0,0,0
0,0,0,0.0303537,0,0,0
0,0,0,0.0279159,0,0,0
0,0,0,0.025478,0,0,0
0,0,0,0.0230399,0,0,0
0,0,0,0.0206018,0,0,0
0,0,0,0.0181635,0,0,0
0,0,0,0.0157252,0,0,0
0,0,0,0.0132868,0,0,0
0,0,0,0.0108484,0,0,0
0,0,0,0.00840995,0,0,0
0,0,0,0.00597145,0,0,0
0,0,0,0.00353292,0,0,0
0,0,0,0.00109438,0,0,0
0,0,0,-0.00134416,0,0,0
0,0,0,-0.0037827,0,0,0
0,0,0,-0.00622123,0,0,0
0,0,0,-0.00865972,0,0,0
0,0,0,-0.0110982,0,0,0
0,0,0,-0.0135366,0,0,0
0,0,0,-0.015975,0,0,0
0,0,0,-0.0184133,0,0,0
0,0,0,-0.0208515,0,0,0
0,0,0,-0.0232896,0,0,0
0,0,0,-0.0257277,0,0,0
0,0,0,-0.0281656,0,0,0
0,0,0,-0.0306034,0,0,0
0,0,0,-0.0330411,0,0,0
0,0,0,-0.0354787,0,0,0
0,0,0,-0.0379161,0,0,0
0,0,0,-0.0403534,0,0,0
0,0,0,-0.0427905,0,0,0
0,0,0,-0.0452274,0,0,0
0,0,0,-0.0476642,0,0,0
0,0,0,-0.0501007,0,0,0
0,0,0,-0.0525371,0,0,0
0,0,0,-0.0549732,0,0,0
0,0,0,-0.0574091,0,0,0
0,0,0,-0.0598448,0,0,0
0,0,0,-0.0622802,0,0,0
0,0,0,-0.0647154,0,0,0
0,0,0,-0.0671503,0,0,0
0,0,0,-0.069585,0,0,0
0,0,0,-0.0720193,0,0,0
0,0,0,-0.0744534,0,0,0
0,0,0,-0.0768872,0,0,0
0,0,0,-0.0793206,0,0,0
0,0,0,-0.0817537,0,0,0
0,0,0,-0.0841865,0,0,0
0,0,0,-0.086619,0,0,0
0,0,0,-0.0890511,0,0,0
0,0,0,-0.0914828,0,0,0
0,0,0,-0.0939142,0,0,0
0,0,0,-0.0963452,0,0,0
0,0,0,-0.0987758,0,0,0
0,0,0,-0.101206,0,0,0
0,0,0,-0.103636,0,0,0
0,0,0,-0.106065,0,0,0
0,0,0,-0.108494,0,0,0
0,0,0,-0.110923,0,0,0
0,0,0,-0.113351,0,0,0
0,0,0,-0.115778,0,0,0
0,0,0,-0.118205,0,0,0
0,0,0,-0.120632,0,0,0
0,0,0,-0.123058,0,0,0
0,0,0,-0.125484,0,0,0
0,0,0,-0.127909,0,0,0
0,0,0,-0.130333,0,0,0
0,0,0,-0.132757,0,0,0
0,0,0,-0.135181,0,0,0
0,0,0,-0.137604,0,0,0
0,0,0,-0.140026,0,0,0
0,0,0,-0.142448,0,0,0
0,0,0,-0.144869,0,0,0
0,0,0,-0.14729,0,0,0
0,0,0,-0.14971,0,0,0
0,0,0,-0.15213,0,0,0
0,0,0,-0.154549,0,0,0
0,0,0,-0.156967,0,0,0
0,0,0,-0.159384,0,0,0
0,0,0,-0.161801,0,0,0
0,0,0,-0.164218,0,0,0
0,0,0,-0.166633,0,0,0
0,0,0,-0.169048,0,0,0
0,0,0,-0.171462,0,0,0
0,0,0,-0.173876,0,0,0
0,0,0,-0.176289,0,0,0
0,0,0,-0.178701,0,0,0
0,0,0,-0.181112,0,0,0
0,0,0,-0.183523,0,0,0
0,0,0,-0.185933,0,0,0
0,0,0,-0.188342,0,0,0
0,0,0,-0.190751,0,0,0
0,0,0,-0.193158,0,0,0
0,0,0,-0.195565,0,0,0
0,0,0,-0.197971,0,0,0
0,0,0,-0.200376,0,0,0
0,0,0,-0.202781,0,0,0
0,0,0,-0.205184,0,0,0
0,0,0,-0.207587,0,0,0
0,0,0,-0.209989,0,0,0
0,0,0,-0.21239,0,0,0
0,0,0,-0.21479,0,0,0
0,0,0,-0.21719,0,0,0
0,0,0,-0.219588,0,0,0
0,0,0,-0.221986,0,0,0
0,0,0,-0.224382,0,0,0
0,0,0,-0.226778,0,0,0
0,0,0,-0.229173,0,0,0
0,0,0,-0.231567,0,0,0
0,0,0,-0.23396,0,0,0
0,0,0,-0.236352,0,0,0
0,0,0,-0.238743,0,0,0
0,0,0,-0.241133,0,0,0
0,0,0,-0.243522,0,0,0
0,0,0,-0.24591,0,0,0
0,0,0,-0.248297,0,0,0
0,0,0,-0.250683,0,0,0
0,0,0,-0.253068,0,0,0
0,0,0,-0.255453,0,0,0
0,0,0,-0.257836,0,0,0
0,0,0,-0.260218,0,0,0
0,0,0,-0.262598,0,0,0
0,0,0,-0.264978,0,0,0
0,0,0,-0.267357,0,0,0
0,0,0,-0.269735,0,0,0
0,0,0,-0.272111,0,0,0
0,0,0,-0.274487,0,0,0
0,0,0,-0.276861,0,0,0
0,0,0,-0.279234,0,0,0
0,0,0,-0.281607,0,0,0
0,0,0,-0.283978,0,0,0
0,0,0,-0.286347,0,0,0
0,0,0,-0.288716,0,0,0
0,0,0,-0.291084,0,0,0
0,0,0,-0.29345,0,0,0
0,0,0,-0.295815,0,0,0
0,0,0,-0.298179,0,0,0
0,0,0,-0.300542,0,0,0
0,0,0,-0.302903,0,0,0
0,0,0,-0.305263,0,0,0
0,0,0,-0.307622,0,0,0
0,0,0,-0.30998,0,0,0
0,0,0,-0.312337,0,0,0
0,0,0,-0.314692,0,0,0
0,0,0,-0.317046,0,0,0
0,0,0,-0.319399,0,0,0
0,0,0,-0.32175,0,0,0
0,0,0,-0.3241,0,0,0
0,0,0,-0.326449,0,0,0
0,0,0,-0.328796,0,0,0
0,0,0,-0.331142,0,0,0
0,0,0,-0.333487,0,0,0
0,0,0,-0.335831,0,0,0
0,0,0,-0.338173,0,0,0
0,0,0,-0.340513,0,0,0
0,0,0,-0.342853,0,0,0
0,0,0,-0.34519,0,0,0
0,0,0,-0.347527,0,0,0
0,0,0,-0.349862,0,0,0
0,0,0,-0.352196,0,0,0
0,0,0,-0.354528,0,0,0
0,0,0,-0.356859,0,0,0
0,0,0,-0.359188,0,0,0
0,0,0,-0.361516,0,0,0
0,0,0,-0.363843,0,0,0
0,0,0,-0.366168,0,0,0
0,0,0,-0.368491,0,0,0
0,0,0,-0.370813,0,0,0
0,0,0,-0.373134,0,0,0
0,0,0,-0.375453,0,0,0
0,0,0,-0.37777,0,0,0
0,0,0,-0.380086,0,0,0
0,0,0,-0.3824,0,0,0
0,0,0,-0.384713,0,0,0
0,0,0,-0.387024,0,0,0
0,0,0,-0.389334,0,0,0
0,0,0,-0.391642,0,0,0
0,0,0,-0.393949,0,0,0
0,0,0,-0.396254,0,0,0
0,0,0,-0.398557,0,0,0
0,0,0,-0.400859,0,0,0
0,0,0,-0.403159,0,0,0
0,0,0,-0.405458,0,0,0
0,0,0,-0.407754,0,0,0
0,0,0,-0.41005,0,0,0
0,0,0,-0.412343,0,0,0
0,0,0,-0.414635,0,0,0
0,0,0,-0.416925,0,0,0
0,0,0,-0.419214,0,0,0
0,0,0,-0.4215,0,0,0
0,0,0,-0.423786,0,0,0
0,0,0,-0.426069,0,0,0
0,0,0,-0.428351,0,0,0
0,0,0,-0.430631,0,0,0
0,0,0,-0.432909,0,0,0
0,0,0,-0.435185,0,0,0
0,0,0,-0.43746,0,0,0
0,0,0,-0.439733,0,0,0
0,0,0,-0.442004,0,0,0
0,0,0,-0.444273,0,0,0
0,0,0,-0.446541,0,0,0
0,0,0,-0.448806,0,0,0
0,0,0,-0.45107,0,0,0
0,0,0,-0.453332,0,0,0
0,0,0,-0.455593,0,0,0
0,0,0,-0.457851,0,0,0
0,0,0,-0.460108,0,0,0
0,0,0,-0.462362,0,0,0
0,0,0,-0.464615,0,0,0
0,0,0,-0.466866,0,0,0
0,0,0,-0.469115,0,0,0
0,0,0,-0.471362,0,0,0
0,0,0,-0.473608,0,0,0
0,0,0,-0.475851,0,0,0
0,0,0,-0.478093,0,0,0
0,0,0,-0.480332,0,0,0
0,0,0,-0.48257,0,0,0
0,0,0,-0.484805,0,0,0
0,0,0,-0.487039,0,0,0
0,0,0,-0.489271,0,0,0
0,0,0,-0.4915,0,0,0
0,0,0,-0.493728,0,0,0
0,0,0,-0.495954,0,0,0
0,0,0,-0.498177,0,0,0
0,0,0,-0.500399,0,0,0
0,0,0,-0.502619,0,0,0
0,0,0,-0.504837,0,0,0
0,0,0,-0.507052,0,0,0
0,0,0,-0.509266,0,0,0
0,0,0,-0.511477,0,0,0
0,0,0,-0.513687,0,0,0
0,0,0,-0.515894,0,0,0
0,0,0,-0.518099,0,0,0
0,0,0,-0.520303,0,0,0
0,0,0,-0.522504,0,0,0
0,0,0,-0.524703,0,0,0
0,0,0,-0.5269,0,0,0
0,0,0,-0.529094,0,0,0
0,0,0,-0.531287,0,0,0
0,0,0,-0.533478,0,0,0
0,0,0,-0.535666,0,0,0
0,0,0,-0.537852,0,0,0
0,0,0,-0.540036,0,0,0
0,0,0,-0.542218,0,0,0
0,0,0,-0.544398,0,0,0
0,0,0,-0.546575,0,0,0
0,0,0,-0.54875,0,0,0
0,0,0,-0.550923,0,0,0
0,0,0,-0.553094,0,0,0
0,0,0,-0.555263,0,0,0
0,0,0,-0.557429,0,0,0
0,0,0,-0.559593,0,0,0
0,0,0,-0.561755,0,0,0
0,0,0,-0.563915,0,0,0
0,0,0,-0.566072,0,0,0
0,0,0,-0.568227,0,0,0
0,0,0,-0.57038,0,0,0
0,0,0,-0.57253,0,0,0
0,0,0,-0.574678,0,0,0
0,0,0,-0.576824,0,0,0
0,0,0,-0.578968,0,0,0
0,0,0,-0.581109,0,0,0
0,0,0,-0.583248,0,0,0
0,0,0,-0.585384,0,0,0
0,0,0,-0.587518,0,0,0
0,0,0,-0.58965,0,0,0
0,0,0,-0.59178,0,0,0
0,0,0,-0.593907,0,0,0
0,0,0,-0.596031,0,0,0
0,0,0,-0.598153,0,0,0
0,0,0,-0.600273,0,0,0
0,0,0,-0.602391,0,0,0
0,0,0,-0.604506,0,0,0
0,0,0,-0.606618,0,0,0
0,0,0,-0.608728,0,0,0
0,0,0,-0.610836,0,0,0
0,0,0,-0.612941,0,0,0
0,0,0,-0.615044,0,0,0
0,0,0,-0.617144,0,0,0
0,0,0,-0.619242,0,0,0
0,0,0,-0.621337,0,0,0
0,0,0,-0.62343,0,0,0
0,0,0,-0.62552,0,0,0
0,0,0,-0.627608,0,0,0
0,0,0,-0.629693,0,0,0
0,0,0,-0.631776,0,0,0
0,0,0,-0.633856,0,0,0
0,0,0,-0.635934,0,0,0
0,0,0,-0.638009,0,0,0
0,0,0,-0.640082,0,0,0
0,0,0,-0.642152,0,0,0
0,0,0,-0.644219,0,0,0
0,0,0,-0.646284,0,0,0
0,0,0,-0.648346,0,0,0
0,0,0,-0.650406,0,0,0
0,0,0,-0.652463,0,0,0
0,0,0,-0.654517,0,0,0
0,0,0,-0.656569,0,0,0
0,0,0,-0.658618,0,0,0
0,0,0,-0.660664,0,0,0
0,0,0,-0.662708,0,0,0
0,0,0,-0.664749,0,0,0
0,0,0,-0.666788,0,0,0
0,0,0,-0.668824,0,0,0
0,0,0,-0.670857,0,0,0
0,0,0,-0.672887,0,0,0
0,0,0,-0.674915,0,0,0
0,0,0,-0.67694,0,0,0
0,0,0,-0.678963,0,0,0
0,0,0,-0.680982,0,0,0
0,0,0,-0.682999,0,0,0
0,0,0,-0.685013,0,0,0
0,0,0,-0.687025,0,0,0
0,0,0,-0.689033,0,0,0
0,0,0,-0.691039,0,0,0
0,0,0,-0.693042,0,0,0
0,0,0,-0.695043,0,0,0
0,0,0,-0.69704,0,0,0
0,0,0,-0.699035,0,0,0
0,0,0,-0.701027,0,0,0
0,0,0,-0.703016,0,0,0
0,0,0,-0.705003,0,0,0
0,0,0,-0.706986,0,0,0
0,0,0,-0.708967,0,0,0
0,0,0,-0.710945,0,0,0
0,0,0,-0.71292,0,0,0
0,0,0,-0.714892,0,0,0
0,0,0,-0.716861,0,0,0
0,0,0,-0.718828,0,0,0
0,0,0,-0.720791,0,0,0
0,0,0,-0.722752,0,0,0
0,0,0,-0.72471,0,0,0
0,0,0,-0.726665,0,0,0
0,0,0,-0.728617,0,0,0
0,0,0,-0.730566,0,0,0
0,0,0,-0.732512,0,0,0
0,0,0,-0.734455,0,0,0
0,0,0,-0.736396,0,0,0
0,0,0,-0.738333,0,0,0
0,0,0,-0.740268,0,0,0
0,0,0,-0.742199,0,0,0
0,0,0,-0.744128,0,0,0
0,0,0,-0.746053,0,0,0
0,0,0,-0.747976,0,0,0
0,0,0,-0.749895,0,0,0
0,0,0,-0.751812,0,0,0
0,0,0,-0.753725,0,0,0
0,0,0,-0.755636,0,0,0
0,0,0,-0.757544,0,0,0
0,0,0,-0.759448,0,0,0
0,0,0,-0.76135,0,0,0
0,0,0,-0.763248,0,0,0
0,0,0,-0.765144,0,0,0
0,0,0,-0.767036,0,0,0
0,0,0,-0.768925,0,0,0
0,0,0,-0.770812,0,0,0
0,0,0,-0.772695,0,0,0
0,0,0,-0.774575,0,0,0
0,0,0,-0.776452,0,0,0
0,0,0,-0.778326,0,0,0
0,0,0,-0.780197,0,0,0
0,0,0,-0.782064,0,0,0
0,0,0,-0.783929,0,0,0
0,0,0,-0.785791,0,0,0
0,0,0,-0.787649,0,0,0
0,0,0,-0.789504,0,0,0
0,0,0,-0.791356,0,0,0
0,0,0,-0.793205,0,0,0
0,0,0,-0.795051,0,0,0
0,0,0,-0.796894,0,0,0
0,0,0,-0.798733,0,0,0
0,0,0,-0.800569,0,0,0
0,0,0,-0.802402,0,0,0
0,0,0,-0.804232,0,0,0
0,0,0,-0.806059,0,0,0
0,0,0,-0.807882,0,0,0
0,0,0,-0.809703,0,0,0
0,0,0,-0.81152,0,0,0
0,0,0,-0.813334,0,0,0
0,0,0,-0.815144,0,0,0
0,0,0,-0.816952,0,0,0
0,0,0,-0.818756,0,0,0
0,0,0,-0.820557,0,0,0
0,0,0,-0.822354,0,0,0
0,0,0,-0.824149,0,0,0
0,0,0,-0.82594,0,0,0
0,0,0,-0.827728,0,0,0
0,0,0,-0.829512,0,0,0
0,0,0,-0.831293,0,0,0
0,0,0,-0.833071,0,0,0
0,0,0,-0.834846,0,0,0
0,0,0,-0.836617,0,0,0
0,0,0,-0.838385,0,0,0
0,0,0,-0.84015,0,0,0
0,0,0,-0.841911,0,0,0
0,0,0,-0.843669,0,0,0
0,0,0,-0.845424,0,0,0
0,0,0,-0.847175,0,0,0
0,0,0,-0.848923,0,0,0
0,0,0,-0.850668,0,0,0
0,0,0,-0.852409,0,0,0
0,0,0,-0.854147,0,0,0
0,0,0,-0.855881,0,0,0
0,0,0,-0.857612,0,0,0
0,0,0,-0.85934,0,0,0
0,0,0,-0.861064,0,0,0
0,0,0,-0.862785,0,0,0
0,0,0,-0.864502,0,0,0
0,0,0,-0.866216,0,0,0
0,0,0,-0.867927,0,0,0
0,0,0,-0.869634,0,0,0
0,0,0,-0.871338,0,0,0
0,0,0,-0.873038,0,0,0
0,0,0,-0.874735,0,0,0
0,0,0,-0.876428,0,0,0
0,0,0,-0.878118,0,0,0
0,0,0,-0.879805,0,0,0
0,0,0,-0.881488,0,0,0
0,0,0,-0.883167,0,0,0
0,0,0,-0.884843,0,0,0
0,0,0,-0.886516,0,0,0
0,0,0,-0.888185,0,0,0
0,0,0,-0.88985,0,0,0
0,0,0,-0.891512,0,0,0
0,0,0,-0.893171,0,0,0
0,0,0,-0.894826,0,0,0
0,0,0,-0.896477,0,0,0
0,0,0,-0.898125,0,0,0
0,0,0,-0.899769,0,0,0
0,0,0,-0.90141,0,0,0
0,0,0,-0.903047,0,0,0
0,0,0,-0.904681,0,0,0
0,0,0,-0.906311,0,0,0
0,0,0,-0.907938,0,0,0
0,0,0,-0.909561,0,0,0
0,0,0,-0.91118,0,0,0
0,0,0,-0.912796,0,0,0
0,0,0,-0.914408,0,0,0
0,0,0,-0.916016,0,0,0
0,0,0,-0.917621,0,0,0
0,0,0,-0.919223,0,0,0
0,0,0,-0.920821,0,0,0
0,0,0,-0.922415,0,0,0
0,0,0,-0.924005,0,0,0
0,0,0,-0.925592,0,0,0
0,0,0,-0.927175,0,0,0
0,0,0,-0.928755,0,0,0
0,0,0,-0.930331,0,0,0
0,0,0,-0.931903,0,0,0
0,0,0,-0.933472,0,0,0
0,0,0,-0.935037,0,0,0
0,0,0,-0.936598,0,0,0
0,0,0,-0.938155,0,0,0
0,0,0,-0.939709,0,0,0
0,0,0,-0.94126,0,0,0
0,0,0,-0.942806,0,0,0
0,0,0,-0.944349,0,0,0
0,0,0,-0.945888,0,0,0
0,0,0,-0.947423,0,0,0
0,0,0,-0.948955,0,0,0
0,0,0,-0.950483,0,0,0
0,0,0,-0.952007,0,0,0
0,0,0,-0.953528,0,0,0
0,0,0,-0.955045,0,0,0
0,0,0,-0.956558,0,0,0
0,0,0,-0.958067,0,0,0
0,0,0,-0.959572,0,0,0
0,0,0,-0.961074,0,0,0
0,0,0,-0.962572,0,0,0
0,0,0,-0.964066,0,0,0
0,0,0,-0.965557,0,0,0
0,0,0,-0.967043,0,0,0
0,0,0,-0.968526,0,0,0
0,0,0,-0.970005,0,0,0
0,0,0,-0.971481,0,0,0
0,0,0,-0.972952,0,0,0
0,0,0,-0.97442,0,0,0
0,0,0,-0.975884,0,0,0
0,0,0,-0.977344,0,0,0
0,0,0,-0.9788,0,0,0
0,0,0,-0.980253,0,0,0
0,0,0,-0.981701,0,0,0
0,0,0,-0.983146,0,0,0
0,0,0,-0.984587,0,0,0
0,0,0,-0.986024,0,0,0
0,0,0,-0.987457,0,0,0
0,0,0,-0.988887,0,0,0
0,0,0,-0.990312,0,0,0
0,0,0,-0.991734,0,0,0
0,0,0,-0.993151,0,0,0
0,0,0,-0.994565,0,0,0
0,0,0,-0.995975,0,0,0
0,0,0,-0.997382,0,0,0
0,0,0,-0.998784,0,0,0
0,0,0,-1.00018,0,0,0
0,0,0,-1.00158,0,0,0
0,0,0,-1.00297,0,0,0
0,0,0,-1.00435,0,0,0
0,0,0,-1.00574,0,0,0
0,0,0,-1.00712,0,0,0
0,0,0,-1.00849,0,0,0
0,0,0,-1.00986,0,0,0
0,0,0,-1.01123,0,0,0
0,0,0,-1.01259,0,0,0
0,0,0,-1.01395,0,0,0
0,0,0,-1.01531,0,0,0
0,0,0,-1.01666,0,0,0
0,0,0,-1.018,0,0,0
0,0,0,-1.01935,0,0,0
0,0,0,-1.02069,0,0,0
0,0,0,-1.02202,0,0,0
0,0,0,-1.02335,0,0,0
0,0,0,-1.02468,0,0,0
0,0,0,-1.02601,0,0,0
0,0,0,-1.02732,0,0,0
0,0,0,-1.02864,0,0,0
0,0,0,-1.02995,0,0,0
0,0,0,-1.03126,0,0,0
0,0,0,-1.03256,0,0,0
0,0,0,-1.03386,0,0,0
0,0,0,-1.03516,0,0,0
0,0,0,-1.03645,0,0,0
0,0,0,-1.03774,0,0,0
0,0,0,-1.03902,0,0,0
0,0,0,-1.0403,0,0,0
0,0,0,-1.04158,0,0,0
0,0,0,-1.04285,0,0,0
0,0,0,-1.04411,0,0,0
0,0,0,-1.04538,0,0,0
0,0,0,-1.04664,0,0,0
0,0,0,-1.04789,0,0,0
0,0,0,-1.04914,0,0,0
0,0,0,-1.05039,0,0,0
0,0,0,-1.05163,0,0,0
0,0,0,-1.05287,0,0,0
0,0,0,-1.05411,0,0,0
0,0,0,-1.05534,0,0,0
0,0,0,-1.05657,0,0,0
0,0,0,-1.05779,0,0,0
0,0,0,-1.05901,0,0,0
0,0,0,-1.06022,0,0,0
0,0,0,-1.06143,0,0,0
0,0,0,-1.06264,0,0,0
0,0,0,-1.06384,0,0,0
0,0,0,-1.06504,0,0,0
0,0,0,-1.06623,0,0,0
0,0,0,-1.06742,0,0,0
0,0,0,-1.06861,0,0,0
0,0,0,-1.06979,0,0,0
0,0,0,-1.07097,0,0,0
0,0,0,-1.07214,0,0,0
0,0,0,-1.07331,0,0,0
0,0,0,-1.07448,0,0,0
0,0,0,-1.07564,0,0,0
0,0,0,-1.0768,0,0,0
0,0,0,-1.07795,0,0,0
0,0,0,-1.0791,0,0,0
0,0,0,-1.08024,0,0,0
0,0,0,-1.08138,0,0,0
0,0,0,-1.08252,0,0,0
0,0,0,-1.08365,0,0,0
0,0,0,-1.08478,0,0,0
0,0,0,-1.0859,0,0,0
0,0,0,-1.08702,0,0,0
0,0,0,-1.08814,0,0,0
0,0,0,-1.08925,0,0,0
0,0,0,-1.09036,0,0,0
0,0,0,-1.09146,0,0,0
0,0,0,-1.09256,0,0,0
0,0,0,-1.09365,0,0,0
0,0,0,-1.09474,0,0,0
0,0,0,-1.09583,0,0,0
0,0,0,-1.09691,0,0,0
0,0,0,-1.09799,0,0,0
0,0,0,-1.09906,0,0,0
0,0,0,-1.10013,0,0,0
0,0,0,-1.1012,0,0,0
0,0,0,-1.10226,0,0,0
0,0,0,-1.10331,0,0,0
0,0,0,-1.10437,0,0,0
0,0,0,-1.10541,0,0,0
0,0,0,-1.10646,0,0,0
0,0,0,-1.1075,0,0,0
0,0,0,-1.10853,0,0,0
0,0,0,-1.10956,0,0,0
0,0,0,-1.11059,0,0,0
0,0,0,-1.11161,0,0,0
0,0,0,-1.11263,0,0,0
0,0,0,-1.11365,0,0,0
0,0,0,-1.11466,0,0,0
0,0,0,-1.11566,0,0,0
0,0,0,-1.11667,0,0,0
0,0,0,-1.11766,0,0,0
0,0,0,-1.11866,0,0,0
0,0,0,-1.11964,0,0,0
0,0,0,-1.12063,0,0,0
0,0,0,-1.12161,0,0,0
0,0,0,-1.12259,0,0,0
0,0,0,-1.12356,0,0,0
0,0,0,-1.12453,0,0,0
0,0,0,-1.12549,0,0,0
0,0,0,-1.12645,0,0,0
0,0,0,-1.1274,0,0,0
0,0,0,-1.12835,0,0,0
0,0,0,-1.1293,0,0,0
0,0,0,-1.13024,0,0,0
0,0,0,-1.13118,0,0,0
0,0,0,-1.13211,0,0,0
0,0,0,-1.13304,0,0,0
0,0,0,-1.13397,0,0,0
0,0,0,-1.13489,0,0,0
0,0,0,-1.1358,0,0,0
0,0,0,-1.13671,0,0,0
0,0,0,-1.13762,0,0,0
0,0,0,-1.13852,0,0,0
0,0,0,-1.13942,0,0,0
0,0,0,-1.14032,0,0,0
0,0,0,-1.14121,0,0,0
0,0,0,-1.14209,0,0,0
0,0,0,-1.14298,0,0,0
0,0,0,-1.14385,0,0,0
0,0,0,-1.14473,0,0,0
0,0,0,-1.14559,0,0,0
0,0,0,-1.14646,0,0,0
0,0,0,-1.14732,0,0,0
0,0,0,-1.14817,0,0,0
0,0,0,-1.14903,0,0,0
0,0,0,-1.14987,0,0,0
0,0,0,-1.15072,0,0,0
0,0,0,-1.15155,0,0,0
0,0,0,-1.15239,0,0,0
0,0,0,-1.15322,0,0,0
0,0,0,-1.15404,0,0,0
0,0,0,-1.15486,0,0,0
0,0,0,-1.15568,0,0,0
0,0,0,-1.15649,0,0,0
0,0,0,-1.1573,0,0,0
0,0,0,-1.1581,0,0,0
0,0,0,-1.1589,0,0,0
0,0,0,-1.1597,0,0,0
0,0,0,-1.16049,0,0,0
0,0,0,-1.16128,0,0,0
0,0,0,-1.16206,0,0,0
0,0,0,-1.16283,0,0,0
0,0,0,-1.16361,0,0,0
0,0,0,-1.16438,0,0,0
0,0,0,-1.16514,0,0,0
0,0,0,-1.1659,0,0,0
0,0,0,-1.16666,0,0,0
0,0,0,-1.16741,0,0,0
0,0,0,-1.16815,0,0,0
0,0,0,-1.1689,0,0,0
0,0,0,-1.16963,0,0,0
0,0,0,-1.17037,0,0,0
0,0,0,-1.1711,0,0,0
0,0,0,-1.17182,0,0,0
0,0,0,-1.17254,0,0,0
0,0,0,-1.17326,0,0,0
0,0,0,-1.17397,0,0,0
0,0,0,-1.17468,0,0,0
0,0,0,-1.17538,0,0,0
0,0,0,-1.17608,0,0,0
0,0,0,-1.17677,0,0,0
0,0,0,-1.17746,0,0,0
0,0,0,-1.17815,0,0,0
0,0,0,-1.17883,0,0,0
0,0,0,-1.17951,0,0,0
0,0,0,-1.18018,0,0,0
0,0,0,-1.18085,0,0,0
0,0,0,-1.18151,0,0,0
0,0,0,-1.18217,0,0,0
0,0,0,-1.18283,0,0,0
0,0,0,-1.18348,0,0,0
0,0,0,-1.18412,0,0,0
0,0,0,-1.18476,0,0,0
0,0,0,-1.1854,0,0,0
0,0,0,-1.18603,0,0,0
0,0,0,-1.18666,0,0,0
0,0,0,-1.18729,0,0,0
0,0,0,-1.18791,0,0,0
0,0,0,-1.18852,0,0,0
0,0,0,-1.18913,0,0,0
0,0,0,-1.18974,0,0,0
0,0,0,-1.19034,0,0,0
0,0,0,-1.19094,0,0,0
0,0,0,-1.19153,0,0,0
0,0,0,-1.19212,0,0,0
0,0,0,-1.1927,0,0,0
0,0,0,-1.19328,0,0,0
0,0,0,-1.19386,0,0,0
0,0,0,-1.19443,0,0,0
0,0,0,-1.195,0,0,0
0,0,0,-1.19556,0,0,0
0,0,0,-1.19612,0,0,0
0,0,0,-1.19667,0,0,0
0,0,0,-1.19722,0,0,0
0,0,0,-1.19776,0,0,0
0,0,0,-1.1983,0,0,0
0,0,0,-1.19884,0,0,0
0,0,0,-1.19937,0,0,0
0,0,0,-1.1999,0,0,0
0,0,0,-1.20042,0,0,0
0,0,0,-1.20094,0,0,0
0,0,0,-1.20145,0,0,0
0,0,0,-1.20196,0,0,0
0,0,0,-1.20247,0,0,0
0,0,0,-1.20297,0,0,0
0,0,0,-1.20346,0,0,0
0,0,0,-1.20395,0,0,0
0,0,0,-1.20444,0,0,0
0,0,0,-1.20492,0,0,0
0,0,0,-1.2054,0,0,0
0,0,0,-1.20588,0,0,0
0,0,0,-1.20635,0,0,0
0,0,0,-1.20681,0,0,0
0,0,0,-1.20727,0,0,0
0,0,0,-1.20773,0,0,0
0,0,0,-1.20818,0,0,0
0,0,0,-1.20863,0,0,0
0,0,0,-1.20907,0,0,0
0,0,0,-1.20951,0,0,0
0,0,0,-1.20994,0,0,0
0,0,0,-1.21037,0,0,0
0,0,0,-1.2108,0,0,0
0,0,0,-1.21122,0,0,0
0,0,0,-1.21164,0,0,0
0,0,0,-1.21205,0,0,0
0,0,0,-1.21245,0,0,0
0,0,0,-1.21286,0,0,0
0,0,0,-1.21326,0,0,0
0,0,0,-1.21365,0,0,0
0,0,0,-1.21404,0,0,0
0,0,0,-1.21443,0,0,0
0,0,0,-1.21481,0,0,0
0,0,0,-1.21518,0,0,0
0,0,0,-1.21556,0,0,0
0,0,0,-1.21593,0,0,0
0,0,0,-1.21629,0,0,0
0,0,0,-1.21665,0,0,0
0,0,0,-1.217,0,0,0
0,0,0,-1.21735,0,0,0
0,0,0,-1.2177,0,0,0
0,0,0,-1.21804,0,0,0
0,0,0,-1.21838,0,0,0
0,0,0,-1.21871,0,0,0
0,0,0,-1.21904,0,0,0
0,0,0,-1.21936,0,0,0
0,0,0,-1.21968,0,0,0
0,0,0,-1.22,0,0,0
0,0,0,-1.22031,0,0,0
0,0,0,-1.22061,0,0,0
0,0,0,-1.22092,0,0,0
0,0,0,-1.22121,0,0,0
0,0,0,-1.22151,0,0,0
0,0,0,-1.22179,0,0,0
0,0,0,-1.22208,0,0,0
0,0,0,-1.22236,0,0,0
0,0,0,-1.22263,0,0,0
0,0,0,-1.22291,0,0,0
0,0,0,-1.22317,0,0,0
0,0,0,-1.22343,0,0,0
0,0,0,-1.22369,0,0,0
0,0,0,-1.22395,0,0,0
0,0,0,-1.22419,0,0,0
0,0,0,-1.22444,0,0,0
0,0,0,-1.22468,0,0,0
0,0,0,-1.22492,0,0,0
0,0,0,-1.22515,0,0,0
0,0,0,-1.22537,0,0,0
0,0,0,-1.2256,0,0,0
0,0,0,-1.22582,0,0,0
0,0,0,-1.22603,0,0,0
0,0,0,-1.22624,0,0,0
0,0,0,-1.22644,0,0,0
0,0,0,-1.22664,0,0,0
0,0,0,-1.22684,0,0,0
0,0,0,-1.22703,0,0,0
0,0,0,-1.22722,0,0,0
0,0,0,-1.2274,0,0,0
0,0,0,-1.22758,0,0,0
0,0,0,-1.22776,0,0,0
0,0,0,-1.22793,0,0,0
0,0,0,-1.22809,0,0,0
0,0,0,-1.22826,0,0,0
0,0,0,-1.22841,0,0,0
0,0,0,-1.22857,0,0,0
0,0,0,-1.22871,0,0,0
0,0,0,-1.22886,0,0,0
0,0,0,-1.229,0,0,0
0,0,0,-1.22913,0,0,0
0,0,0,-1.22926,0,0,0
0,0,0,-1.22939,0,0,0
0,0,0,-1.22951,0,0,0
0,0,0,-1.22963,0,0,0
0,0,0,-1.22974,0,0,0
0,0,0,-1.22985,0,0,0
0,0,0,-1.22996,0,0,0
0,0,0,-1.23006,0,0,0
0,0,0,-1.23016,0,0,0
0,0,0,-1.23025,0,0,0
0,0,0,-1.23033,0,0,0
0,0,0,-1.23042,0,0,0
0,0,0,-1.2305,0,0,0
0,0,0,-1.23057,0,0,0
0,0,0,-1.23064,0,0,0
0,0,0,-1.23071,0,0,0
0,0,0,-1.23077,0,0,0
0,0,0,-1.23083,0,0,0
0,0,0,-1.23088,0,0,0
0,0,0,-1.23093,0,0,0
0,0,0,-1.23097,0,0,0
0,0,0,-1.23101,0,0,0
0,0,0,-1.23105,0,0,0
0,0,0,-1.23108,0,0,0
0,0,0,-1.23111,0,0,0
0,0,0,-1.23113,0,0,0
0,0,0,-1.23115,0,0,0
0,0,0,-1.23116,0,0,0
0,0,0,-1.23117,0,0,0
0,0,0,-1.23118,0,0,0
0,0,0,-1.23118,0,0,0
0,0,0,-1.23118,0,0,0
0,0,0,-1.23117,0,0,0
0,0,0,-1.23116,0,0,0
0,0,0,-1.23114,0,0,0
0,0,0,-1.23112,0,0,0
0,0,0,-1.2311,0,0,0
0,0,0,-1.23107,0,0,0
0,0,0,-1.23103,0,0,0
0,0,0,-1.231,0,0,0
0,0,0,-1.23095,0,0,0
0,0,0,-1.23091,0,0,0
0,0,0,-1.23086,0,0,0
0,0,0,-1.2308,0,0,0
0,0,0,-1.23075,0,0,0
0,0,0,-1.23068,0,0,0
0,0,0,-1.23062,0,0,0
0,0,0,-1.23054,0,0,0
0,0,0,-1.23047,0,0,0
0,0,0,-1.23039,0,0,0
0,0,0,-1.2303,0,0,0
0,0,0,-1.23022,0,0,0
0,0,0,-1.23012,0,0,0
0,0,0,-1.23003,0,0,0
0,0,0,-1.22993,0,0,0
0,0,0,-1.22982,0,0,0
0,0,0,-1.22971,0,0,0
0,0,0,-1.2296,0,0,0
0,0,0,-1.22948,0,0,0
0,0,0,-1.22936,0,0,0
0,0,0,-1.22923,0,0,0
0,0,0,-1.2291,0,0,0
0,0,0,-1.22896,0,0,0
0,0,0,-1.22883,0,0,0
0,0,0,-1.22868,0,0,0
0,0,0,-1.22853,0,0,0
0,0,0,-1.22838,0,0,0
0,0,0,-1.22823,0,0,0
0,0,0,-1.22807,0,0,0
0,0,0,-1.2279,0,0,0
0,0,0,-1.22773,0,0,0
0,0,0,-1.22756,0,0,0
0,0,0,-1.22738,0,0,0
0,0,0,-1.2272,0,0,0
0,0,0,-1.22702,0,0,0
0,0,0,-1.22683,0,0,0
0,0,0,-1.22664,0,0,0
0,0,0,-1.22644,0,0,0
0,0,0,-1.22624,0,0,0
0,0,0,-1.22603,0,0,0
0,0,0,-1.22582,0,0,0
0,0,0,-1.22561,0,0,0
0,0,0,-1.22539,0,0,0
0,0,0,-1.22517,0,0,0
0,0,0,-1.22494,0,0,0
0,0,0,-1.22471,0,0,0
0,0,0,-1.22447,0,0,0
0,0,0,-1.22423,0,0,0
0,0,0,-1.22399,0,0,0
0,0,0,-1.22374,0,0,0
0,0,0,-1.22349,0,0,0
0,0,0,-1.22324,0,0,0
0,0,0,-1.22298,0,0,0
0,0,0,-1.22271,0,0,0
0,0,0,-1.22244,0,0,0
0,0,0,-1.22217,0,0,0
0,0,0,-1.2219,0,0,0
0,0,0,-1.22162,0,0,0
0,0,0,-1.22133,0,0,0
0,0,0,-1.22104,0,0,0
0,0,0,-1.22075,0,0,0
0,0,0,-1.22045,0,0,0
0,0,0,-1.22015,0,0,0
0,0,0,-1.21985,0,0,0
0,0,0,-1.21954,0,0,0
0,0,0,-1.21923,0,0,0
0,0,0,-1.21891,0,0,0
0,0,0,-1.21859,0,0,0
0,0,0,-1.21826,0,0,0
0,0,0,-1.21794,0,0,0
0,0,0,-1.2176,0,0,0
0,0,0,-1.21726,0,0,0
0,0,0,-1.21692,0,0,0
0,0,0,-1.21658,0,0,0
0,0,0,-1.21623,0,0,0
0,0,0,-1.21588,0,0,0
0,0,0,-1.21552,0,0,0
0,0,0,-1.21516,0,0,0
0,0,0,-1.21479,0,0,0
0,0,0,-1.21442,0,0,0
0,0,0,-1.21405,0,0,0
0,0,0,-1.21367,0,0,0
0,0,0,-1.21329,0,0,0
0,0,0,-1.21291,0,0,0
0,0,0,-1.21252,0,0,0
0,0,0,-1.21212,0,0,0
0,0,0,-1.21173,0,0,0
0,0,0,-1.21132,0,0,0
0,0,0,-1.21092,0,0,0
0,0,0,-1.21051,0,0,0
0,0,0,-1.2101,0,0,0
0,0,0,-1.20968,0,0,0
0,0,0,-1.20926,0,0,0
0,0,0,-1.20883,0,0,0
0,0,0,-1.2084,0,0,0
0,0,0,-1.20797,0,0,0
0,0,0,-1.20753,0,0,0
0,0,0,-1.20709,0,0,0
0,0,0,-1.20665,0,0,0
0,0,0,-1.2062,0,0,0
0,0,0,-1.20575,0,0,0
0,0,0,-1.20529,0,0,0
0,0,0,-1.20483,0,0,0
0,0,0,-1.20437,0,0,0
0,0,0,-1.2039,0,0,0
0,0,0,-1.20343,0,0,0
0,0,0,-1.20295,0,0,0
0,0,0,-1.20247,0,0,0
0,0,0,-1.20199,0,0,0
0,0,0,-1.2015,0,0,0
0,0,0,-1.20101,0,0,0
0,0,0,-1.20051,0,0,0
0,0,0,-1.20001,0,0,0
0,0,0,-1.19951,0,0,0
0,0,0,-1.199,0,0,0
0,0,0,-1.19849,0,0,0
0,0,0,-1.19798,0,0,0
0,0,0,-1.19746,0,0,0
0,0,0,-1.19694,0,0,0
0,0,0,-1.19641,0,0,0
0,0,0,-1.19588,0,0,0
0,0,0,-1.19535,0,0,0
0,0,0,-1.19481,0,0,0
0,0,0,-1.19427,0,0,0
0,0,0,-1.19372,0,0,0
0,0,0,-1.19318,0,0,0
0,0,0,-1.19262,0,0,0
0,0,0,-1.19207,0,0,0
0,0,0,-1.19151,0,0,0
0,0,0,-1.19094,0,0,0
0,0,0,-1.19037,0,0,0
0,0,0,-1.1898,0,0,0
0,0,0,-1.18923,0,0,0
0,0,0,-1.18865,0,0,0
0,0,0,-1.18806,0,0,0
0,0,0,-1.18748,0,0,0
0,0,0,-1.18689,0,0,0
0,0,0,-1.18629,0,0,0
0,0,0,-1.1857,0,0,0
0,0,0,-1.18509,0,0,0
0,0,0,-1.18449,0,0,0
0,0,0,-1.18388,0,0,0
0,0,0,-1.18327,0,0,0
0,0,0,-1.18265,0,0,0
0,0,0,-1.18203,0,0,0
0,0,0,-1.18141,0,0,0
0,0,0,-1.18078,0,0,0
0,0,0,-1.18015,0,0,0
0,0,0,-1.17951,0,0,0
0,0,0,-1.17887,0,0,0
0,0,0,-1.17823,0,0,0
0,0,0,-1.17759,0,0,0
0,0,0,-1.17694,0,0,0
0,0,0,-1.17628,0,0,0
0,0,0,-1.17563,0,0,0
0,0,0,-1.17497,0,0,0
0,0,0,-1.1743,0,0,0
0,0,0,-1.17363,0,0,0
0,0,0,-1.17296,0,0,0
0,0,0,-1.17229,0,0,0
0,0,0,-1.17161,0,0,0
0,0,0,-1.17093,0,0,0
0,0,0,-1.17024,0,0,0
0,0,0,-1.16955,0,0,0
0,0,0,-1.16886,0,0,0
0,0,0,-1.16816,0,0,0
0,0,0,-1.16746,0,0,0
0,0,0,-1.16676,0,0,0
0,0,0,-1.16605,0,0,0
0,0,0,-1.16534,0,0,0
0,0,0,-1.16463,0,0,0
0,0,0,-1.16391,0,0,0
0,0,0,-1.16319,0,0,0
0,0,0,-1.16246,0,0,0
0,0,0,-1.16173,0,0,0
0,0,0,-1.161,0,0,0
0,0,0,-1.16027,0,0,0
0,0,0,-1.15953,0,0,0
0,0,0,-1.15878,0,0,0
0,0,0,-1.15804,0,0,0
0,0,0,-1.15729,0,0,0
0,0,0,-1.15653,0,0,0
0,0,0,-1.15578,0,0,0
0,0,0,-1.15502,0,0,0
0,0,0,-1.15425,0,0,0
0,0,0,-1.15349,0,0,0
0,0,0,-1.15272,0,0,0
0,0,0,-1.15194,0,0,0
0,0,0,-1.15117,0,0,0
0,0,0,-1.15038,0,0,0
0,0,0,-1.1496,0,0,0
0,0,0,-1.14881,0,0,0
0,0,0,-1.14802,0,0,0
0,0,0,-1.14723,0,0,0
0,0,0,-1.14643,0,0,0
0,0,0,-1.14563,0,0,0
0,0,0,-1.14482,0,0,0
0,0,0,-1.14401,0,0,0
0,0,0,-1.1432,0,0,0
0,0,0,-1.14239,0,0,0
0,0,0,-1.14157,0,0,0
0,0,0,-1.14075,0,0,0
0,0,0,-1.13992,0,0,0
0,0,0,-1.13909,0,0,0
0,0,0,-1.13826,0,0,0
0,0,0,-1.13743,0,0,0
0,0,0,-1.13659,0,0,0
0,0,0,-1.13575,0,0,0
0,0,0,-1.1349,0,0,0
0,0,0,-1.13405,0,0,0
0,0,0,-1.1332,0,0,0
0,0,0,-1.13235,0,0,0
0,0,0,-1.13149,0,0,0
0,0,0,-1.13063,0,0,0
0,0,0,-1.12976,0,0,0
0,0,0,-1.12889,0,0,0
0,0,0,-1.12802,0,0,0
0,0,0,-1.12715,0,0,0
0,0,0,-1.12627,0,0,0
0,0,0,-1.12539,0,0,0
0,0,0,-1.1245,0,0,0
0,0,0,-1.12362,0,0,0
0,0,0,-1.12273,0,0,0
0,0,0,-1.12183,0,0,0
0,0,0,-1.12093,0,0,0
0,0,0,-1.12003,0,0,0
0,0,0,-1.11913,0,0,0
0,0,0,-1.11822,0,0,0
0,0,0,-1.11731,0,0,0
0,0,0,-1.1164,0,0,0
0,0,0,-1.11548,0,0,0
0,0,0,-1.11456,0,0,0
0,0,0,-1.11364,0,0,0
0,0,0,-1.11271,0,0,0
0,0,0,-1.11179,0,0,0
0,0,0,-1.11085,0,0,0
0,0,0,-1.10992,0,0,0
0,0,0,-1.10898,0,0,0
0,0,0,-1.10804,0,0,0
0,0,0,-1.10709,0,0,0
0,0,0,-1.10614,0,0,0
0,0,0,-1.10519,0,0,0
0,0,0,-1.10424,0,0,0
0,0,0,-1.10328,0,0,0
0,0,0,-1.10232,0,0,0
0,0,0,-1.10136,0,0,0
0,0,0,-1.10039,0,0,0
0,0,0,-1.09942,0,0,0
0,0,0,-1.09845,0,0,0
0,0,0,-1.09747,0,0,0
0,0,0,-1.0965,0,0,0
0,0,0,-1.09551,0,0,0
0,0,0,-1.09453,0,0,0
0,0,0,-1.09354,0,0,0
0,0,0,-1.09255,0,0,0
0,0,0,-1.09156,0,0,0
0,0,0,-1.09056,0,0,0
0,0,0,-1.08956,0,0,0
0,0,0,-1.08856,0,0,0
0,0,0,-1.08755,0,0,0
0,0,0,-1.08654,0,0,0
0,0,0,-1.08553,0,0,0
0,0,0,-1.08452,0,0,0
0,0,0,-1.0835,0,0,0
0,0,0,-1.08248,0,0,0
0,0,0,-1.08146,0,0,0
0,0,0,-1.08043,0,0,0
0,0,0,-1.0794,0,0,0
0,0,0,-1.07837,0,0,0
0,0,0,-1.07733,0,0,0
0,0,0,-1.0763,0,0,0
0,0,0,-1.07526,0,0,0
0,0,0,-1.07421,0,0,0
0,0,0,-1.07317,0,0,0
0,0,0,-1.07212,0,0,0
0,0,0,-1.07106,0,0,0
0,0,0,-1.07001,0,0,0
0,0,0,-1.06895,0,0,0
0,0,0,-1.06789,0,0,0
0,0,0,-1.06683,0,0,0
0,0,0,-1.06576,0,0,0
0,0,0,-1.06469,0,0,0
0,0,0,-1.06362,0,0,0
0,0,0,-1.06254,0,0,0
0,0,0,-1.06147,0,0,0
0,0,0,-1.06038,0,0,0
0,0,0,-1.0593,0,0,0
0,0,0,-1.05822,0,0,0
0,0,0,-1.05713,0,0,0
0,0,0,-1.05604,0,0,0
0,0,0,-1.05494,0,0,0
0,0,0,-1.05384,0,0,0
0,0,0,-1.05274,0,0,0
0,0,0,-1.05164,0,0,0
0,0,0,-1.05054,0,0,0
0,0,0,-1.04943,0,0,0
0,0,0,-1.04832,0,0,0
0,0,0,-1.0472,0,0,0
0,0,0,-1.04609,0,0,0
0,0,0,-1.04497,0,0,0
0,0,0,-1.04385,0,0,0
0,0,0,-1.04272,0,0,0
0,0,0,-1.0416,0,0,0
0,0,0,-1.04047,0,0,0
0,0,0,-1.03934,0,0,0
0,0,0,-1.0382,0,0,0
0,0,0,-1.03707,0,0,0
0,0,0,-1.03593,0,0,0
0,0,0,-1.03478,0,0,0
0,0,0,-1.03364,0,0,0
0,0,0,-1.03249,0,0,0
0,0,0,-1.03134,0,0,0
0,0,0,-1.03019,0,0,0
0,0,0,-1.02903,0,0,0
0,0,0,-1.02787,0,0,0
0,0,0,-1.02671,0,0,0
0,0,0,-1.02555,0,0,0
0,0,0,-1.02439,0,0,0
0,0,0,-1.02322,0,0,0
0,0,0,-1.02205,0,0,0
0,0,0,-1.02087,0,0,0
0,0,0,-1.0197,0,0,0
0,0,0,-1.01852,0,0,0
0,0,0,-1.01734,0,0,0
0,0,0,-1.01616,0,0,0
0,0,0,-1.01497,0,0,0
0,0,0,-1.01378,0,0,0
0,0,0,-1.01259,0,0,0
0,0,0,-1.0114,0,0,0
0,0,0,-1.0102,0,0,0
0,0,0,-1.00901,0,0,0
0,0,0,-1.00781,0,0,0
0,0,0,-1.0066,0,0,0
0,0,0,-1.0054,0,0,0
0,0,0,-1.00419,0,0,0
0,0,0,-1.00298,0,0,0
0,0,0,-1.00177,0,0,0
0,0,0,-1.00055,0,0,0
0,0,0,-0.999338,0,0,0
0,0,0,-0.998118,0,0,0
0,0,0,-0.996897,0,0,0
0,0,0,-0.995673,0,0,0
0,0,0,-0.994447,0,0,0
0,0,0,-0.993218,0,0,0
0,0,0,-0.991987,0,0,0
0,0,0,-0.990754,0,0,0
0,0,0,-0.989518,0,0,0
0,0,0,-0.98828,0,0,0
0,0,0,-0.98704,0,0,0
0,0,0,-0.985798,0,0,0
0,0,0,-0.984553,0,0,0
0,0,0,-0.983306,0,0,0
0,0,0,-0.982057,0,0,0
0,0,0,-0.980805,0,0,0
0,0,0,-0.979552,0,0,0
0,0,0,-0.978296,0,0,0
0,0,0,-0.977038,0,0,0
0,0,0,-0.975777,0,0,0
0,0,0,-0.974515,0,0,0
0,0,0,-0.97325,0,0,0
0,0,0,-0.971983,0,0,0
0,0,0,-0.970714,0,0,0
0,0,0,-0.969443,0,0,0
0,0,0,-0.968169,0,0,0
0,0,0,-0.966894,0,0,0
0,0,0,-0.965616,0,0,0
0,0,0,-0.964336,0,0,0
0,0,0,-0.963054,0,0,0
0,0,0,-0.96177,0,0,0
0,0,0,-0.960484,0,0,0
0,0,0,-0.959195,0,0,0
0,0,0,-0.957905,0,0,0
0,0,0,-0.956612,0,0,0
0,0,0,-0.955318,0,0,0
0,0,0,-0.954021,0,0,0
0,0,0,-0.952723,0,0,0
0,0,0,-0.951422,0,0,0
0,0,0,-0.950119,0,0,0
0,0,0,-0.948814,0,0,0
0,0,0,-0.947507,0,0,0
0,0,0,-0.946198,0,0,0
0,0,0,-0.944888,0,0,0
0,0,0,-0.943575,0,0,0
0,0,0,-0.94226,0,0,0
0,0,0,-0.940943,0,0,0
0,0,0,-0.939624,0,0,0
0,0,0,-0.938303,0,0,0
0,0,0,-0.936981,0,0,0
0,0,0,-0.935656,0,0,0
0,0,0,-0.934329,0,0,0
0,0,0,-0.933001,0,0,0
0,0,0,-0.93167,0,0,0
0,0,0,-0.930338,0,0,0
0,0,0,-0.929004,0,0,0
0,0,0,-0.927668,0,0,0
0,0,0,-0.92633,0,0,0
0,0,0,-0.92499,0,0,0
0,0,0,-0.923648,0,0,0
0,0,0,-0.922304,0,0,0
0,0,0,-0.920959,0,0,0
0,0,0,-0.919611,0,0,0
0,0,0,-0.918262,0,0,0
0,0,0,-0.916911,0,0,0
0,0,0,-0.915558,0,0,0
0,0,0,-0.914204,0,0,0
0,0,0,-0.912847,0,0,0
0,0,0,-0.911489,0,0,0
0,0,0,-0.910129,0,0,0
0,0,0,-0.908767,0,0,0
0,0,0,-0.907404,0,0,0
0,0,0,-0.906038,0,0,0
0,0,0,-0.904671,0,0,0
0,0,0,-0.903302,0,0,0
0,0,0,-0.901932,0,0,0
0,0,0,-0.90056,0,0,0
0,0,0,-0.899186,0,0,0
0,0,0,-0.89781,0,0,0
0,0,0,-0.896433,0,0,0
0,0,0,-0.895054,0,0,0
0,0,0,-0.893673,0,0,0
0,0,0,-0.892291,0,0,0
0,0,0,-0.890907,0,0,0
0,0,0,-0.889521,0,0,0
0,0,0,-0.888134,0,0,0
0,0,0,-0.886745,0,0,0
0,0,0,-0.885354,0,0,0
0,0,0,-0.883962,0,0,0
0,0,0,-0.882568,0,0,0
0,0,0,-0.881173,0,0,0
0,0,0,-0.879776,0,0,0
0,0,0,-0.878377,0,0,0
0,0,0,-0.876977,0,0,0
0,0,0,-0.875576,0,0,0
0,0,0,-0.874172,0,0,0
0,0,0,-0.872768,0,0,0
0,0,0,-0.871361,0,0,0
0,0,0,-0.869954,0,0,0
0,0,0,-0.868544,0,0,0
0,0,0,-0.867133,0,0,0
0,0,0,-0.865721,0,0,0
0,0,0,-0.864307,0,0,0
0,0,0,-0.862892,0,0,0
0,0,0,-0.861475,0,0,0
0,0,0,-0.860057,0,0,0
0,0,0,-0.858637,0,0,0
0,0,0,-0.857216,0,0,0
0,0,0,-0.855794,0,0,0
0,0,0,-0.85437,0,0,0
0,0,0,-0.852944,0,0,0
0,0,0,-0.851518,0,0,0
0,0,0,-0.850089,0,0,0
0,0,0,-0.84866,0,0,0
0,0,0,-0.847229,0,0,0
0,0,0,-0.845797,0,0,0
0,0,0,-0.844363,0,0,0
0,0,0,-0.842928,0,0,0
0,0,0,-0.841492,0,0,0
0,0,0,-0.840054,0,0,0
0,0,0,-0.838615,0,0,0
0,0,0,-0.837174,0,0,0
0,0,0,-0.835733,0,0,0
0,0,0,-0.83429,0,0,0
0,0,0,-0.832846,0,0,0
0,0,0,-0.8314,0,0,0
0,0,0,-0.829953,0,0,0
0,0,0,-0.828505,0,0,0
0,0,0,-0.827056,0,0,0
0,0,0,-0.825606,0,0,0
0,0,0,-0.824154,0,0,0
0,0,0,-0.822701,0,0,0
0,0,0,-0.821247,0,0,0
0,0,0,-0.819791,0,0,0
0,0,0,-0.818335,0,0,0
0,0,0,-0.816877,0,0,0
0,0,0,-0.815418,0,0,0
0,0,0,-0.813958,0,0,0
0,0,0,-0.812496,0,0,0
0,0,0,-0.811034,0,0,0
0,0,0,-0.80957,0,0,0
0,0,0,-0.808106,0,0,0
0,0,0,-0.80664,0,0,0
0,0,0,-0.805173,0,0,0
0,0,0,-0.803705,0,0,0
0,0,0,-0.802236,0,0,0
0,0,0,-0.800766,0,0,0
0,0,0,-0.799294,0,0,0
0,0,0,-0.797822,0,0,0
0,0,0,-0.796349,0,0,0
0,0,0,-0.794874,0,0,0
0,0,0,-0.793399,0,0,0
0,0,0,-0.791922,0,0,0
0,0,0,-0.790445,0,0,0
0,0,0,-0.788966,0,0,0
0,0,0,-0.787486,0,0,0
0,0,0,-0.786006,0,0,0
0,0,0,-0.784524,0,0,0
0,0,0,-0.783042,0,0,0
0,0,0,-0.781558,0,0,0
0,0,0,-0.780074,0,0,0
0,0,0,-0.778588,0,0,0
0,0,0,-0.777102,0,0,0
0,0,0,-0.775615,0,0,0
0,0,0,-0.774127,0,0,0
0,0,0,-0.772638,0,0,0
0,0,0,-0.771148,0,0,0
0,0,0,-0.769657,0,0,0
0,0,0,-0.768165,0,0,0
0,0,0,-0.766673,0,0,0
0,0,0,-0.765179,0,0,0
0,0,0,-0.763685,0,0,0
0,0,0,-0.76219,0,0,0
0,0,0,-0.760694,0,0,0
0,0,0,-0.759197,0,0,0
0,0,0,-0.757699,0,0,0
0,0,0,-0.756201,0,0,0
0,0,0,-0.754701,0,0,0
0,0,0,-0.753201,0,0,0
0,0,0,-0.751701,0,0,0
0,0,0,-0.750199,0,0,0
0,0,0,-0.748697,0,0,0
0,0,0,-0.747194,0,0,0
0,0,0,-0.74569,0,0,0
0,0,0,-0.744185,0,0,0
0,0,0,-0.74268,0,0,0
0,0,0,-0.741174,0,0,0
0,0,0,-0.739667,0,0,0
0,0,0,-0.73816,0,0,0
0,0,0,-0.736652,0,0,0
0,0,0,-0.735143,0,0,0
0,0,0,-0.733633,0,0,0
0,0,0,-0.732123,0,0,0
0,0,0,-0.730613,0,0,0
0,0,0,-0.729101,0,0,0
0,0,0,-0.727589,0,0,0
0,0,0,-0.726077,0,0,0
0,0,0,-0.724564,0,0,0
0,0,0,-0.72305,0,0,0
0,0,0,-0.721535,0,0,0
0,0,0,-0.72002,0,0,0
0,0,0,-0.718505,0,0,0
0,0,0,-0.716989,0,0,0
0,0,0,-0.715472,0,0,0
0,0,0,-0.713955,0,0,0
0,0,0,-0.712437,0,0,0
0,0,0,-0.710919,0,0,0
0,0,0,-0.7094,0,0,0
0,0,0,-0.707881,0,0,0
0,0,0,-0.706361,0,0,0
0,0,0,-0.70484,0,0,0
0,0,0,-0.70332,0,0,0
0,0,0,-0.701798,0,0,0
0,0,0,-0.700277,0,0,0
0,0,0,-0.698755,0,0,0
0,0,0,-0.697232,0,0,0
0,0,0,-0.695709,0,0,0
0,0,0,-0.694186,0,0,0
0,0,0,-0.692662,0,0,0
0,0,0,-0.691137,0,0,0
0,0,0,-0.689613,0,0,0
0,0,0,-0.688088,0,0,0
0,0,0,-0.686562,0,0,0
0,0,0,-0.685037,0,0,0
0,0,0,-0.68351,0,0,0
0,0,0,-0.681984,0,0,0
0,0,0,-0.680457,0,0,0
0,0,0,-0.67893,0,0,0
0,0,0,-0.677403,0,0,0
0,0,0,-0.675875,0,0,0
0,0,0,-0.674347,0,0,0
0,0,0,-0.672818,0,0,0
0,0,0,-0.67129,0,0,0
0,0,0,-0.669761,0,0,0
0,0,0,-0.668232,0,0,0
0,0,0,-0.666702,0,0,0
0,0,0,-0.665172,0,0,0
0,0,0,-0.663643,0,0,0
0,0,0,-0.662112,0,0,0
0,0,0,-0.660582,0,0,0
0,0,0,-0.659051,0,0,0
0,0,0,-0.657521,0,0,0
0,0,0,-0.65599,0,0,0
0,0,0,-0.654459,0,0,0
0,0,0,-0.652927,0,0,0
0,0,0,-0.651396,0,0,0
0,0,0,-0.649864,0,0,0
0,0,0,-0.648333,0,0,0
0,0,0,-0.646801,0,0,0
0,0,0,-0.645269,0,0,0
0,0,0,-0.643737,0,0,0
0,0,0,-0.642204,0,0,0
0,0,0,-0.640672,0,0,0
0,0,0,-0.63914,0,0,0
0,0,0,-0.637607,0,0,0
0,0,0,-0.636075,0,0,0
0,0,0,-0.634542,0,0,0
0,0,0,-0.63301,0,0,0
0,0,0,-0.631477,0,0,0
0,0,0,-0.629944,0,0,0
0,0,0,-0.628411,0,0,0
0,0,0,-0.626879,0,0,0
0,0,0,-0.625346,0,0,0
0,0,0,-0.623813,0,0,0
0,0,0,-0.622281,0,0,0
0,0,0,-0.620748,0,0,0
0,0,0,-0.619215,0,0,0
0,0,0,-0.617683,0,0,0
0,0,0,-0.61615,0,0,0
0,0,0,-0.614618,0,0,0
0,0,0,-0.613085,0,0,0
0,0,0,-0.611553,0,0,0
0,0,0,-0.610021,0,0,0
0,0,0,-0.608489,0,0,0
0,0,0,-0.606957,0,0,0
0,0,0,-0.605425,0,0,0
0,0,0,-0.603893,0,0,0
0,0,0,-0.602362,0,0,0
0,0,0,-0.60083,0,0,0
0,0,0,-0.599299,0,0,0
0,0,0,-0.597768,0,0,0
0,0,0,-0.596237,0,0,0
0,0,0,-0.594706,0,0,0
0,0,0,-0.593175,0,0,0
0,0,0,-0.591645,0,0,0
0,0,0,-0.590115,0,0,0
0,0,0,-0.588585,0,0,0
0,0,0,-0.587055,0,0,0
0,0,0,-0.585526,0,0,0
0,0,0,-0.583997,0,0,0
0,0,0,-0.582468,0,0,0
0,0,0,-0.580939,0,0,0
0,0,0,-0.579411,0,0,0
0,0,0,-0.577883,0,0,0
0,0,0,-0.576355,0,0,0
0,0,0,-0.574827,0,0,0
0,0,0,-0.5733,0,0,0
0,0,0,-0.571773,0,0,0
0,0,0,-0.570247,0,0,0
0,0,0,-0.568721,0,0,0
0,0,0,-0.567195,0,0,0
0,0,0,-0.565669,0,0,0
0,0,0,-0.564144,0,0,0
0,0,0,-0.56262,0,0,0
0,0,0,-0.561095,0,0,0
0,0,0,-0.559571,0,0,0
0,0,0,-0.558048,0,0,0
0,0,0,-0.556525,0,0,0
0,0,0,-0.555002,0,0,0
0,0,0,-0.55348,0,0,0
0,0,0,-0.551958,0,0,0
0,0,0,-0.550437,0,0,0
0,0,0,-0.548916,0,0,0
0,0,0,-0.547396,0,0,0
0,0,0,-0.545876,0,0,0
0,0,0,-0.544356,0,0,0
0,0,0,-0.542838,0,0,0
0,0,0,-0.541319,0,0,0
0,0,0,-0.539801,0,0,0
0,0,0,-0.538284,0,0,0
0,0,0,-0.536767,0,0,0
0,0,0,-0.535251,0,0,0
0,0,0,-0.533735,0,0,0
0,0,0,-0.53222,0,0,0
0,0,0,-0.530706,0,0,0
0,0,0,-0.529192,0,0,0
0,0,0,-0.527678,0,0,0
0,0,0,-0.526165,0,0,0
0,0,0,-0.524653,0,0,0
0,0,0,-0.523142,0,0,0
0,0,0,-0.521631,0,0,0
0,0,0,-0.52012,0,0,0
0,0,0,-0.518611,0,0,0
0,0,0,-0.517102,0,0,0
0,0,0,-0.515594,0,0,0
0,0,0,-0.514086,0,0,0
0,0,0,-0.512579,0,0,0
0,0,0,-0.511073,0,0,0
0,0,0,-0.509567,0,0,0
0,0,0,-0.508062,0,0,0
0,0,0,-0.506558,0,0,0
0,0,0,-0.505055,0,0,0
0,0,0,-0.503552,0,0,0
0,0,0,-0.50205,0,0,0
0,0,0,-0.500549,0,0,0
0,0,0,-0.499049,0,0,0
0,0,0,-0.497549,0,0,0
0,0,0,-0.49605,0,0,0
0,0,0,-0.494552,0,0,0
0,0,0,-0.493055,0,0,0
0,0,0,-0.491558,0,0,0
0,0,0,-0.490063,0,0,0
0,0,0,-0.488568,0,0,0
0,0,0,-0.487074,0,0,0
0,0,0,-0.485581,0,0,0
0,0,0,-0.484089,0,0,0
0,0,0,-0.482597,0,0,0
0,0,0,-0.481107,0,0,0
0,0,0,-0.479617,0,0,0
0,0,0,-0.478128,0,0,0
0,0,0,-0.476641,0,0,0
0,0,0,-0.475154,0,0,0
0,0,0,-0.473668,0,0,0
0,0,0,-0.472183,0,0,0
0,0,0,-0.470698,0,0,0
0,0,0,-0.469215,0,0,0
0,0,0,-0.467733,0,0,0
0,0,0,-0.466252,0,0,0
0,0,0,-0.464771,0,0,0
0,0,0,-0.463292,0,0,0
0,0,0,-0.461814,0,0,0
0,0,0,-0.460336,0,0,0
0,0,0,-0.45886,0,0,0
0,0,0,-0.457385,0,0,0
0,0,0,-0.45591,0,0,0
0,0,0,-0.454437,0,0,0
0,0,0,-0.452965,0,0,0
0,0,0,-0.451494,0,0,0
0,0,0,-0.450023,0,0,0
0,0,0,-0.448554,0,0,0
0,0,0,-0.447086,0,0,0
0,0,0,-0.445619,0,0,0
0,0,0,-0.444154,0,0,0
0,0,0,-0.442689,0,0,0
0,0,0,-0.441225,0,0,0
0,0,0,-0.439763,0,0,0
0,0,0,-0.438302,0,0,0
0,0,0,-0.436841,0,0,0
0,0,0,-0.435382,0,0,0
0,0,0,-0.433924,0,0,0
0,0,0,-0.432468,0,0,0
0,0,0,-0.431012,0,0,0
0,0,0,-0.429558,0,0,0
0,0,0,-0.428105,0,0,0
0,0,0,-0.426653,0,0,0
0,0,0,-0.425202,0,0,0
0,0,0,-0.423752,0,0,0
0,0,0,-0.422304,0,0,0
0,0,0,-0.420857,0,0,0
0,0,0,-0.419411,0,0,0
0,0,0,-0.417966,0,0,0
0,0,0,-0.416523,0,0,0
0,0,0,-0.415081,0,0,0
0,0,0,-0.41364,0,0,0
0,0,0,-0.412201,0,0,0
0,0,0,-0.410762,0,0,0
0,0,0,-0.409326,0,0,0
0,0,0,-0.40789,0,0,0
0,0,0,-0.406456,0,0,0
0,0,0,-0.405023,0,0,0
0,0,0,-0.403591,0,0,0
0,0,0,-0.402161,0,0,0
0,0,0,-0.400732,0,0,0
0,0,0,-0.399304,0,0,0
0,0,0,-0.397878,0,0,0
0,0,0,-0.396453,0,0,0
0,0,0,-0.39503,0,0,0
0,0,0,-0.393608,0,0,0
0,0,0,-0.392187,0,0,0
0,0,0,-0.390768,0,0,0
0,0,0,-0.38935,0,0,0
0,0,0,-0.387934,0,0,0
0,0,0,-0.386519,0,0,0
0,0,0,-0.385106,0,0,0
0,0,0,-0.383694,0,0,0
0,0,0,-0.382283,0,0,0
0,0,0,-0.380874,0,0,0
0,0,0,-0.379466,0,0,0
0,0,0,-0.37806,0,0,0
0,0,0,-0.376656,0,0,0
0,0,0,-0.375253,0,0,0
0,0,0,-0.373851,0,0,0
0,0,0,-0.372451,0,0,0
0,0,0,-0.371052,0,0,0
0,0,0,-0.369655,0,0,0
0,0,0,-0.36826,0,0,0
0,0,0,-0.366866,0,0,0
0,0,0,-0.365474,0,0,0
0,0,0,-0.364083,0,0,0
0,0,0,-0.362694,0,0,0
0,0,0,-0.361306,0,0,0
0,0,0,-0.35992,0,0,0
0,0,0,-0.358536,0,0,0
0,0,0,-0.357153,0,0,0
0,0,0,-0.355772,0,0,0
0,0,0,-0.354392,0,0,0
0,0,0,-0.353014,0,0,0
0,0,0,-0.351638,0,0,0
0,0,0,-0.350264,0,0,0
0,0,0,-0.348891,0,0,0
0,0,0,-0.34752,0,0,0
0,0,0,-0.34615,0,0,0
0,0,0,-0.344782,0,0,0
0,0,0,-0.343416,0,0,0
0,0,0,-0.342051,0,0,0
0,0,0,-0.340689,0,0,0
0,0,0,-0.339328,0,0,0
0,0,0,-0.337968,0,0,0
0,0,0,-0.336611,0,0,0
0,0,0,-0.335255,0,0,0
0,0,0,-0.333901,0,0,0
0,0,0,-0.332548,0,0,0
0,0,0,-0.331198,0,0,0
0,0,0,-0.329849,0,0,0
0,0,0,-0.328502,0,0,0
0,0,0,-0.327157,0,0,0
0,0,0,-0.325813,0,0,0
0,0,0,-0.324472,0,0,0
0,0,0,-0.323132,0,0,0
0,0,0,-0.321794,0,0,0
0,0,0,-0.320458,0,0,0
0,0,0,-0.319124,0,0,0
0,0,0,-0.317791,0,0,0
0,0,0,-0.316461,0,0,0
0,0,0,-0.315132,0,0,0
0,0,0,-0.313805,0,0,0
0,0,0,-0.31248,0,0,0
0,0,0,-0.311157,0,0,0
0,0,0,-0.309836,0,0,0
0,0,0,-0.308516,0,0,0
0,0,0,-0.307199,0,0,0
0,0,0,-0.305884,0,0,0
0,0,0,-0.30457,0,0,0
0,0,0,-0.303258,0,0,0
0,0,0,-0.301949,0,0,0
0,0,0,-0.300641,0,0,0
0,0,0,-0.299335,0,0,0
0,0,0,-0.298031,0,0,0
0,0,0,-0.29673,0,0,0
0,0,0,-0.29543,0,0,0
0,0,0,-0.294132,0,0,0
0,0,0,-0.292836,0,0,0
0,0,0,-0.291542,0,0,0
0,0,0,-0.29025,0,0,0
0,0,0,-0.288961,0,0,0
0,0,0,-0.287673,0,0,0
0,0,0,-0.286387,0,0,0
0,0,0,-0.285103,0,0,0
0,0,0,-0.283822,0,0,0
0,0,0,-0.282542,0,0,0
0,0,0,-0.281264,0,0,0
0,0,0,-0.279989,0,0,0
0,0,0,-0.278715,0,0,0
0,0,0,-0.277444,0,0,0
0,0,0,-0.276175,0,0,0
0,0,0,-0.274908,0,0,0
0,0,0,-0.273643,0,0,0
0,0,0,-0.27238,0,0,0
0,0,0,-0.271119,0,0,0
0,0,0,-0.26986,0,0,0
0,0,0,-0.268604,0,0,0
0,0,0,-0.267349,0,0,0
0,0,0,-0.266097,0,0,0
0,0,0,-0.264847,0,0,0
0,0,0,-0.263599,0,0,0
0,0,0,-0.262354,0,0,0
0,0,0,-0.26111,0,0,0
0,0,0,-0.259869,0,0,0
0,0,0,-0.25863,0,0,0
0,0,0,-0.257393,0,0,0
0,0,0,-0.256158,0,0,0
0,0,0,-0.254925,0,0,0
0,0,0,-0.253695,0,0,0
0,0,0,-0.252467,0,0,0
0,0,0,-0.251241,0,0,0
0,0,0,-0.250018,0,0,0
0,0,0,-0.248796,0,0,0
0,0,0,-0.247577,0,0,0
0,0,0,-0.246361,0,0,0
0,0,0,-0.245146,0,0,0
0,0,0,-0.243934,0,0,0
0,0,0,-0.242724,0,0,0
0,0,0,-0.241516,0,0,0
0,0,0,-0.240311,0,0,0
0,0,0,-0.239108,0,0,0
0,0,0,-0.237907,0,0,0
0,0,0,-0.236709,0,0,0
0,0,0,-0.235513,0,0,0
0,0,0,-0.234319,0,0,0
0,0,0,-0.233128,0,0,0
0,0,0,-0.231939,0,0,0
0,0,0,-0.230752,0,0,0
0,0,0,-0.229568,0,0,0
0,0,0,-0.228386,0,0,0
0,0,0,-0.227207,0,0,0
0,0,0,-0.22603,0,0,0
0,0,0,-0.224855,0,0,0
0,0,0,-0.223683,0,0,0
0,0,0,-0.222513,0,0,0
0,0,0,-0.221345,0,0,0
0,0,0,-0.22018,0,0,0
0,0,0,-0.219018,0,0,0
0,0,0,-0.217858,0,0,0
0,0,0,-0.2167,0,0,0
0,0,0,-0.215545,0,0,0
0,0,0,-0.214392,0,0,0
0,0,0,-0.213241,0,0,0
0,0,0,-0.212094,0,0,0
0,0,0,-0.210948,0,0,0
0,0,0,-0.209805,0,0,0
0,0,0,-0.208665,0,0,0
0,0,0,-0.207527,0,0,0
0,0,0,-0.206391,0,0,0
0,0,0,-0.205258,0,0,0
0,0,0,-0.204128,0,0,0
0,0,0,-0.203,0,0,0
0,0,0,-0.201875,0,0,0
0,0,0,-0.200752,0,0,0
0,0,0,-0.199632,0,0,0
0,0,0,-0.198514,0,0,0
0,0,0,-0.197399,0,0,0
0,0,0,-0.196286,0,0,0
0,0,0,-0.195176,0,0,0
0,0,0,-0.194069,0,0,0
0,0,0,-0.192964,0,0,0
0,0,0,-0.191862,0,0,0
0,0,0,-0.190762,0,0,0
0,0,0,-0.189665,0,0,0
0,0,0,-0.188571,0,0,0
0,0,0,-0.187479,0,0,0
0,0,0,-0.18639,0,0,0
0,0,0,-0.185303,0,0,0
0,0,0,-0.184219,0,0,0
0,0,0,-0.183138,0,0,0
0,0,0,-0.182059,0,0,0
0,0,0,-0.180983,0,0,0
0,0,0,-0.17991,0,0,0
0,0,0,-0.178839,0,0,0
0,0,0,-0.177771,0,0,0
0,0,0,-0.176706,0,0,0
0,0,0,-0.175644,0,0,0
0,0,0,-0.174584,0,0,0
0,0,0,-0.173526,0,0,0
0,0,0,-0.172472,0,0,0
0,0,0,-0.17142,0,0,0
0,0,0,-0.170371,0,0,0
0,0,0,-0.169325,0,0,0
0,0,0,-0.168281,0,0,0
0,0,0,-0.16724,0,0,0
0,0,0,-0.166202,0,0,0
0,0,0,-0.165166,0,0,0
0,0,0,-0.164134,0,0,0
0,0,0,-0.163104,0,0,0
0,0,0,-0.162077,0,0,0
0,0,0,-0.161052,0,0,0
0,0,0,-0.160031,0,0,0
0,0,0,-0.159012,0,0,0
0,0,0,-0.157996,0,0,0
0,0,0,-0.156983,0,0,0
0,0,0,-0.155972,0,0,0
0,0,0,-0.154965,0,0,0
0,0,0,-0.15396,0,0,0
0,0,0,-0.152958,0,0,0
0,0,0,-0.151959,0,0,0
0,0,0,-0.150963,0,0,0
0,0,0,-0.149969,0,0,0
0,0,0,-0.148979,0,0,0
0,0,0,-0.147991,0,0,0
0,0,0,-0.147006,0,0,0
0,0,0,-0.146024,0,0,0
0,0,0,-0.145045,0,0,0
0,0,0,-0.144068,0,0,0
0,0,0,-0.143095,0,0,0
0,0,0,-0.142124,0,0,0
0,0,0,-0.141157,0,0,0
0,0,0,-0.140192,0,0,0
0,0,0,-0.13923,0,0,0
0,0,0,-0.138271,0,0,0
0,0,0,-0.137315,0,0,0
0,0,0,-0.136362,0,0,0
0,0,0,-0.135412,0,0,0
0,0,0,-0.134464,0,0,0
0,0,0,-0.13352,0,0,0
0,0,0,-0.132578,0,0,0
0,0,0,-0.13164,0,0,0
0,0,0,-0.130705,0,0,0
0,0,0,-0.129772,0,0,0
0,0,0,-0.128842,0,0,0
0,0,0,-0.127916,0,0,0
0,0,0,-0.126992,0,0,0
0,0,0,-0.126071,0,0,0
0,0,0,-0.125154,0,0,0
0,0,0,-0.124239,0,0,0
0,0,0,-0.123327,0,0,0
0,0,0,-0.122418,0,0,0
0,0,0,-0.121513,0,0,0
0,0,0,-0.12061,0,0,0
0,0,0,-0.11971,0,0,0
0,0,0,-0.118814,0,0,0
0,0,0,-0.11792,0,0,0
0,0,0,-0.117029,0,0,0
0,0,0,-0.116142,0,0,0
0,0,0,-0.115257,0,0,0
0,0,0,-0.114376,0,0,0
0,0,0,-0.113497,0,0,0
0,0,0,-0.112622,0,0,0
0,0,0,-0.11175,0,0,0
0,0,0,-0.11088,0,0,0
0,0,0,-0.110014,0,0,0
0,0,0,-0.109151,0,0,0
0,0,0,-0.108291,0,0,0
0,0,0,-0.107434,0,0,0
0,0,0,-0.10658,0,0,0
0,0,0,-0.10573,0,0,0
0,0,0,-0.104882,0,0,0
0,0,0,-0.104037,0,0,0
0,0,0,-0.103196,0,0,0
0,0,0,-0.102358,0,0,0
0,0,0,-0.101522,0,0,0
0,0,0,-0.10069,0,0,0
0,0,0,-0.0998614,0,0,0
0,0,0,-0.0990356,0,0,0
0,0,0,-0.0982129,0,0,0
0,0,0,-0.0973934,0,0,0
0,0,0,-0.0965771,0,0,0
0,0,0,-0.0957639,0,0,0
0,0,0,-0.0949538,0,0,0
0,0,0,-0.094147,0,0,0
0,0,0,-0.0933432,0,0,0
0,0,0,-0.0925427,0,0,0
0,0,0,-0.0917454,0,0,0
0,0,0,-0.0909512,0,0,0
0,0,0,-0.0901602,0,0,0
0,0,0,-0.0893724,0,0,0
0,0,0,-0.0885878,0,0,0
0,0,0,-0.0878064,0,0,0
0,0,0,-0.0870282,0,0,0
0,0,0,-0.0862533,0,0,0
0,0,0,-0.0854815,0,0,0
0,0,0,-0.084713,0,0,0
0,0,0,-0.0839477,0,0,0
0,0,0,-0.0831856,0,0,0
0,0,0,-0.0824267,0,0,0
0,0,0,-0.0816711,0,0,0
0,0,0,-0.0809187,0,0,0
0,0,0,-0.0801696,0,0,0
0,0,0,-0.0794237,0,0,0
0,0,0,-0.0786811,0,0,0
0,0,0,-0.0779418,0,0,0
0,0,0,-0.0772057,0,0,0
0,0,0,-0.0764729,0,0,0
0,0,0,-0.0757433,0,0,0
0,0,0,-0.075017,0,0,0
0,0,0,-0.074294,0,0,0
0,0,0,-0.0735743,0,0,0
0,0,0,-0.0728579,0,0,0
0,0,0,-0.0721448,0,0,0
0,0,0,-0.071435,0,0,0
0,0,0,-0.0707285,0,0,0
0,0,0,-0.0700252,0,0,0
0,0,0,-0.0693253,0,0,0
0,0,0,-0.0686287,0,0,0
0,0,0,-0.0679355,0,0,0
0,0,0,-0.0672455,0,0,0
0,0,0,-0.0665589,0,0,0
0,0,0,-0.0658756,0,0,0
0,0,0,-0.0651956,0,0,0
0,0,0,-0.064519,0,0,0
0,0,0,-0.0638457,0,0,0
0,0,0,-0.0631758,0,0,0
0,0,0,-0.0625092,0,0,0
0,0,0,-0.061846,0,0,0
0,0,0,-0.0611861,0,0,0
0,0,0,-0.0605296,0,0,0
0,0,0,-0.0598765,0,0,0
0,0,0,-0.0592267,0,0,0
0,0,0,-0.0585803,0,0,0
0,0,0,-0.0579373,0,0,0
0,0,0,-0.0572977,0,0,0
0,0,0,-0.0566614,0,0,0
0,0,0,-0.0560286,0,0,0
0,0,0,-0.0553991,0,0,0
0,0,0,-0.054773,0,0,0
0,0,0,-0.0541503,0,0,0
0,0,0,-0.053531,0,0,0
0,0,0,-0.0529152,0,0,0
0,0,0,-0.0523027,0,0,0
0,0,0,-0.0516937,0,0,0
0,0,0,-0.051088,0,0,0
0,0,0,-0.0504858,0,0,0
0,0,0,-0.049887,0,0,0
0,0,0,-0.0492917,0,0,0
0,0,0,-0.0486998,0,0,0
0,0,0,-0.0481113,0,0,0
0,0,0,-0.0475262,0,0,0
0,0,0,-0.0469446,0,0,0
0,0,0,-0.0463665,0,0,0
0,0,0,-0.0457917,0,0,0
0,0,0,-0.0452205,0,0,0
0,0,0,-0.0446527,0,0,0
0,0,0,-0.0440883,0,0,0
0,0,0,-0.0435274,0,0,0
0,0,0,-0.04297,0,0,0
0,0,0,-0.042416,0,0,0
0,0,0,-0.0418655,0,0,0
0,0,0,-0.0413185,0,0,0
0,0,0,-0.040775,0,0,0
0,0,0,-0.040235,0,0,0
0,0,0,-0.0396984,0,0,0
0,0,0,-0.0391653,0,0,0
0,0,0,-0.0386357,0,0,0
0,0,0,-0.0381096,0,0,0
0,0,0,-0.037587,0,0,0
0,0,0,-0.0370679,0,0,0
0,0,0,-0.0365523,0,0,0
0,0,0,-0.0360402,0,0,0
0,0,0,-0.0355316,0,0,0
0,0,0,-0.0350266,0,0,0
0,0,0,-0.034525,0,0,0
0,0,0,-0.0340269,0,0,0
0,0,0,-0.0335324,0,0,0
0,0,0,-0.0330414,0,0,0
0,0,0,-0.032554,0,0,0
0,0,0,-0.03207,0,0,0
0,0,0,-0.0315896,0,0,0
0,0,0,-0.0311127,0,0,0
0,0,0,-0.0306394,0,0,0
0,0,0,-0.0301696,0,0,0
0,0,0,-0.0297033,0,0,0
0,0,0,-0.0292406,0,0,0
0,0,0,-0.0287814,0,0,0
0,0,0,-0.0283258,0,0,0
0,0,0,-0.0278738,0,0,0
0,0,0,-0.0274252,0,0,0
0,0,0,-0.0269803,0,0,0
0,0,0,-0.0265389,0,0,0
0,0,0,-0.0261011,0,0,0
0,0,0,-0.0256668,0,0,0
0,0,0,-0.0252361,0,0,0
0,0,0,-0.024809,0,0,0
0,0,0,-0.0243855,0,0,0
0,0,0,-0.0239655,0,0,0
0,0,0,-0.0235491,0,0,0
0,0,0,-0.0231363,0,0,0
0,0,0,-0.0227271,0,0,0
0,0,0,-0.0223215,0,0,0
0,0,0,-0.0219194,0,0,0
0,0,0,-0.021521,0,0,0
0,0,0,-0.0211261,0,0,0
0,0,0,-0.0207348,0,0,0
0,0,0,-0.0203472,0,0,0
0,0,0,-0.0199631,0,0,0
0,0,0,-0.0195826,0,0,0
0,0,0,-0.0192057,0,0,0
0,0,0,-0.0188325,0,0,0
0,0,0,-0.0184628,0,0,0
0,0,0,-0.0180968,0,0,0
0,0,0,-0.0177344,0,0,0
0,0,0,-0.0173756,0,0,0
0,0,0,-0.0170204,0,0,0
0,0,0,-0.0166688,0,0,0
0,0,0,-0.0163208,0,0,0
0,0,0,-0.0159765,0,0,0
0,0,0,-0.0156358,0,0,0
0,0,0,-0.0152987,0,0,0
0,0,0,-0.0149653,0,0,0
0,0,0,-0.0146354,0,0,0
0,0,0,-0.0143092,0,0,0
0,0,0,-0.0139867,0,0,0
0,0,0,-0.0136678,0,0,0
0,0,0,-0.0133525,0,0,0
0,0,0,-0.0130409,0,0,0
0,0,0,-0.0127329,0,0,0
0,0,0,-0.0124285,0,0,0
0,0,0,-0.0121278,0,0,0
0,0,0,-0.0118308,0,0,0
0,0,0,-0.0115374,0,0,0
0,0,0,-0.0112476,0,0,0
0,0,0,-0.0109615,0,0,0
0,0,0,-0.010679,0,0,0
0,0,0,-0.0104003,0,0,0
0,0,0,-0.0101251,0,0,0
0,0,0,-0.00985364,0,0,0
0,0,0,-0.00958583,0,0,0
0,0,0,-0.00932168,0,0,0
0,0,0,-0.00906119,0,0,0
0,0,0,-0.00880436,0,0,0
0,0,0,-0.00855121,0,0,0
0,0,0,-0.00830172,0,0,0
0,0,0,-0.0080559,0,0,0
0,0,0,-0.00781375,0,0,0
0,0,0,-0.00757528,0,0,0
0,0,0,-0.00734048,0,0,0
0,0,0,-0.00710935,0,0,0
0,0,0,-0.0068819,0,0,0
0,0,0,-0.00665813,0,0,0
0,0,0,-0.00643804,0,0,0
0,0,0,-0.00622163,0,0,0
0,0,0,-0.0060089,0,0,0
0,0,0,-0.00579986,0,0,0
0,0,0,-0.0055945,0,0,0
0,0,0,-0.00539282,0,0,0
0,0,0,-0.00519483,0,0,0
0,0,0,-0.00500053,0,0,0
0,0,0,-0.00480992,0,0,0
0,0,0,-0.004623,0,0,0
0,0,0,-0.00443977,0,0,0
0,0,0,-0.00426023,0,0,0
0,0,0,-0.00408439,0,0,0
0,0,0,-0.00391224,0,0,0
0,0,0,-0.00374378,0,0,0
0,0,0,-0.00357902,0,0,0
0,0,0,-0.00341796,0,0,0
0,0,0,-0.0032606,0,0,0
0,0,0,-0.00310693,0,0,0
0,0,0,-0.00295697,0,0,0
0,0,0,-0.00281071,0,0,0
0,0,0,-0.00266815,0,0,0
0,0,0,-0.00252929,0,0,0
0,0,0,-0.00239413,0,0,0
0,0,0,-0.00226268,0,0,0
0,0,0,-0.00213493,0,0,0
0,0,0,-0.00201089,0,0,0
0,0,0,-0.00189056,0,0,0
0,0,0,-0.00177393,0,0,0
0,0,0,-0.00166101,0,0,0
0,0,0,-0.0015518,0,0,0
0,0,0,-0.0014463,0,0,0
0,0,0,-0.00134451,0,0,0
0,0,0,-0.00124642,0,0,0
0,0,0,-0.00115205,0,0,0
0,0,0,-0.00106139,0,0,0
0,0,0,-0.000974445,0,0,0
0,0,0,-0.00089121,0,0,0
0,0,0,-0.000811687,0,0,0
0,0,0,-0.000735878,0,0,0
0,0,0,-0.000663782,0,0,0
0,0,0,-0.000595401,0,0,0
0,0,0,-0.000530735,0,0,0
0,0,0,-0.000469783,0,0,0
0,0,0,-0.000412547,0,0,0
0,0,0,-0.000359026,0,0,0
0,0,0,-0.000309222,0,0,0
0,0,0,-0.000263133,0,0,0
0,0,0,-0.000220762,0,0,0
0,0,0,-0.000182107,0,0,0
0,0,0,-0.000147169,0,0,0
0,0,0,-0.000115948,0,0,0
0,0,0,-8.84446e-05,0,0,0
0,0,0,-6.46588e-05,0,0,0
0,0,0,-4.45908e-05,0,0,0
0,0,0,-2.82406e-05,0,0,0
0,0,0,-1.56083e-05,0,0,0
0,0,0,-6.69398e-06,0,0,0
0,0,0,-1.4977e-06,0,0,0
0,0,0,-1.95046e-08,0,0,0
