1.579800,-0.000000,0,-0.349100,0,1.570800,0.785400
1.579800,0.000000,0,-0.349100,0,1.570800,0.785400
1.579800,0.000000,0,-0.349100,0,1.570800,0.785400
1.579800,0.000000,0,-0.349100,0,1.570800,0.785400
1.579800,0.000000,0,-0.349100,0,1.570800,0.785400
1.579800,0.000000,0,-0.349100,0,1.570800,0.785400
1.579800,0.000000,0,-0.349100,0,1.570800,0.785400
1.579800,0.000000,0,-0.349100,0,1.570800,0.785400
1.579800,0.000000,0,-0.349100,0,1.570800,0.785400
1.579800,0.000000,0,-0.349100,0,1.570800,0.785400
1.579800,0.000000,0,-0.349100,0,1.570800,0.785400
1.579800,0.000000,0,-0.349100,0,1.570800,0.785400
1.579800,0.000000,0,-0.349100,0,1.570800,0.785400
1.579800,0.000000,0,-0.349100,0,1.570800,0.785400
1.579800,0.000000,0,-0.349100,0,1.570800,0.785400
1.579800,0.000000,0,-0.349100,0,1.570800,0.785400
1.579800,0.000000,0,-0.349100,0,1.570800,0.785400
1.579800,0.000000,0,-0.349100,0,1.570800,0.785400
1.579800,0.000000,0,-0.349100,0,1.570800,0.785400
1.579800,0.000000,0,-0.349100,0,1.570800,0.785400
1.579800,0.000000,0,-0.349100,0,1.570800,0.785400
1.579800,0.000000,0,-0.349100,0,1.570800,0.785400
1.579800,0.000001,0,-0.349100,0,1.570800,0.785400
1.579800,0.000001,0,-0.349100,0,1.570800,0.785400
1.579800,0.000001,0,-0.349100,0,1.570800,0.785400
1.579800,0.000001,0,-0.349100,0,1.570800,0.785400
1.579800,0.000001,0,-0.349100,0,1.570800,0.785400
1.579800,0.000001,0,-0.349100,0,1.570800,0.785400
1.579800,0.000002,0,-0.349100,0,1.570800,0.785400
1.579800,0.000002,0,-0.349100,0,1.570800,0.785400
1.579800,0.000002,0,-0.349100,0,1.570800,0.785400
1.579800,0.000002,0,-0.349100,0,1.570800,0.785400
1.579800,0.000003,0,-0.349100,0,1.570800,0.785400
1.579800,0.000003,0,-0.349100,0,1.570800,0.785400
1.579800,0.000003,0,-0.349100,0,1.570800,0.785400
1.579800,0.000004,0,-0.349100,0,1.570800,0.785400
1.579800,0.000004,0,-0.349100,0,1.570800,0.785400
1.579800,0.000005,0,-0.349100,0,1.570800,0.785400
1.579800,0.000005,0,-0.349100,0,1.570800,0.785400
1.579800,0.000006,0,-0.349100,0,1.570800,0.785400
1.579800,0.000006,0,-0.349100,0,1.570800,0.785400
1.579800,0.000007,0,-0.349100,0,1.570800,0.785400
1.579800,0.000008,0,-0.349100,0,1.570800,0.785400
1.579800,0.000009,0,-0.349100,0,1.570800,0.785400
1.579800,0.000009,0,-0.349100,0,1.570800,0.785400
1.579800,0.000010,0,-0.349100,0,1.570800,0.785400
1.579800,0.000011,0,-0.349100,0,1.570800,0.785400
1.579800,0.000012,0,-0.349100,0,1.570800,0.785400
1.579800,0.000013,0,-0.349100,0,1.570800,0.785400
1.579800,0.000015,0,-0.349100,0,1.570800,0.785400
1.579800,0.000016,0,-0.349100,0,1.570800,0.785400
1.579800,0.000017,0,-0.349100,0,1.570800,0.785400
1.579800,0.000018,0,-0.349100,0,1.570800,0.785400
1.579800,0.000020,0,-0.349100,0,1.570800,0.785400
1.579800,0.000021,0,-0.349100,0,1.570800,0.785400
1.579800,0.000023,0,-0.349100,0,1.570800,0.785400
1.579800,0.000025,0,-0.349100,0,1.570800,0.785400
1.579800,0.000027,0,-0.349100,0,1.570800,0.785400
1.579800,0.000028,0,-0.349100,0,1.570800,0.785400
1.579800,0.000030,0,-0.349100,0,1.570800,0.785400
1.579800,0.000033,0,-0.349100,0,1.570800,0.785400
1.579800,0.000035,0,-0.349100,0,1.570800,0.785400
1.579800,0.000037,0,-0.349100,0,1.570800,0.785400
1.579800,0.000040,0,-0.349100,0,1.570800,0.785400
1.579800,0.000042,0,-0.349100,0,1.570800,0.785400
1.579800,0.000045,0,-0.349100,0,1.570800,0.785400
1.579800,0.000048,0,-0.349100,0,1.570800,0.785400
1.579800,0.000051,0,-0.349100,0,1.570800,0.785400
1.579800,0.000054,0,-0.349100,0,1.570800,0.785400
1.579800,0.000057,0,-0.349100,0,1.570800,0.785400
1.579800,0.000060,0,-0.349100,0,1.570800,0.785400
1.579800,0.000064,0,-0.349100,0,1.570800,0.785400
1.579800,0.000067,0,-0.349100,0,1.570800,0.785400
1.579800,0.000071,0,-0.349100,0,1.570800,0.785400
1.579800,0.000075,0,-0.349100,0,1.570800,0.785400
1.579800,0.000079,0,-0.349100,0,1.570800,0.785400
1.579800,0.000084,0,-0.349100,0,1.570800,0.785400
1.579800,0.000088,0,-0.349100,0,1.570800,0.785400
1.579800,0.000093,0,-0.349100,0,1.570800,0.785400
1.579800,0.000098,0,-0.349100,0,1.570800,0.785400
1.579800,0.000103,0,-0.349100,0,1.570800,0.785400
1.579800,0.000108,0,-0.349100,0,1.570800,0.785400
1.579800,0.000113,0,-0.349100,0,1.570800,0.785400
1.579800,0.000119,0,-0.349100,0,1.570800,0.785400
1.579800,0.000125,0,-0.349100,0,1.570800,0.785400
1.579800,0.000131,0,-0.349100,0,1.570800,0.785400
1.579800,0.000137,0,-0.349100,0,1.570800,0.785400
1.579800,0.000143,0,-0.349100,0,1.570800,0.785400
1.579800,0.000150,0,-0.349100,0,1.570800,0.785400
1.579800,0.000157,0,-0.349100,0,1.570800,0.785400
1.579800,0.000164,0,-0.349100,0,1.570800,0.785400
1.579800,0.000172,0,-0.349100,0,1.570800,0.785400
1.579800,0.000179,0,-0.349100,0,1.570800,0.785400
1.579800,0.000187,0,-0.349100,0,1.570800,0.785400
1.579800,0.000195,0,-0.349100,0,1.570800,0.785400
1.579800,0.000204,0,-0.349100,0,1.570800,0.785400
1.579800,0.000212,0,-0.349100,0,1.570800,0.785400
1.579800,0.000221,0,-0.349100,0,1.570800,0.785400
1.579800,0.000230,0,-0.349100,0,1.570800,0.785400
1.579800,0.000240,0,-0.349100,0,1.570800,0.785400
1.579800,0.000250,0,-0.349100,0,1.570800,0.785400
1.579800,0.000260,0,-0.349100,0,1.570800,0.785400
1.579800,0.000270,0,-0.349100,0,1.570800,0.785400
1.579800,0.000281,0,-0.349100,0,1.570800,0.785400
1.579800,0.000292,0,-0.349100,0,1.570800,0.785400
1.579800,0.000303,0,-0.349100,0,1.570800,0.785400
1.579800,0.000315,0,-0.349100,0,1.570800,0.785400
1.579800,0.000327,0,-0.349100,0,1.570800,0.785400
1.579800,0.000339,0,-0.349100,0,1.570800,0.785400
1.579800,0.000352,0,-0.349100,0,1.570800,0.785400
1.579800,0.000365,0,-0.349100,0,1.570800,0.785400
1.579800,0.000378,0,-0.349100,0,1.570800,0.785400
1.579800,0.000392,0,-0.349100,0,1.570800,0.785400
1.579800,0.000406,0,-0.349100,0,1.570800,0.785400
1.579800,0.000421,0,-0.349100,0,1.570800,0.785400
1.579800,0.000435,0,-0.349100,0,1.570800,0.785400
1.579800,0.000451,0,-0.349100,0,1.570800,0.785400
1.579800,0.000466,0,-0.349100,0,1.570800,0.785400
1.579800,0.000482,0,-0.349100,0,1.570800,0.785400
1.579800,0.000499,0,-0.349100,0,1.570800,0.785400
1.579800,0.000516,0,-0.349100,0,1.570800,0.785400
1.579800,0.000533,0,-0.349100,0,1.570800,0.785400
1.579800,0.000551,0,-0.349100,0,1.570800,0.785400
1.579800,0.000569,0,-0.349100,0,1.570800,0.785400
1.579800,0.000587,0,-0.349100,0,1.570800,0.785400
1.579800,0.000606,0,-0.349100,0,1.570800,0.785400
1.579800,0.000626,0,-0.349100,0,1.570800,0.785400
1.579800,0.000646,0,-0.349100,0,1.570800,0.785400
1.579800,0.000666,0,-0.349100,0,1.570800,0.785400
1.579800,0.000687,0,-0.349100,0,1.570800,0.785400
1.579800,0.000709,0,-0.349100,0,1.570800,0.785400
1.579800,0.000730,0,-0.349100,0,1.570800,0.785400
1.579800,0.000753,0,-0.349100,0,1.570800,0.785400
1.579800,0.000776,0,-0.349100,0,1.570800,0.785400
1.579800,0.000799,0,-0.349100,0,1.570800,0.785400
1.579800,0.000823,0,-0.349100,0,1.570800,0.785400
1.579800,0.000847,0,-0.349100,0,1.570800,0.785400
1.579800,0.000872,0,-0.349100,0,1.570800,0.785400
1.579800,0.000898,0,-0.349100,0,1.570800,0.785400
1.579800,0.000924,0,-0.349100,0,1.570800,0.785400
1.579800,0.000950,0,-0.349100,0,1.570800,0.785400
1.579800,0.000978,0,-0.349100,0,1.570800,0.785400
1.579800,0.001005,0,-0.349100,0,1.570800,0.785400
1.579800,0.001034,0,-0.349100,0,1.570800,0.785400
1.579800,0.001063,0,-0.349100,0,1.570800,0.785400
1.579800,0.001092,0,-0.349100,0,1.570800,0.785400
1.579800,0.001122,0,-0.349100,0,1.570800,0.785400
1.579800,0.001153,0,-0.349100,0,1.570800,0.785400
1.579800,0.001184,0,-0.349100,0,1.570800,0.785400
1.579800,0.001216,0,-0.349100,0,1.570800,0.785400
1.579800,0.001249,0,-0.349100,0,1.570800,0.785400
1.579800,0.001282,0,-0.349100,0,1.570800,0.785400
1.579800,0.001316,0,-0.349100,0,1.570800,0.785400
1.579800,0.001351,0,-0.349100,0,1.570800,0.785400
1.579800,0.001386,0,-0.349100,0,1.570800,0.785400
1.579800,0.001422,0,-0.349100,0,1.570800,0.785400
1.579800,0.001459,0,-0.349100,0,1.570800,0.785400
1.579800,0.001496,0,-0.349100,0,1.570800,0.785400
1.579800,0.001534,0,-0.349100,0,1.570800,0.785400
1.579800,0.001573,0,-0.349100,0,1.570800,0.785400
1.579800,0.001612,0,-0.349100,0,1.570800,0.785400
1.579800,0.001652,0,-0.349100,0,1.570800,0.785400
1.579800,0.001693,0,-0.349100,0,1.570800,0.785400
1.579800,0.001735,0,-0.349100,0,1.570800,0.785400
1.579800,0.001777,0,-0.349100,0,1.570800,0.785400
1.579800,0.001820,0,-0.349100,0,1.570800,0.785400
1.579800,0.001864,0,-0.349100,0,1.570800,0.785400
1.579800,0.001909,0,-0.349100,0,1.570800,0.785400
1.579800,0.001954,0,-0.349100,0,1.570800,0.785400
1.579800,0.002001,0,-0.349100,0,1.570800,0.785400
1.579800,0.002048,0,-0.349100,0,1.570800,0.785400
1.579800,0.002096,0,-0.349100,0,1.570800,0.785400
1.579800,0.002145,0,-0.349100,0,1.570800,0.785400
1.579800,0.002194,0,-0.349100,0,1.570800,0.785400
1.579800,0.002245,0,-0.349100,0,1.570800,0.785400
1.579800,0.002296,0,-0.349100,0,1.570800,0.785400
1.579800,0.002348,0,-0.349100,0,1.570800,0.785400
1.579800,0.002401,0,-0.349100,0,1.570800,0.785400
1.579800,0.002455,0,-0.349100,0,1.570800,0.785400
1.579800,0.002510,0,-0.349100,0,1.570800,0.785400
1.579800,0.002565,0,-0.349100,0,1.570800,0.785400
1.579800,0.002622,0,-0.349100,0,1.570800,0.785400
1.579800,0.002679,0,-0.349100,0,1.570800,0.785400
1.579800,0.002738,0,-0.349100,0,1.570800,0.785400
1.579800,0.002797,0,-0.349100,0,1.570800,0.785400
1.579800,0.002857,0,-0.349100,0,1.570800,0.785400
1.579800,0.002918,0,-0.349100,0,1.570800,0.785400
1.579800,0.002981,0,-0.349100,0,1.570800,0.785400
1.579800,0.003044,0,-0.349100,0,1.570800,0.785400
1.579800,0.003108,0,-0.349100,0,1.570800,0.785400
1.579800,0.003173,0,-0.349100,0,1.570800,0.785400
1.579800,0.003239,0,-0.349100,0,1.570800,0.785400
1.579800,0.003306,0,-0.349100,0,1.570800,0.785400
1.579800,0.003374,0,-0.349100,0,1.570800,0.785400
1.579800,0.003444,0,-0.349100,0,1.570800,0.785400
1.579800,0.003514,0,-0.349100,0,1.570800,0.785400
1.579800,0.003585,0,-0.349100,0,1.570800,0.785400
1.579800,0.003658,0,-0.349100,0,1.570800,0.785400
1.579800,0.003731,0,-0.349100,0,1.570800,0.785400
1.579800,0.003805,0,-0.349100,0,1.570800,0.785400
1.579800,0.003881,0,-0.349100,0,1.570800,0.785400
1.579800,0.003958,0,-0.349100,0,1.570800,0.785400
1.579800,0.004035,0,-0.349100,0,1.570800,0.785400
1.579800,0.004114,0,-0.349100,0,1.570800,0.785400
1.579800,0.004194,0,-0.349100,0,1.570800,0.785400
1.579800,0.004275,0,-0.349100,0,1.570800,0.785400
1.579800,0.004358,0,-0.349100,0,1.570800,0.785400
1.579800,0.004441,0,-0.349100,0,1.570800,0.785400
1.579800,0.004526,0,-0.349100,0,1.570800,0.785400
1.579800,0.004612,0,-0.349100,0,1.570800,0.785400
1.579800,0.004699,0,-0.349100,0,1.570800,0.785400
1.579800,0.004787,0,-0.349100,0,1.570800,0.785400
1.579800,0.004876,0,-0.349100,0,1.570800,0.785400
1.579800,0.004967,0,-0.349100,0,1.570800,0.785400
1.579800,0.005058,0,-0.349100,0,1.570800,0.785400
1.579800,0.005152,0,-0.349100,0,1.570800,0.785400
1.579800,0.005246,0,-0.349100,0,1.570800,0.785400
1.579800,0.005341,0,-0.349100,0,1.570800,0.785400
1.579800,0.005438,0,-0.349100,0,1.570800,0.785400
1.579800,0.005536,0,-0.349100,0,1.570800,0.785400
1.579800,0.005636,0,-0.349100,0,1.570800,0.785400
1.579800,0.005736,0,-0.349100,0,1.570800,0.785400
1.579800,0.005839,0,-0.349100,0,1.570800,0.785400
1.579800,0.005942,0,-0.349100,0,1.570800,0.785400
1.579800,0.006047,0,-0.349100,0,1.570800,0.785400
1.579800,0.006153,0,-0.349100,0,1.570800,0.785400
1.579800,0.006260,0,-0.349100,0,1.570800,0.785400
1.579800,0.006369,0,-0.349100,0,1.570800,0.785400
1.579800,0.006479,0,-0.349100,0,1.570800,0.785400
1.579800,0.006590,0,-0.349100,0,1.570800,0.785400
1.579800,0.006703,0,-0.349100,0,1.570800,0.785400
1.579800,0.006817,0,-0.349100,0,1.570800,0.785400
1.579800,0.006933,0,-0.349100,0,1.570800,0.785400
1.579800,0.007050,0,-0.349100,0,1.570800,0.785400
1.579800,0.007169,0,-0.349100,0,1.570800,0.785400
1.579800,0.007289,0,-0.349100,0,1.570800,0.785400
1.579800,0.007410,0,-0.349100,0,1.570800,0.785400
1.579800,0.007533,0,-0.349100,0,1.570800,0.785400
1.579800,0.007657,0,-0.349100,0,1.570800,0.785400
1.579800,0.007783,0,-0.349100,0,1.570800,0.785400
1.579800,0.007911,0,-0.349100,0,1.570800,0.785400
1.579800,0.008040,0,-0.349100,0,1.570800,0.785400
1.579800,0.008170,0,-0.349100,0,1.570800,0.785400
1.579800,0.008302,0,-0.349100,0,1.570800,0.785400
1.579800,0.008436,0,-0.349100,0,1.570800,0.785400
1.579800,0.008571,0,-0.349100,0,1.570800,0.785400
1.579800,0.008707,0,-0.349100,0,1.570800,0.785400
1.579800,0.008845,0,-0.349100,0,1.570800,0.785400
1.579800,0.008985,0,-0.349100,0,1.570800,0.785400
1.579800,0.009127,0,-0.349100,0,1.570800,0.785400
1.579800,0.009270,0,-0.349100,0,1.570800,0.785400
1.579800,0.009414,0,-0.349100,0,1.570800,0.785400
1.579800,0.009560,0,-0.349100,0,1.570800,0.785400
1.579800,0.009708,0,-0.349100,0,1.570800,0.785400
1.579800,0.009858,0,-0.349100,0,1.570800,0.785400
1.579800,0.010009,0,-0.349100,0,1.570800,0.785400
1.579800,0.010162,0,-0.349100,0,1.570800,0.785400
1.579800,0.010316,0,-0.349100,0,1.570800,0.785400
1.579800,0.010473,0,-0.349100,0,1.570800,0.785400
1.579800,0.010631,0,-0.349100,0,1.570800,0.785400
1.579800,0.010790,0,-0.349100,0,1.570800,0.785400
1.579800,0.010952,0,-0.349100,0,1.570800,0.785400
1.579800,0.011115,0,-0.349100,0,1.570800,0.785400
1.579800,0.011280,0,-0.349100,0,1.570800,0.785400
1.579800,0.011446,0,-0.349100,0,1.570800,0.785400
1.579800,0.011615,0,-0.349100,0,1.570800,0.785400
1.579800,0.011785,0,-0.349100,0,1.570800,0.785400
1.579800,0.011957,0,-0.349100,0,1.570800,0.785400
1.579800,0.012131,0,-0.349100,0,1.570800,0.785400
1.579800,0.012307,0,-0.349100,0,1.570800,0.785400
1.579800,0.012484,0,-0.349100,0,1.570800,0.785400
1.579800,0.012663,0,-0.349100,0,1.570800,0.785400
1.579800,0.012845,0,-0.349100,0,1.570800,0.785400
1.579800,0.013028,0,-0.349100,0,1.570800,0.785400
1.579800,0.013212,0,-0.349100,0,1.570800,0.785400
1.579800,0.013399,0,-0.349100,0,1.570800,0.785400
1.579800,0.013588,0,-0.349100,0,1.570800,0.785400
1.579800,0.013778,0,-0.349100,0,1.570800,0.785400
1.579800,0.013971,0,-0.349100,0,1.570800,0.785400
1.579800,0.014165,0,-0.349100,0,1.570800,0.785400
1.579800,0.014362,0,-0.349100,0,1.570800,0.785400
1.579800,0.014560,0,-0.349100,0,1.570800,0.785400
1.579800,0.014760,0,-0.349100,0,1.570800,0.785400
1.579800,0.014963,0,-0.349100,0,1.570800,0.785400
1.579800,0.015167,0,-0.349100,0,1.570800,0.785400
1.579800,0.015373,0,-0.349100,0,1.570800,0.785400
1.579800,0.015581,0,-0.349100,0,1.570800,0.785400
1.579800,0.015791,0,-0.349100,0,1.570800,0.785400
1.579800,0.016004,0,-0.349100,0,1.570800,0.785400
1.579800,0.016218,0,-0.349100,0,1.570800,0.785400
1.579800,0.016434,0,-0.349100,0,1.570800,0.785400
1.579800,0.016653,0,-0.349100,0,1.570800,0.785400
1.579800,0.016873,0,-0.349100,0,1.570800,0.785400
1.579800,0.017096,0,-0.349100,0,1.570800,0.785400
1.579800,0.017321,0,-0.349100,0,1.570800,0.785400
1.579800,0.017547,0,-0.349100,0,1.570800,0.785400
1.579800,0.017776,0,-0.349100,0,1.570800,0.785400
1.579800,0.018007,0,-0.349100,0,1.570800,0.785400
1.579800,0.018240,0,-0.349100,0,1.570800,0.785400
1.579800,0.018476,0,-0.349100,0,1.570800,0.785400
1.579800,0.018713,0,-0.349100,0,1.570800,0.785400
1.579800,0.018953,0,-0.349100,0,1.570800,0.785400
1.579800,0.019195,0,-0.349100,0,1.570800,0.785400
1.579800,0.019439,0,-0.349100,0,1.570800,0.785400
1.579800,0.019685,0,-0.349100,0,1.570800,0.785400
1.579800,0.019934,0,-0.349100,0,1.570800,0.785400
1.579800,0.020184,0,-0.349100,0,1.570800,0.785400
1.579800,0.020437,0,-0.349100,0,1.570800,0.785400
1.579800,0.020692,0,-0.349100,0,1.570800,0.785400
1.579800,0.020950,0,-0.349100,0,1.570800,0.785400
1.579800,0.021209,0,-0.349100,0,1.570800,0.785400
1.579800,0.021471,0,-0.349100,0,1.570800,0.785400
1.579800,0.021736,0,-0.349100,0,1.570800,0.785400
1.579800,0.022002,0,-0.349100,0,1.570800,0.785400
1.579800,0.022271,0,-0.349100,0,1.570800,0.785400
1.579800,0.022543,0,-0.349100,0,1.570800,0.785400
1.579800,0.022816,0,-0.349100,0,1.570800,0.785400
1.579800,0.023092,0,-0.349100,0,1.570800,0.785400
1.579800,0.023370,0,-0.349100,0,1.570800,0.785400
1.579800,0.023651,0,-0.349100,0,1.570800,0.785400
1.579800,0.023934,0,-0.349100,0,1.570800,0.785400
1.579800,0.024219,0,-0.349100,0,1.570800,0.785400
1.579800,0.024507,0,-0.349100,0,1.570800,0.785400
1.579800,0.024798,0,-0.349100,0,1.570800,0.785400
1.579800,0.025090,0,-0.349100,0,1.570800,0.785400
1.579800,0.025385,0,-0.349100,0,1.570800,0.785400
1.579800,0.025683,0,-0.349100,0,1.570800,0.785400
1.579800,0.025983,0,-0.349100,0,1.570800,0.785400
1.579800,0.026286,0,-0.349100,0,1.570800,0.785400
1.579800,0.026591,0,-0.349100,0,1.570800,0.785400
1.579800,0.026898,0,-0.349100,0,1.570800,0.785400
1.579800,0.027208,0,-0.349100,0,1.570800,0.785400
1.579800,0.027520,0,-0.349100,0,1.570800,0.785400
1.579800,0.027835,0,-0.349100,0,1.570800,0.785400
1.579800,0.028153,0,-0.349100,0,1.570800,0.785400
1.579800,0.028473,0,-0.349100,0,1.570800,0.785400
1.579800,0.028796,0,-0.349100,0,1.570800,0.785400
1.579800,0.029121,0,-0.349100,0,1.570800,0.785400
1.579800,0.029449,0,-0.349100,0,1.570800,0.785400
1.579800,0.029779,0,-0.349100,0,1.570800,0.785400
1.579800,0.030112,0,-0.349100,0,1.570800,0.785400
1.579800,0.030448,0,-0.349100,0,1.570800,0.785400
1.579800,0.030786,0,-0.349100,0,1.570800,0.785400
1.579800,0.031127,0,-0.349100,0,1.570800,0.785400
1.579800,0.031470,0,-0.349100,0,1.570800,0.785400
1.579800,0.031817,0,-0.349100,0,1.570800,0.785400
1.579800,0.032165,0,-0.349100,0,1.570800,0.785400
1.579800,0.032517,0,-0.349100,0,1.570800,0.785400
1.579800,0.032871,0,-0.349100,0,1.570800,0.785400
1.579800,0.033228,0,-0.349100,0,1.570800,0.785400
1.579800,0.033587,0,-0.349100,0,1.570800,0.785400
1.579800,0.033950,0,-0.349100,0,1.570800,0.785400
1.579800,0.034315,0,-0.349100,0,1.570800,0.785400
1.579800,0.034683,0,-0.349100,0,1.570800,0.785400
1.579800,0.035053,0,-0.349100,0,1.570800,0.785400
1.579800,0.035426,0,-0.349100,0,1.570800,0.785400
1.579800,0.035802,0,-0.349100,0,1.570800,0.785400
1.579800,0.036181,0,-0.349100,0,1.570800,0.785400
1.579800,0.036563,0,-0.349100,0,1.570800,0.785400
1.579800,0.036947,0,-0.349100,0,1.570800,0.785400
1.579800,0.037334,0,-0.349100,0,1.570800,0.785400
1.579800,0.037724,0,-0.349100,0,1.570800,0.785400
1.579800,0.038117,0,-0.349100,0,1.570800,0.785400
1.579800,0.038513,0,-0.349100,0,1.570800,0.785400
1.579800,0.038911,0,-0.349100,0,1.570800,0.785400
1.579800,0.039313,0,-0.349100,0,1.570800,0.785400
1.579800,0.039717,0,-0.349100,0,1.570800,0.785400
1.579800,0.040124,0,-0.349100,0,1.570800,0.785400
1.579800,0.040534,0,-0.349100,0,1.570800,0.785400
1.579800,0.040947,0,-0.349100,0,1.570800,0.785400
1.579800,0.041363,0,-0.349100,0,1.570800,0.785400
1.579800,0.041782,0,-0.349100,0,1.570800,0.785400
1.579800,0.042204,0,-0.349100,0,1.570800,0.785400
1.579800,0.042628,0,-0.349100,0,1.570800,0.785400
1.579800,0.043056,0,-0.349100,0,1.570800,0.785400
1.579800,0.043486,0,-0.349100,0,1.570800,0.785400
1.579800,0.043920,0,-0.349100,0,1.570800,0.785400
1.579800,0.044356,0,-0.349100,0,1.570800,0.785400
1.579800,0.044796,0,-0.349100,0,1.570800,0.785400
1.579800,0.045238,0,-0.349100,0,1.570800,0.785400
1.579800,0.045684,0,-0.349100,0,1.570800,0.785400
1.579800,0.046132,0,-0.349100,0,1.570800,0.785400
1.579800,0.046584,0,-0.349100,0,1.570800,0.785400
1.579800,0.047039,0,-0.349100,0,1.570800,0.785400
1.579800,0.047496,0,-0.349100,0,1.570800,0.785400
1.579800,0.047957,0,-0.349100,0,1.570800,0.785400
1.579800,0.048421,0,-0.349100,0,1.570800,0.785400
1.579800,0.048887,0,-0.349100,0,1.570800,0.785400
1.579800,0.049357,0,-0.349100,0,1.570800,0.785400
1.579800,0.049830,0,-0.349100,0,1.570800,0.785400
1.579800,0.050307,0,-0.349100,0,1.570800,0.785400
1.579800,0.050786,0,-0.349100,0,1.570800,0.785400
1.579800,0.051268,0,-0.349100,0,1.570800,0.785400
1.579800,0.051754,0,-0.349100,0,1.570800,0.785400
1.579800,0.052242,0,-0.349100,0,1.570800,0.785400
1.579800,0.052734,0,-0.349100,0,1.570800,0.785400
1.579800,0.053229,0,-0.349100,0,1.570800,0.785400
1.579800,0.053727,0,-0.349100,0,1.570800,0.785400
1.579800,0.054228,0,-0.349100,0,1.570800,0.785400
1.579800,0.054733,0,-0.349100,0,1.570800,0.785400
1.579800,0.055241,0,-0.349100,0,1.570800,0.785400
1.579800,0.055751,0,-0.349100,0,1.570800,0.785400
1.579800,0.056266,0,-0.349100,0,1.570800,0.785400
1.579800,0.056783,0,-0.349100,0,1.570800,0.785400
1.579800,0.057303,0,-0.349100,0,1.570800,0.785400
1.579800,0.057827,0,-0.349100,0,1.570800,0.785400
1.579800,0.058354,0,-0.349100,0,1.570800,0.785400
1.579800,0.058885,0,-0.349100,0,1.570800,0.785400
1.579800,0.059418,0,-0.349100,0,1.570800,0.785400
1.579800,0.059955,0,-0.349100,0,1.570800,0.785400
1.579800,0.060495,0,-0.349100,0,1.570800,0.785400
1.579800,0.061039,0,-0.349100,0,1.570800,0.785400
1.579800,0.061585,0,-0.349100,0,1.570800,0.785400
1.579800,0.062135,0,-0.349100,0,1.570800,0.785400
1.579800,0.062689,0,-0.349100,0,1.570800,0.785400
1.579800,0.063245,0,-0.349100,0,1.570800,0.785400
1.579800,0.063805,0,-0.349100,0,1.570800,0.785400
1.579800,0.064369,0,-0.349100,0,1.570800,0.785400
1.579800,0.064936,0,-0.349100,0,1.570800,0.785400
1.579800,0.065506,0,-0.349100,0,1.570800,0.785400
1.579800,0.066079,0,-0.349100,0,1.570800,0.785400
1.579800,0.066656,0,-0.349100,0,1.570800,0.785400
1.579800,0.067236,0,-0.349100,0,1.570800,0.785400
1.579800,0.067820,0,-0.349100,0,1.570800,0.785400
1.579800,0.068407,0,-0.349100,0,1.570800,0.785400
1.579800,0.068997,0,-0.349100,0,1.570800,0.785400
1.579800,0.069591,0,-0.349100,0,1.570800,0.785400
1.579800,0.070188,0,-0.349100,0,1.570800,0.785400
1.579800,0.070789,0,-0.349100,0,1.570800,0.785400
1.579800,0.071393,0,-0.349100,0,1.570800,0.785400
1.579800,0.072001,0,-0.349100,0,1.570800,0.785400
1.579800,0.072612,0,-0.349100,0,1.570800,0.785400
1.579800,0.073226,0,-0.349100,0,1.570800,0.785400
1.579800,0.073844,0,-0.349100,0,1.570800,0.785400
1.579800,0.074466,0,-0.349100,0,1.570800,0.785400
1.579800,0.075091,0,-0.349100,0,1.570800,0.785400
1.579800,0.075719,0,-0.349100,0,1.570800,0.785400
1.579800,0.076351,0,-0.349100,0,1.570800,0.785400
1.579800,0.076987,0,-0.349100,0,1.570800,0.785400
1.579800,0.077626,0,-0.349100,0,1.570800,0.785400
1.579800,0.078268,0,-0.349100,0,1.570800,0.785400
1.579800,0.078914,0,-0.349100,0,1.570800,0.785400
1.579800,0.079564,0,-0.349100,0,1.570800,0.785400
1.579800,0.080217,0,-0.349100,0,1.570800,0.785400
1.579800,0.080874,0,-0.349100,0,1.570800,0.785400
1.579800,0.081534,0,-0.349100,0,1.570800,0.785400
1.579800,0.082198,0,-0.349100,0,1.570800,0.785400
1.579800,0.082865,0,-0.349100,0,1.570800,0.785400
1.579800,0.083536,0,-0.349100,0,1.570800,0.785400
1.579800,0.084211,0,-0.349100,0,1.570800,0.785400
1.579800,0.084889,0,-0.349100,0,1.570800,0.785400
1.579800,0.085571,0,-0.349100,0,1.570800,0.785400
1.579800,0.086256,0,-0.349100,0,1.570800,0.785400
1.579800,0.086945,0,-0.349100,0,1.570800,0.785400
1.579800,0.087638,0,-0.349100,0,1.570800,0.785400
1.579800,0.088334,0,-0.349100,0,1.570800,0.785400
1.579800,0.089034,0,-0.349100,0,1.570800,0.785400
1.579800,0.089737,0,-0.349100,0,1.570800,0.785400
1.579800,0.090445,0,-0.349100,0,1.570800,0.785400
1.579800,0.091155,0,-0.349100,0,1.570800,0.785400
1.579800,0.091870,0,-0.349100,0,1.570800,0.785400
1.579800,0.092588,0,-0.349100,0,1.570800,0.785400
1.579800,0.093310,0,-0.349100,0,1.570800,0.785400
1.579800,0.094035,0,-0.349100,0,1.570800,0.785400
1.579800,0.094765,0,-0.349100,0,1.570800,0.785400
1.579800,0.095497,0,-0.349100,0,1.570800,0.785400
1.579800,0.096234,0,-0.349100,0,1.570800,0.785400
1.579800,0.096974,0,-0.349100,0,1.570800,0.785400
1.579800,0.097718,0,-0.349100,0,1.570800,0.785400
1.579800,0.098466,0,-0.349100,0,1.570800,0.785400
1.579800,0.099218,0,-0.349100,0,1.570800,0.785400
1.579800,0.099973,0,-0.349100,0,1.570800,0.785400
1.579800,0.100732,0,-0.349100,0,1.570800,0.785400
1.579800,0.101494,0,-0.349100,0,1.570800,0.785400
1.579800,0.102261,0,-0.349100,0,1.570800,0.785400
1.579800,0.103031,0,-0.349100,0,1.570800,0.785400
1.579800,0.103805,0,-0.349100,0,1.570800,0.785400
1.579800,0.104582,0,-0.349100,0,1.570800,0.785400
1.579800,0.105364,0,-0.349100,0,1.570800,0.785400
1.579800,0.106149,0,-0.349100,0,1.570800,0.785400
1.579800,0.106938,0,-0.349100,0,1.570800,0.785400
1.579800,0.107731,0,-0.349100,0,1.570800,0.785400
1.579800,0.108527,0,-0.349100,0,1.570800,0.785400
1.579800,0.109328,0,-0.349100,0,1.570800,0.785400
1.579800,0.110132,0,-0.349100,0,1.570800,0.785400
1.579800,0.110940,0,-0.349100,0,1.570800,0.785400
1.579800,0.111751,0,-0.349100,0,1.570800,0.785400
1.579800,0.112567,0,-0.349100,0,1.570800,0.785400
1.579800,0.113386,0,-0.349100,0,1.570800,0.785400
1.579800,0.114210,0,-0.349100,0,1.570800,0.785400
1.579800,0.115037,0,-0.349100,0,1.570800,0.785400
1.579800,0.115868,0,-0.349100,0,1.570800,0.785400
1.579800,0.116702,0,-0.349100,0,1.570800,0.785400
1.579800,0.117541,0,-0.349100,0,1.570800,0.785400
1.579800,0.118383,0,-0.349100,0,1.570800,0.785400
1.579800,0.119229,0,-0.349100,0,1.570800,0.785400
1.579800,0.120079,0,-0.349100,0,1.570800,0.785400
1.579800,0.120933,0,-0.349100,0,1.570800,0.785400
1.579800,0.121791,0,-0.349100,0,1.570800,0.785400
1.579800,0.122653,0,-0.349100,0,1.570800,0.785400
1.579800,0.123518,0,-0.349100,0,1.570800,0.785400
1.579800,0.124388,0,-0.349100,0,1.570800,0.785400
1.579800,0.125261,0,-0.349100,0,1.570800,0.785400
1.579800,0.126138,0,-0.349100,0,1.570800,0.785400
1.579800,0.127019,0,-0.349100,0,1.570800,0.785400
1.579800,0.127904,0,-0.349100,0,1.570800,0.785400
1.579800,0.128793,0,-0.349100,0,1.570800,0.785400
1.579800,0.129686,0,-0.349100,0,1.570800,0.785400
1.579800,0.130582,0,-0.349100,0,1.570800,0.785400
1.579800,0.131483,0,-0.349100,0,1.570800,0.785400
1.579800,0.132387,0,-0.349100,0,1.570800,0.785400
1.579800,0.133296,0,-0.349100,0,1.570800,0.785400
1.579800,0.134208,0,-0.349100,0,1.570800,0.785400
1.579800,0.135124,0,-0.349100,0,1.570800,0.785400
1.579800,0.136044,0,-0.349100,0,1.570800,0.785400
1.579800,0.136968,0,-0.349100,0,1.570800,0.785400
1.579800,0.137896,0,-0.349100,0,1.570800,0.785400
1.579800,0.138828,0,-0.349100,0,1.570800,0.785400
1.579800,0.139764,0,-0.349100,0,1.570800,0.785400
1.579800,0.140703,0,-0.349100,0,1.570800,0.785400
1.579800,0.141647,0,-0.349100,0,1.570800,0.785400
1.579800,0.142595,0,-0.349100,0,1.570800,0.785400
1.579800,0.143546,0,-0.349100,0,1.570800,0.785400
1.579800,0.144502,0,-0.349100,0,1.570800,0.785400
1.579800,0.145461,0,-0.349100,0,1.570800,0.785400
1.579800,0.146424,0,-0.349100,0,1.570800,0.785400
1.579800,0.147392,0,-0.349100,0,1.570800,0.785400
1.579800,0.148363,0,-0.349100,0,1.570800,0.785400
1.579800,0.149338,0,-0.349100,0,1.570800,0.785400
1.579800,0.150317,0,-0.349100,0,1.570800,0.785400
1.579800,0.151301,0,-0.349100,0,1.570800,0.785400
1.579800,0.152288,0,-0.349100,0,1.570800,0.785400
1.579800,0.153279,0,-0.349100,0,1.570800,0.785400
1.579800,0.154274,0,-0.349100,0,1.570800,0.785400
1.579800,0.155273,0,-0.349100,0,1.570800,0.785400
1.579800,0.156276,0,-0.349100,0,1.570800,0.785400
1.579800,0.157283,0,-0.349100,0,1.570800,0.785400
1.579800,0.158294,0,-0.349100,0,1.570800,0.785400
1.579800,0.159309,0,-0.349100,0,1.570800,0.785400
1.579800,0.160328,0,-0.349100,0,1.570800,0.785400
1.579800,0.161350,0,-0.349100,0,1.570800,0.785400
1.579800,0.162377,0,-0.349100,0,1.570800,0.785400
1.579800,0.163408,0,-0.349100,0,1.570800,0.785400
1.579800,0.164443,0,-0.349100,0,1.570800,0.785400
1.579800,0.165482,0,-0.349100,0,1.570800,0.785400
1.579800,0.166524,0,-0.349100,0,1.570800,0.785400
1.579800,0.167571,0,-0.349100,0,1.570800,0.785400
1.579800,0.168622,0,-0.349100,0,1.570800,0.785400
1.579800,0.169677,0,-0.349100,0,1.570800,0.785400
1.579800,0.170735,0,-0.349100,0,1.570800,0.785400
1.579800,0.171798,0,-0.349100,0,1.570800,0.785400
1.579800,0.172865,0,-0.349100,0,1.570800,0.785400
1.579800,0.173936,0,-0.349100,0,1.570800,0.785400
1.579800,0.175010,0,-0.349100,0,1.570800,0.785400
1.579800,0.176089,0,-0.349100,0,1.570800,0.785400
1.579800,0.177172,0,-0.349100,0,1.570800,0.785400
1.579800,0.178258,0,-0.349100,0,1.570800,0.785400
1.579800,0.179349,0,-0.349100,0,1.570800,0.785400
1.579800,0.180443,0,-0.349100,0,1.570800,0.785400
1.579800,0.181542,0,-0.349100,0,1.570800,0.785400
1.579800,0.182645,0,-0.349100,0,1.570800,0.785400
1.579800,0.183751,0,-0.349100,0,1.570800,0.785400
1.579800,0.184862,0,-0.349100,0,1.570800,0.785400
1.579800,0.185976,0,-0.349100,0,1.570800,0.785400
1.579800,0.187095,0,-0.349100,0,1.570800,0.785400
1.579800,0.188218,0,-0.349100,0,1.570800,0.785400
1.579800,0.189344,0,-0.349100,0,1.570800,0.785400
1.579800,0.190475,0,-0.349100,0,1.570800,0.785400
1.579800,0.191609,0,-0.349100,0,1.570800,0.785400
1.579800,0.192748,0,-0.349100,0,1.570800,0.785400
1.579800,0.193890,0,-0.349100,0,1.570800,0.785400
1.579800,0.195037,0,-0.349100,0,1.570800,0.785400
1.579800,0.196187,0,-0.349100,0,1.570800,0.785400
1.579800,0.197342,0,-0.349100,0,1.570800,0.785400
1.579800,0.198500,0,-0.349100,0,1.570800,0.785400
1.579800,0.199663,0,-0.349100,0,1.570800,0.785400
1.579800,0.200829,0,-0.349100,0,1.570800,0.785400
1.579800,0.202000,0,-0.349100,0,1.570800,0.785400
1.579800,0.203174,0,-0.349100,0,1.570800,0.785400
1.579800,0.204352,0,-0.349100,0,1.570800,0.785400
1.579800,0.205535,0,-0.349100,0,1.570800,0.785400
1.579800,0.206721,0,-0.349100,0,1.570800,0.785400
1.579800,0.207911,0,-0.349100,0,1.570800,0.785400
1.579800,0.209106,0,-0.349100,0,1.570800,0.785400
1.579800,0.210304,0,-0.349100,0,1.570800,0.785400
1.579800,0.211506,0,-0.349100,0,1.570800,0.785400
1.579800,0.212712,0,-0.349100,0,1.570800,0.785400
1.579800,0.213923,0,-0.349100,0,1.570800,0.785400
1.579800,0.215137,0,-0.349100,0,1.570800,0.785400
1.579800,0.216355,0,-0.349100,0,1.570800,0.785400
1.579800,0.217577,0,-0.349100,0,1.570800,0.785400
1.579800,0.218803,0,-0.349100,0,1.570800,0.785400
1.579800,0.220033,0,-0.349100,0,1.570800,0.785400
1.579800,0.221267,0,-0.349100,0,1.570800,0.785400
1.579800,0.222505,0,-0.349100,0,1.570800,0.785400
1.579800,0.223746,0,-0.349100,0,1.570800,0.785400
1.579800,0.224992,0,-0.349100,0,1.570800,0.785400
1.579800,0.226242,0,-0.349100,0,1.570800,0.785400
1.579800,0.227496,0,-0.349100,0,1.570800,0.785400
1.579800,0.228753,0,-0.349100,0,1.570800,0.785400
1.579800,0.230015,0,-0.349100,0,1.570800,0.785400
1.579800,0.231280,0,-0.349100,0,1.570800,0.785400
1.579800,0.232550,0,-0.349100,0,1.570800,0.785400
1.579800,0.233823,0,-0.349100,0,1.570800,0.785400
1.579800,0.235100,0,-0.349100,0,1.570800,0.785400
1.579800,0.236381,0,-0.349100,0,1.570800,0.785400
1.579800,0.237666,0,-0.349100,0,1.570800,0.785400
1.579800,0.238955,0,-0.349100,0,1.570800,0.785400
1.579800,0.240248,0,-0.349100,0,1.570800,0.785400
1.579800,0.241545,0,-0.349100,0,1.570800,0.785400
1.579800,0.242846,0,-0.349100,0,1.570800,0.785400
1.579800,0.244150,0,-0.349100,0,1.570800,0.785400
1.579800,0.245459,0,-0.349100,0,1.570800,0.785400
1.579800,0.246771,0,-0.349100,0,1.570800,0.785400
1.579800,0.248088,0,-0.349100,0,1.570800,0.785400
1.579800,0.249408,0,-0.349100,0,1.570800,0.785400
1.579800,0.250732,0,-0.349100,0,1.570800,0.785400
1.579800,0.252060,0,-0.349100,0,1.570800,0.785400
1.579800,0.253392,0,-0.349100,0,1.570800,0.785400
1.579800,0.254727,0,-0.349100,0,1.570800,0.785400
1.579800,0.256067,0,-0.349100,0,1.570800,0.785400
1.579800,0.257410,0,-0.349100,0,1.570800,0.785400
1.579800,0.258758,0,-0.349100,0,1.570800,0.785400
1.579800,0.260109,0,-0.349100,0,1.570800,0.785400
1.579800,0.261464,0,-0.349100,0,1.570800,0.785400
1.579800,0.262823,0,-0.349100,0,1.570800,0.785400
1.579800,0.264185,0,-0.349100,0,1.570800,0.785400
1.579800,0.265552,0,-0.349100,0,1.570800,0.785400
1.579800,0.266922,0,-0.349100,0,1.570800,0.785400
1.579800,0.268296,0,-0.349100,0,1.570800,0.785400
1.579800,0.269674,0,-0.349100,0,1.570800,0.785400
1.579800,0.271056,0,-0.349100,0,1.570800,0.785400
1.579800,0.272441,0,-0.349100,0,1.570800,0.785400
1.579800,0.273831,0,-0.349100,0,1.570800,0.785400
1.579800,0.275224,0,-0.349100,0,1.570800,0.785400
1.579800,0.276621,0,-0.349100,0,1.570800,0.785400
1.579800,0.278022,0,-0.349100,0,1.570800,0.785400
1.579800,0.279426,0,-0.349100,0,1.570800,0.785400
1.579800,0.280835,0,-0.349100,0,1.570800,0.785400
1.579800,0.282247,0,-0.349100,0,1.570800,0.785400
1.579800,0.283663,0,-0.349100,0,1.570800,0.785400
1.579800,0.285082,0,-0.349100,0,1.570800,0.785400
1.579800,0.286506,0,-0.349100,0,1.570800,0.785400
1.579800,0.287933,0,-0.349100,0,1.570800,0.785400
1.579800,0.289364,0,-0.349100,0,1.570800,0.785400
1.579800,0.290798,0,-0.349100,0,1.570800,0.785400
1.579800,0.292236,0,-0.349100,0,1.570800,0.785400
1.579800,0.293679,0,-0.349100,0,1.570800,0.785400
1.579800,0.295124,0,-0.349100,0,1.570800,0.785400
1.579800,0.296574,0,-0.349100,0,1.570800,0.785400
1.579800,0.298027,0,-0.349100,0,1.570800,0.785400
1.579800,0.299484,0,-0.349100,0,1.570800,0.785400
1.579800,0.300944,0,-0.349100,0,1.570800,0.785400
1.579800,0.302409,0,-0.349100,0,1.570800,0.785400
1.579800,0.303877,0,-0.349100,0,1.570800,0.785400
1.579800,0.305348,0,-0.349100,0,1.570800,0.785400
1.579800,0.306824,0,-0.349100,0,1.570800,0.785400
1.579800,0.308303,0,-0.349100,0,1.570800,0.785400
1.579800,0.309785,0,-0.349100,0,1.570800,0.785400
1.579800,0.311271,0,-0.349100,0,1.570800,0.785400
1.579800,0.312761,0,-0.349100,0,1.570800,0.785400
1.579800,0.314255,0,-0.349100,0,1.570800,0.785400
1.579800,0.315752,0,-0.349100,0,1.570800,0.785400
1.579800,0.317253,0,-0.349100,0,1.570800,0.785400
1.579800,0.318757,0,-0.349100,0,1.570800,0.785400
1.579800,0.320265,0,-0.349100,0,1.570800,0.785400
1.579800,0.321777,0,-0.349100,0,1.570800,0.785400
1.579800,0.323292,0,-0.349100,0,1.570800,0.785400
1.579800,0.324810,0,-0.349100,0,1.570800,0.785400
1.579800,0.326333,0,-0.349100,0,1.570800,0.785400
1.579800,0.327859,0,-0.349100,0,1.570800,0.785400
1.579800,0.329388,0,-0.349100,0,1.570800,0.785400
1.579800,0.330921,0,-0.349100,0,1.570800,0.785400
1.579800,0.332457,0,-0.349100,0,1.570800,0.785400
1.579800,0.333997,0,-0.349100,0,1.570800,0.785400
1.579800,0.335541,0,-0.349100,0,1.570800,0.785400
1.579800,0.337088,0,-0.349100,0,1.570800,0.785400
1.579800,0.338639,0,-0.349100,0,1.570800,0.785400
1.579800,0.340193,0,-0.349100,0,1.570800,0.785400
1.579800,0.341750,0,-0.349100,0,1.570800,0.785400
1.579800,0.343311,0,-0.349100,0,1.570800,0.785400
1.579800,0.344876,0,-0.349100,0,1.570800,0.785400
1.579800,0.346444,0,-0.349100,0,1.570800,0.785400
1.579800,0.348015,0,-0.349100,0,1.570800,0.785400
1.579800,0.349590,0,-0.349100,0,1.570800,0.785400
1.579800,0.351168,0,-0.349100,0,1.570800,0.785400
1.579800,0.352750,0,-0.349100,0,1.570800,0.785400
1.579800,0.354335,0,-0.349100,0,1.570800,0.785400
1.579800,0.355924,0,-0.349100,0,1.570800,0.785400
1.579800,0.357516,0,-0.349100,0,1.570800,0.785400
1.579800,0.359111,0,-0.349100,0,1.570800,0.785400
1.579800,0.360710,0,-0.349100,0,1.570800,0.785400
1.579800,0.362312,0,-0.349100,0,1.570800,0.785400
1.579800,0.363918,0,-0.349100,0,1.570800,0.785400
1.579800,0.365527,0,-0.349100,0,1.570800,0.785400
1.579800,0.367139,0,-0.349100,0,1.570800,0.785400
1.579800,0.368754,0,-0.349100,0,1.570800,0.785400
1.579800,0.370373,0,-0.349100,0,1.570800,0.785400
1.579800,0.371996,0,-0.349100,0,1.570800,0.785400
1.579800,0.373621,0,-0.349100,0,1.570800,0.785400
1.579800,0.375250,0,-0.349100,0,1.570800,0.785400
1.579800,0.376882,0,-0.349100,0,1.570800,0.785400
1.579800,0.378517,0,-0.349100,0,1.570800,0.785400
1.579800,0.380156,0,-0.349100,0,1.570800,0.785400
1.579800,0.381798,0,-0.349100,0,1.570800,0.785400
1.579800,0.383443,0,-0.349100,0,1.570800,0.785400
1.579800,0.385091,0,-0.349100,0,1.570800,0.785400
1.579800,0.386743,0,-0.349100,0,1.570800,0.785400
1.579800,0.388398,0,-0.349100,0,1.570800,0.785400
1.579800,0.390056,0,-0.349100,0,1.570800,0.785400
1.579800,0.391717,0,-0.349100,0,1.570800,0.785400
1.579800,0.393382,0,-0.349100,0,1.570800,0.785400
1.579800,0.395049,0,-0.349100,0,1.570800,0.785400
1.579800,0.396720,0,-0.349100,0,1.570800,0.785400
1.579800,0.398394,0,-0.349100,0,1.570800,0.785400
1.579800,0.400071,0,-0.349100,0,1.570800,0.785400
1.579800,0.401751,0,-0.349100,0,1.570800,0.785400
1.579800,0.403435,0,-0.349100,0,1.570800,0.785400
1.579800,0.405121,0,-0.349100,0,1.570800,0.785400
1.579800,0.406811,0,-0.349100,0,1.570800,0.785400
1.579800,0.408503,0,-0.349100,0,1.570800,0.785400
1.579800,0.410199,0,-0.349100,0,1.570800,0.785400
1.579800,0.411898,0,-0.349100,0,1.570800,0.785400
1.579800,0.413600,0,-0.349100,0,1.570800,0.785400
1.579800,0.415305,0,-0.349100,0,1.570800,0.785400
1.579800,0.417013,0,-0.349100,0,1.570800,0.785400
1.579800,0.418724,0,-0.349100,0,1.570800,0.785400
1.579800,0.420438,0,-0.349100,0,1.570800,0.785400
1.579800,0.422155,0,-0.349100,0,1.570800,0.785400
1.579800,0.423875,0,-0.349100,0,1.570800,0.785400
1.579800,0.425598,0,-0.349100,0,1.570800,0.785400
1.579800,0.427323,0,-0.349100,0,1.570800,0.785400
1.579800,0.429052,0,-0.349100,0,1.570800,0.785400
1.579800,0.430784,0,-0.349100,0,1.570800,0.785400
1.579800,0.432519,0,-0.349100,0,1.570800,0.785400
1.579800,0.434257,0,-0.349100,0,1.570800,0.785400
1.579800,0.435997,0,-0.349100,0,1.570800,0.785400
1.579800,0.437741,0,-0.349100,0,1.570800,0.785400
1.579800,0.439487,0,-0.349100,0,1.570800,0.785400
1.579800,0.441236,0,-0.349100,0,1.570800,0.785400
1.579800,0.442988,0,-0.349100,0,1.570800,0.785400
1.579800,0.444743,0,-0.349100,0,1.570800,0.785400
1.579800,0.446501,0,-0.349100,0,1.570800,0.785400
1.579800,0.448261,0,-0.349100,0,1.570800,0.785400
1.579800,0.450025,0,-0.349100,0,1.570800,0.785400
1.579800,0.451791,0,-0.349100,0,1.570800,0.785400
1.579800,0.453560,0,-0.349100,0,1.570800,0.785400
1.579800,0.455332,0,-0.349100,0,1.570800,0.785400
1.579800,0.457106,0,-0.349100,0,1.570800,0.785400
1.579800,0.458883,0,-0.349100,0,1.570800,0.785400
1.579800,0.460663,0,-0.349100,0,1.570800,0.785400
1.579800,0.462446,0,-0.349100,0,1.570800,0.785400
1.579800,0.464232,0,-0.349100,0,1.570800,0.785400
1.579800,0.466020,0,-0.349100,0,1.570800,0.785400
1.579800,0.467810,0,-0.349100,0,1.570800,0.785400
1.579800,0.469604,0,-0.349100,0,1.570800,0.785400
1.579800,0.471400,0,-0.349100,0,1.570800,0.785400
1.579800,0.473199,0,-0.349100,0,1.570800,0.785400
1.579800,0.475000,0,-0.349100,0,1.570800,0.785400
1.579800,0.476804,0,-0.349100,0,1.570800,0.785400
1.579800,0.478611,0,-0.349100,0,1.570800,0.785400
1.579800,0.480420,0,-0.349100,0,1.570800,0.785400
1.579800,0.482232,0,-0.349100,0,1.570800,0.785400
1.579800,0.484046,0,-0.349100,0,1.570800,0.785400
1.579800,0.485863,0,-0.349100,0,1.570800,0.785400
1.579800,0.487682,0,-0.349100,0,1.570800,0.785400
1.579800,0.489504,0,-0.349100,0,1.570800,0.785400
1.579800,0.491329,0,-0.349100,0,1.570800,0.785400
1.579800,0.493156,0,-0.349100,0,1.570800,0.785400
1.579800,0.494985,0,-0.349100,0,1.570800,0.785400
1.579800,0.496817,0,-0.349100,0,1.570800,0.785400
1.579800,0.498651,0,-0.349100,0,1.570800,0.785400
1.579800,0.500488,0,-0.349100,0,1.570800,0.785400
1.579800,0.502327,0,-0.349100,0,1.570800,0.785400
1.579800,0.504169,0,-0.349100,0,1.570800,0.785400
1.579800,0.506013,0,-0.349100,0,1.570800,0.785400
1.579800,0.507859,0,-0.349100,0,1.570800,0.785400
1.579800,0.509708,0,-0.349100,0,1.570800,0.785400
1.579800,0.511559,0,-0.349100,0,1.570800,0.785400
1.579800,0.513413,0,-0.349100,0,1.570800,0.785400
1.579800,0.515269,0,-0.349100,0,1.570800,0.785400
1.579800,0.517127,0,-0.349100,0,1.570800,0.785400
1.579800,0.518987,0,-0.349100,0,1.570800,0.785400
1.579800,0.520850,0,-0.349100,0,1.570800,0.785400
1.579800,0.522715,0,-0.349100,0,1.570800,0.785400
1.579800,0.524582,0,-0.349100,0,1.570800,0.785400
1.579800,0.526451,0,-0.349100,0,1.570800,0.785400
1.579800,0.528323,0,-0.349100,0,1.570800,0.785400
1.579800,0.530197,0,-0.349100,0,1.570800,0.785400
1.579800,0.532073,0,-0.349100,0,1.570800,0.785400
1.579800,0.533951,0,-0.349100,0,1.570800,0.785400
1.579800,0.535832,0,-0.349100,0,1.570800,0.785400
1.579800,0.537714,0,-0.349100,0,1.570800,0.785400
1.579800,0.539599,0,-0.349100,0,1.570800,0.785400
1.579800,0.541486,0,-0.349100,0,1.570800,0.785400
1.579800,0.543375,0,-0.349100,0,1.570800,0.785400
1.579800,0.545266,0,-0.349100,0,1.570800,0.785400
1.579800,0.547159,0,-0.349100,0,1.570800,0.785400
1.579800,0.549054,0,-0.349100,0,1.570800,0.785400
1.579800,0.550952,0,-0.349100,0,1.570800,0.785400
1.579800,0.552851,0,-0.349100,0,1.570800,0.785400
1.579800,0.554752,0,-0.349100,0,1.570800,0.785400
1.579800,0.556656,0,-0.349100,0,1.570800,0.785400
1.579800,0.558561,0,-0.349100,0,1.570800,0.785400
1.579800,0.560468,0,-0.349100,0,1.570800,0.785400
1.579800,0.562377,0,-0.349100,0,1.570800,0.785400
1.579800,0.564288,0,-0.349100,0,1.570800,0.785400
1.579800,0.566201,0,-0.349100,0,1.570800,0.785400
1.579800,0.568116,0,-0.349100,0,1.570800,0.785400
1.579800,0.570033,0,-0.349100,0,1.570800,0.785400
1.579800,0.571952,0,-0.349100,0,1.570800,0.785400
1.579800,0.573873,0,-0.349100,0,1.570800,0.785400
1.579800,0.575795,0,-0.349100,0,1.570800,0.785400
1.579800,0.577720,0,-0.349100,0,1.570800,0.785400
1.579800,0.579646,0,-0.349100,0,1.570800,0.785400
1.579800,0.581574,0,-0.349100,0,1.570800,0.785400
1.579800,0.583503,0,-0.349100,0,1.570800,0.785400
1.579800,0.585435,0,-0.349100,0,1.570800,0.785400
1.579800,0.587368,0,-0.349100,0,1.570800,0.785400
1.579800,0.589303,0,-0.349100,0,1.570800,0.785400
1.579800,0.591240,0,-0.349100,0,1.570800,0.785400
1.579800,0.593178,0,-0.349100,0,1.570800,0.785400
1.579800,0.595118,0,-0.349100,0,1.570800,0.785400
1.579800,0.597060,0,-0.349100,0,1.570800,0.785400
1.579800,0.599003,0,-0.349100,0,1.570800,0.785400
1.579800,0.600948,0,-0.349100,0,1.570800,0.785400
1.579800,0.602895,0,-0.349100,0,1.570800,0.785400
1.579800,0.604843,0,-0.349100,0,1.570800,0.785400
1.579800,0.606793,0,-0.349100,0,1.570800,0.785400
1.579800,0.608745,0,-0.349100,0,1.570800,0.785400
1.579800,0.610698,0,-0.349100,0,1.570800,0.785400
1.579800,0.612652,0,-0.349100,0,1.570800,0.785400
1.579800,0.614608,0,-0.349100,0,1.570800,0.785400
1.579800,0.616566,0,-0.349100,0,1.570800,0.785400
1.579800,0.618525,0,-0.349100,0,1.570800,0.785400
1.579800,0.620486,0,-0.349100,0,1.570800,0.785400
1.579800,0.622448,0,-0.349100,0,1.570800,0.785400
1.579800,0.624411,0,-0.349100,0,1.570800,0.785400
1.579800,0.626376,0,-0.349100,0,1.570800,0.785400
1.579800,0.628342,0,-0.349100,0,1.570800,0.785400
1.579800,0.630310,0,-0.349100,0,1.570800,0.785400
1.579800,0.632279,0,-0.349100,0,1.570800,0.785400
1.579800,0.634250,0,-0.349100,0,1.570800,0.785400
1.579800,0.636221,0,-0.349100,0,1.570800,0.785400
1.579800,0.638195,0,-0.349100,0,1.570800,0.785400
1.579800,0.640169,0,-0.349100,0,1.570800,0.785400
1.579800,0.642145,0,-0.349100,0,1.570800,0.785400
1.579800,0.644122,0,-0.349100,0,1.570800,0.785400
1.579800,0.646100,0,-0.349100,0,1.570800,0.785400
1.579800,0.648080,0,-0.349100,0,1.570800,0.785400
1.579800,0.650060,0,-0.349100,0,1.570800,0.785400
1.579800,0.652042,0,-0.349100,0,1.570800,0.785400
1.579800,0.654026,0,-0.349100,0,1.570800,0.785400
1.579800,0.656010,0,-0.349100,0,1.570800,0.785400
1.579800,0.657995,0,-0.349100,0,1.570800,0.785400
1.579800,0.659982,0,-0.349100,0,1.570800,0.785400
1.579800,0.661970,0,-0.349100,0,1.570800,0.785400
1.579800,0.663959,0,-0.349100,0,1.570800,0.785400
1.579800,0.665949,0,-0.349100,0,1.570800,0.785400
1.579800,0.667940,0,-0.349100,0,1.570800,0.785400
1.579800,0.669932,0,-0.349100,0,1.570800,0.785400
1.579800,0.671925,0,-0.349100,0,1.570800,0.785400
1.579800,0.673919,0,-0.349100,0,1.570800,0.785400
1.579800,0.675915,0,-0.349100,0,1.570800,0.785400
1.579800,0.677911,0,-0.349100,0,1.570800,0.785400
1.579800,0.679908,0,-0.349100,0,1.570800,0.785400
1.579800,0.681906,0,-0.349100,0,1.570800,0.785400
1.579800,0.683905,0,-0.349100,0,1.570800,0.785400
1.579800,0.685905,0,-0.349100,0,1.570800,0.785400
1.579800,0.687906,0,-0.349100,0,1.570800,0.785400
1.579800,0.689908,0,-0.349100,0,1.570800,0.785400
1.579800,0.691911,0,-0.349100,0,1.570800,0.785400
1.579800,0.693914,0,-0.349100,0,1.570800,0.785400
1.579800,0.695918,0,-0.349100,0,1.570800,0.785400
1.579800,0.697924,0,-0.349100,0,1.570800,0.785400
1.579800,0.699930,0,-0.349100,0,1.570800,0.785400
1.579800,0.701936,0,-0.349100,0,1.570800,0.785400
1.579800,0.703944,0,-0.349100,0,1.570800,0.785400
1.579800,0.705952,0,-0.349100,0,1.570800,0.785400
1.579800,0.707961,0,-0.349100,0,1.570800,0.785400
1.579800,0.709971,0,-0.349100,0,1.570800,0.785400
1.579800,0.711981,0,-0.349100,0,1.570800,0.785400
1.579800,0.713992,0,-0.349100,0,1.570800,0.785400
1.579800,0.716004,0,-0.349100,0,1.570800,0.785400
1.579800,0.718017,0,-0.349100,0,1.570800,0.785400
1.579800,0.720030,0,-0.349100,0,1.570800,0.785400
1.579800,0.722043,0,-0.349100,0,1.570800,0.785400
1.579800,0.724057,0,-0.349100,0,1.570800,0.785400
1.579800,0.726072,0,-0.349100,0,1.570800,0.785400
1.579800,0.728088,0,-0.349100,0,1.570800,0.785400
1.579800,0.730104,0,-0.349100,0,1.570800,0.785400
1.579800,0.732120,0,-0.349100,0,1.570800,0.785400
1.579800,0.734137,0,-0.349100,0,1.570800,0.785400
1.579800,0.736154,0,-0.349100,0,1.570800,0.785400
1.579800,0.738172,0,-0.349100,0,1.570800,0.785400
1.579800,0.740191,0,-0.349100,0,1.570800,0.785400
1.579800,0.742209,0,-0.349100,0,1.570800,0.785400
1.579800,0.744229,0,-0.349100,0,1.570800,0.785400
1.579800,0.746248,0,-0.349100,0,1.570800,0.785400
1.579800,0.748268,0,-0.349100,0,1.570800,0.785400
1.579800,0.750289,0,-0.349100,0,1.570800,0.785400
1.579800,0.752309,0,-0.349100,0,1.570800,0.785400
1.579800,0.754330,0,-0.349100,0,1.570800,0.785400
1.579800,0.756352,0,-0.349100,0,1.570800,0.785400
1.579800,0.758373,0,-0.349100,0,1.570800,0.785400
1.579800,0.760395,0,-0.349100,0,1.570800,0.785400
1.579800,0.762417,0,-0.349100,0,1.570800,0.785400
1.579800,0.764440,0,-0.349100,0,1.570800,0.785400
1.579800,0.766462,0,-0.349100,0,1.570800,0.785400
1.579800,0.768485,0,-0.349100,0,1.570800,0.785400
1.579800,0.770508,0,-0.349100,0,1.570800,0.785400
1.579800,0.772531,0,-0.349100,0,1.570800,0.785400
1.579800,0.774555,0,-0.349100,0,1.570800,0.785400
1.579800,0.776578,0,-0.349100,0,1.570800,0.785400
1.579800,0.778602,0,-0.349100,0,1.570800,0.785400
1.579800,0.780625,0,-0.349100,0,1.570800,0.785400
1.579800,0.782649,0,-0.349100,0,1.570800,0.785400
1.579800,0.784673,0,-0.349100,0,1.570800,0.785400
1.579800,0.786697,0,-0.349100,0,1.570800,0.785400
1.579800,0.788721,0,-0.349100,0,1.570800,0.785400
1.579800,0.790745,0,-0.349100,0,1.570800,0.785400
1.579800,0.792769,0,-0.349100,0,1.570800,0.785400
1.579800,0.794792,0,-0.349100,0,1.570800,0.785400
1.579800,0.796816,0,-0.349100,0,1.570800,0.785400
1.579800,0.798840,0,-0.349100,0,1.570800,0.785400
1.579800,0.800864,0,-0.349100,0,1.570800,0.785400
1.579800,0.802887,0,-0.349100,0,1.570800,0.785400
1.579800,0.804911,0,-0.349100,0,1.570800,0.785400
1.579800,0.806934,0,-0.349100,0,1.570800,0.785400
1.579800,0.808957,0,-0.349100,0,1.570800,0.785400
1.579800,0.810981,0,-0.349100,0,1.570800,0.785400
1.579800,0.813003,0,-0.349100,0,1.570800,0.785400
1.579800,0.815026,0,-0.349100,0,1.570800,0.785400
1.579800,0.817048,0,-0.349100,0,1.570800,0.785400
1.579800,0.819071,0,-0.349100,0,1.570800,0.785400
1.579800,0.821093,0,-0.349100,0,1.570800,0.785400
1.579800,0.823114,0,-0.349100,0,1.570800,0.785400
1.579800,0.825136,0,-0.349100,0,1.570800,0.785400
1.579800,0.827157,0,-0.349100,0,1.570800,0.785400
1.579800,0.829177,0,-0.349100,0,1.570800,0.785400
1.579800,0.831198,0,-0.349100,0,1.570800,0.785400
1.579800,0.833218,0,-0.349100,0,1.570800,0.785400
1.579800,0.835238,0,-0.349100,0,1.570800,0.785400
1.579800,0.837257,0,-0.349100,0,1.570800,0.785400
1.579800,0.839276,0,-0.349100,0,1.570800,0.785400
1.579800,0.841294,0,-0.349100,0,1.570800,0.785400
1.579800,0.843312,0,-0.349100,0,1.570800,0.785400
1.579800,0.845330,0,-0.349100,0,1.570800,0.785400
1.579800,0.847347,0,-0.349100,0,1.570800,0.785400
1.579800,0.849363,0,-0.349100,0,1.570800,0.785400
1.579800,0.851379,0,-0.349100,0,1.570800,0.785400
1.579800,0.853395,0,-0.349100,0,1.570800,0.785400
1.579800,0.855410,0,-0.349100,0,1.570800,0.785400
1.579800,0.857424,0,-0.349100,0,1.570800,0.785400
1.579800,0.859438,0,-0.349100,0,1.570800,0.785400
1.579800,0.861451,0,-0.349100,0,1.570800,0.785400
1.579800,0.863463,0,-0.349100,0,1.570800,0.785400
1.579800,0.865475,0,-0.349100,0,1.570800,0.785400
1.579800,0.867486,0,-0.349100,0,1.570800,0.785400
1.579800,0.869497,0,-0.349100,0,1.570800,0.785400
1.579800,0.871507,0,-0.349100,0,1.570800,0.785400
1.579800,0.873516,0,-0.349100,0,1.570800,0.785400
1.579800,0.875524,0,-0.349100,0,1.570800,0.785400
1.579800,0.877532,0,-0.349100,0,1.570800,0.785400
1.579800,0.879539,0,-0.349100,0,1.570800,0.785400
1.579800,0.881545,0,-0.349100,0,1.570800,0.785400
1.579800,0.883550,0,-0.349100,0,1.570800,0.785400
1.579800,0.885555,0,-0.349100,0,1.570800,0.785400
1.579800,0.887558,0,-0.349100,0,1.570800,0.785400
1.579800,0.889561,0,-0.349100,0,1.570800,0.785400
1.579800,0.891563,0,-0.349100,0,1.570800,0.785400
1.579800,0.893564,0,-0.349100,0,1.570800,0.785400
1.579800,0.895564,0,-0.349100,0,1.570800,0.785400
1.579800,0.897564,0,-0.349100,0,1.570800,0.785400
1.579800,0.899562,0,-0.349100,0,1.570800,0.785400
1.579800,0.901559,0,-0.349100,0,1.570800,0.785400
1.579800,0.903555,0,-0.349100,0,1.570800,0.785400
1.579800,0.905551,0,-0.349100,0,1.570800,0.785400
1.579800,0.907545,0,-0.349100,0,1.570800,0.785400
1.579800,0.909539,0,-0.349100,0,1.570800,0.785400
1.579800,0.911531,0,-0.349100,0,1.570800,0.785400
1.579800,0.913522,0,-0.349100,0,1.570800,0.785400
1.579800,0.915512,0,-0.349100,0,1.570800,0.785400
1.579800,0.917501,0,-0.349100,0,1.570800,0.785400
1.579800,0.919489,0,-0.349100,0,1.570800,0.785400
1.579800,0.921476,0,-0.349100,0,1.570800,0.785400
1.579800,0.923462,0,-0.349100,0,1.570800,0.785400
1.579800,0.925446,0,-0.349100,0,1.570800,0.785400
1.579800,0.927430,0,-0.349100,0,1.570800,0.785400
1.579800,0.929412,0,-0.349100,0,1.570800,0.785400
1.579800,0.931393,0,-0.349100,0,1.570800,0.785400
1.579800,0.933373,0,-0.349100,0,1.570800,0.785400
1.579800,0.935351,0,-0.349100,0,1.570800,0.785400
1.579800,0.937329,0,-0.349100,0,1.570800,0.785400
1.579800,0.939304,0,-0.349100,0,1.570800,0.785400
1.579800,0.941279,0,-0.349100,0,1.570800,0.785400
1.579800,0.943253,0,-0.349100,0,1.570800,0.785400
1.579800,0.945225,0,-0.349100,0,1.570800,0.785400
1.579800,0.947195,0,-0.349100,0,1.570800,0.785400
1.579800,0.949165,0,-0.349100,0,1.570800,0.785400
1.579800,0.951133,0,-0.349100,0,1.570800,0.785400
1.579800,0.953099,0,-0.349100,0,1.570800,0.785400
1.579800,0.955064,0,-0.349100,0,1.570800,0.785400
1.579800,0.957028,0,-0.349100,0,1.570800,0.785400
1.579800,0.958990,0,-0.349100,0,1.570800,0.785400
1.579800,0.960951,0,-0.349100,0,1.570800,0.785400
1.579800,0.962910,0,-0.349100,0,1.570800,0.785400
1.579800,0.964868,0,-0.349100,0,1.570800,0.785400
1.579800,0.966825,0,-0.349100,0,1.570800,0.785400
1.579800,0.968779,0,-0.349100,0,1.570800,0.785400
1.579800,0.970733,0,-0.349100,0,1.570800,0.785400
1.579800,0.972684,0,-0.349100,0,1.570800,0.785400
1.579800,0.974635,0,-0.349100,0,1.570800,0.785400
1.579800,0.976583,0,-0.349100,0,1.570800,0.785400
1.579800,0.978530,0,-0.349100,0,1.570800,0.785400
1.579800,0.980475,0,-0.349100,0,1.570800,0.785400
1.579800,0.982419,0,-0.349100,0,1.570800,0.785400
1.579800,0.984361,0,-0.349100,0,1.570800,0.785400
1.579800,0.986301,0,-0.349100,0,1.570800,0.785400
1.579800,0.988240,0,-0.349100,0,1.570800,0.785400
1.579800,0.990177,0,-0.349100,0,1.570800,0.785400
1.579800,0.992112,0,-0.349100,0,1.570800,0.785400
1.579800,0.994046,0,-0.349100,0,1.570800,0.785400
1.579800,0.995978,0,-0.349100,0,1.570800,0.785400
1.579800,0.997908,0,-0.349100,0,1.570800,0.785400
1.579800,0.999836,0,-0.349100,0,1.570800,0.785400
1.579800,1.001762,0,-0.349100,0,1.570800,0.785400
1.579800,1.003687,0,-0.349100,0,1.570800,0.785400
1.579800,1.005610,0,-0.349100,0,1.570800,0.785400
1.579800,1.007531,0,-0.349100,0,1.570800,0.785400
1.579800,1.009450,0,-0.349100,0,1.570800,0.785400
1.579800,1.011367,0,-0.349100,0,1.570800,0.785400
1.579800,1.013282,0,-0.349100,0,1.570800,0.785400
1.579800,1.015196,0,-0.349100,0,1.570800,0.785400
1.579800,1.017107,0,-0.349100,0,1.570800,0.785400
1.579800,1.019017,0,-0.349100,0,1.570800,0.785400
1.579800,1.020924,0,-0.349100,0,1.570800,0.785400
1.579800,1.022830,0,-0.349100,0,1.570800,0.785400
1.579800,1.024733,0,-0.349100,0,1.570800,0.785400
1.579800,1.026635,0,-0.349100,0,1.570800,0.785400
1.579800,1.028535,0,-0.349100,0,1.570800,0.785400
1.579800,1.030432,0,-0.349100,0,1.570800,0.785400
1.579800,1.032328,0,-0.349100,0,1.570800,0.785400
1.579800,1.034221,0,-0.349100,0,1.570800,0.785400
1.579800,1.036113,0,-0.349100,0,1.570800,0.785400
1.579800,1.038002,0,-0.349100,0,1.570800,0.785400
1.579800,1.039889,0,-0.349100,0,1.570800,0.785400
1.579800,1.041774,0,-0.349100,0,1.570800,0.785400
1.579800,1.043657,0,-0.349100,0,1.570800,0.785400
1.579800,1.045538,0,-0.349100,0,1.570800,0.785400
1.579800,1.047417,0,-0.349100,0,1.570800,0.785400
1.579800,1.049293,0,-0.349100,0,1.570800,0.785400
1.579800,1.051167,0,-0.349100,0,1.570800,0.785400
1.579800,1.053039,0,-0.349100,0,1.570800,0.785400
1.579800,1.054909,0,-0.349100,0,1.570800,0.785400
1.579800,1.056777,0,-0.349100,0,1.570800,0.785400
1.579800,1.058642,0,-0.349100,0,1.570800,0.785400
1.579800,1.060505,0,-0.349100,0,1.570800,0.785400
1.579800,1.062366,0,-0.349100,0,1.570800,0.785400
1.579800,1.064225,0,-0.349100,0,1.570800,0.785400
1.579800,1.066081,0,-0.349100,0,1.570800,0.785400
1.579800,1.067935,0,-0.349100,0,1.570800,0.785400
1.579800,1.069786,0,-0.349100,0,1.570800,0.785400
1.579800,1.071635,0,-0.349100,0,1.570800,0.785400
1.579800,1.073482,0,-0.349100,0,1.570800,0.785400
1.579800,1.075326,0,-0.349100,0,1.570800,0.785400
1.579800,1.077168,0,-0.349100,0,1.570800,0.785400
1.579800,1.079008,0,-0.349100,0,1.570800,0.785400
1.579800,1.080845,0,-0.349100,0,1.570800,0.785400
1.579800,1.082680,0,-0.349100,0,1.570800,0.785400
1.579800,1.084512,0,-0.349100,0,1.570800,0.785400
1.579800,1.086342,0,-0.349100,0,1.570800,0.785400
1.579800,1.088170,0,-0.349100,0,1.570800,0.785400
1.579800,1.089994,0,-0.349100,0,1.570800,0.785400
1.579800,1.091817,0,-0.349100,0,1.570800,0.785400
1.579800,1.093637,0,-0.349100,0,1.570800,0.785400
1.579800,1.095454,0,-0.349100,0,1.570800,0.785400
1.579800,1.097269,0,-0.349100,0,1.570800,0.785400
1.579800,1.099081,0,-0.349100,0,1.570800,0.785400
1.579800,1.100890,0,-0.349100,0,1.570800,0.785400
1.579800,1.102697,0,-0.349100,0,1.570800,0.785400
1.579800,1.104502,0,-0.349100,0,1.570800,0.785400
1.579800,1.106304,0,-0.349100,0,1.570800,0.785400
1.579800,1.108103,0,-0.349100,0,1.570800,0.785400
1.579800,1.109899,0,-0.349100,0,1.570800,0.785400
1.579800,1.111693,0,-0.349100,0,1.570800,0.785400
1.579800,1.113485,0,-0.349100,0,1.570800,0.785400
1.579800,1.115273,0,-0.349100,0,1.570800,0.785400
1.579800,1.117059,0,-0.349100,0,1.570800,0.785400
1.579800,1.118842,0,-0.349100,0,1.570800,0.785400
1.579800,1.120623,0,-0.349100,0,1.570800,0.785400
1.579800,1.122400,0,-0.349100,0,1.570800,0.785400
1.579800,1.124175,0,-0.349100,0,1.570800,0.785400
1.579800,1.125947,0,-0.349100,0,1.570800,0.785400
1.579800,1.127717,0,-0.349100,0,1.570800,0.785400
1.579800,1.129483,0,-0.349100,0,1.570800,0.785400
1.579800,1.131247,0,-0.349100,0,1.570800,0.785400
1.579800,1.133008,0,-0.349100,0,1.570800,0.785400
1.579800,1.134767,0,-0.349100,0,1.570800,0.785400
1.579800,1.136522,0,-0.349100,0,1.570800,0.785400
1.579800,1.138275,0,-0.349100,0,1.570800,0.785400
1.579800,1.140024,0,-0.349100,0,1.570800,0.785400
1.579800,1.141771,0,-0.349100,0,1.570800,0.785400
1.579800,1.143515,0,-0.349100,0,1.570800,0.785400
1.579800,1.145256,0,-0.349100,0,1.570800,0.785400
1.579800,1.146994,0,-0.349100,0,1.570800,0.785400
1.579800,1.148729,0,-0.349100,0,1.570800,0.785400
1.579800,1.150462,0,-0.349100,0,1.570800,0.785400
1.579800,1.152191,0,-0.349100,0,1.570800,0.785400
1.579800,1.153917,0,-0.349100,0,1.570800,0.785400
1.579800,1.155641,0,-0.349100,0,1.570800,0.785400
1.579800,1.157361,0,-0.349100,0,1.570800,0.785400
1.579800,1.159079,0,-0.349100,0,1.570800,0.785400
1.579800,1.160793,0,-0.349100,0,1.570800,0.785400
1.579800,1.162505,0,-0.349100,0,1.570800,0.785400
1.579800,1.164213,0,-0.349100,0,1.570800,0.785400
1.579800,1.165919,0,-0.349100,0,1.570800,0.785400
1.579800,1.167621,0,-0.349100,0,1.570800,0.785400
1.579800,1.169320,0,-0.349100,0,1.570800,0.785400
1.579800,1.171017,0,-0.349100,0,1.570800,0.785400
1.579800,1.172710,0,-0.349100,0,1.570800,0.785400
1.579800,1.174400,0,-0.349100,0,1.570800,0.785400
1.579800,1.176087,0,-0.349100,0,1.570800,0.785400
1.579800,1.177771,0,-0.349100,0,1.570800,0.785400
1.579800,1.179451,0,-0.349100,0,1.570800,0.785400
1.579800,1.181129,0,-0.349100,0,1.570800,0.785400
1.579800,1.182803,0,-0.349100,0,1.570800,0.785400
1.579800,1.184475,0,-0.349100,0,1.570800,0.785400
1.579800,1.186143,0,-0.349100,0,1.570800,0.785400
1.579800,1.187808,0,-0.349100,0,1.570800,0.785400
1.579800,1.189470,0,-0.349100,0,1.570800,0.785400
1.579800,1.191128,0,-0.349100,0,1.570800,0.785400
1.579800,1.192784,0,-0.349100,0,1.570800,0.785400
1.579800,1.194436,0,-0.349100,0,1.570800,0.785400
1.579800,1.196085,0,-0.349100,0,1.570800,0.785400
1.579800,1.197730,0,-0.349100,0,1.570800,0.785400
1.579800,1.199373,0,-0.349100,0,1.570800,0.785400
1.579800,1.201012,0,-0.349100,0,1.570800,0.785400
1.579800,1.202648,0,-0.349100,0,1.570800,0.785400
1.579800,1.204281,0,-0.349100,0,1.570800,0.785400
1.579800,1.205910,0,-0.349100,0,1.570800,0.785400
1.579800,1.207536,0,-0.349100,0,1.570800,0.785400
1.579800,1.209159,0,-0.349100,0,1.570800,0.785400
1.579800,1.210778,0,-0.349100,0,1.570800,0.785400
1.579800,1.212394,0,-0.349100,0,1.570800,0.785400
1.579800,1.214007,0,-0.349100,0,1.570800,0.785400
1.579800,1.215617,0,-0.349100,0,1.570800,0.785400
1.579800,1.217223,0,-0.349100,0,1.570800,0.785400
1.579800,1.218825,0,-0.349100,0,1.570800,0.785400
1.579800,1.220425,0,-0.349100,0,1.570800,0.785400
1.579800,1.222021,0,-0.349100,0,1.570800,0.785400
1.579800,1.223613,0,-0.349100,0,1.570800,0.785400
1.579800,1.225202,0,-0.349100,0,1.570800,0.785400
1.579800,1.226788,0,-0.349100,0,1.570800,0.785400
1.579800,1.228370,0,-0.349100,0,1.570800,0.785400
1.579800,1.229949,0,-0.349100,0,1.570800,0.785400
1.579800,1.231525,0,-0.349100,0,1.570800,0.785400
1.579800,1.233097,0,-0.349100,0,1.570800,0.785400
1.579800,1.234665,0,-0.349100,0,1.570800,0.785400
1.579800,1.236230,0,-0.349100,0,1.570800,0.785400
1.579800,1.237792,0,-0.349100,0,1.570800,0.785400
1.579800,1.239350,0,-0.349100,0,1.570800,0.785400
1.579800,1.240905,0,-0.349100,0,1.570800,0.785400
1.579800,1.242456,0,-0.349100,0,1.570800,0.785400
1.579800,1.244004,0,-0.349100,0,1.570800,0.785400
1.579800,1.245548,0,-0.349100,0,1.570800,0.785400
1.579800,1.247088,0,-0.349100,0,1.570800,0.785400
1.579800,1.248625,0,-0.349100,0,1.570800,0.785400
1.579800,1.250159,0,-0.349100,0,1.570800,0.785400
1.579800,1.251689,0,-0.349100,0,1.570800,0.785400
1.579800,1.253215,0,-0.349100,0,1.570800,0.785400
1.579800,1.254738,0,-0.349100,0,1.570800,0.785400
1.579800,1.256258,0,-0.349100,0,1.570800,0.785400
1.579800,1.257773,0,-0.349100,0,1.570800,0.785400
1.579800,1.259285,0,-0.349100,0,1.570800,0.785400
1.579800,1.260794,0,-0.349100,0,1.570800,0.785400
1.579800,1.262299,0,-0.349100,0,1.570800,0.785400
1.579800,1.263800,0,-0.349100,0,1.570800,0.785400
1.579800,1.265298,0,-0.349100,0,1.570800,0.785400
1.579800,1.266792,0,-0.349100,0,1.570800,0.785400
1.579800,1.268283,0,-0.349100,0,1.570800,0.785400
1.579800,1.269769,0,-0.349100,0,1.570800,0.785400
1.579800,1.271253,0,-0.349100,0,1.570800,0.785400
1.579800,1.272732,0,-0.349100,0,1.570800,0.785400
1.579800,1.274208,0,-0.349100,0,1.570800,0.785400
1.579800,1.275680,0,-0.349100,0,1.570800,0.785400
1.579800,1.277149,0,-0.349100,0,1.570800,0.785400
1.579800,1.278614,0,-0.349100,0,1.570800,0.785400
1.579800,1.280075,0,-0.349100,0,1.570800,0.785400
1.579800,1.281532,0,-0.349100,0,1.570800,0.785400
1.579800,1.282986,0,-0.349100,0,1.570800,0.785400
1.579800,1.284436,0,-0.349100,0,1.570800,0.785400
1.579800,1.285883,0,-0.349100,0,1.570800,0.785400
1.579800,1.287325,0,-0.349100,0,1.570800,0.785400
1.579800,1.288764,0,-0.349100,0,1.570800,0.785400
1.579800,1.290200,0,-0.349100,0,1.570800,0.785400
1.579800,1.291631,0,-0.349100,0,1.570800,0.785400
1.579800,1.293059,0,-0.349100,0,1.570800,0.785400
1.579800,1.294483,0,-0.349100,0,1.570800,0.785400
1.579800,1.295903,0,-0.349100,0,1.570800,0.785400
1.579800,1.297320,0,-0.349100,0,1.570800,0.785400
1.579800,1.298732,0,-0.349100,0,1.570800,0.785400
1.579800,1.300141,0,-0.349100,0,1.570800,0.785400
1.579800,1.301546,0,-0.349100,0,1.570800,0.785400
1.579800,1.302948,0,-0.349100,0,1.570800,0.785400
1.579800,1.304345,0,-0.349100,0,1.570800,0.785400
1.579800,1.305739,0,-0.349100,0,1.570800,0.785400
1.579800,1.307129,0,-0.349100,0,1.570800,0.785400
1.579800,1.308515,0,-0.349100,0,1.570800,0.785400
1.579800,1.309898,0,-0.349100,0,1.570800,0.785400
1.579800,1.311276,0,-0.349100,0,1.570800,0.785400
1.579800,1.312651,0,-0.349100,0,1.570800,0.785400
1.579800,1.314022,0,-0.349100,0,1.570800,0.785400
1.579800,1.315389,0,-0.349100,0,1.570800,0.785400
1.579800,1.316753,0,-0.349100,0,1.570800,0.785400
1.579800,1.318112,0,-0.349100,0,1.570800,0.785400
1.579800,1.319468,0,-0.349100,0,1.570800,0.785400
1.579800,1.320819,0,-0.349100,0,1.570800,0.785400
1.579800,1.322167,0,-0.349100,0,1.570800,0.785400
1.579800,1.323511,0,-0.349100,0,1.570800,0.785400
1.579800,1.324852,0,-0.349100,0,1.570800,0.785400
1.579800,1.326188,0,-0.349100,0,1.570800,0.785400
1.579800,1.327520,0,-0.349100,0,1.570800,0.785400
1.579800,1.328849,0,-0.349100,0,1.570800,0.785400
1.579800,1.330174,0,-0.349100,0,1.570800,0.785400
1.579800,1.331494,0,-0.349100,0,1.570800,0.785400
1.579800,1.332811,0,-0.349100,0,1.570800,0.785400
1.579800,1.334124,0,-0.349100,0,1.570800,0.785400
1.579800,1.335434,0,-0.349100,0,1.570800,0.785400
1.579800,1.336739,0,-0.349100,0,1.570800,0.785400
1.579800,1.338040,0,-0.349100,0,1.570800,0.785400
1.579800,1.339338,0,-0.349100,0,1.570800,0.785400
1.579800,1.340631,0,-0.349100,0,1.570800,0.785400
1.579800,1.341921,0,-0.349100,0,1.570800,0.785400
1.579800,1.343207,0,-0.349100,0,1.570800,0.785400
1.579800,1.344488,0,-0.349100,0,1.570800,0.785400
1.579800,1.345766,0,-0.349100,0,1.570800,0.785400
1.579800,1.347040,0,-0.349100,0,1.570800,0.785400
1.579800,1.348310,0,-0.349100,0,1.570800,0.785400
1.579800,1.349576,0,-0.349100,0,1.570800,0.785400
1.579800,1.350839,0,-0.349100,0,1.570800,0.785400
1.579800,1.352097,0,-0.349100,0,1.570800,0.785400
1.579800,1.353351,0,-0.349100,0,1.570800,0.785400
1.579800,1.354602,0,-0.349100,0,1.570800,0.785400
1.579800,1.355848,0,-0.349100,0,1.570800,0.785400
1.579800,1.357090,0,-0.349100,0,1.570800,0.785400
1.579800,1.358329,0,-0.349100,0,1.570800,0.785400
1.579800,1.359564,0,-0.349100,0,1.570800,0.785400
1.579800,1.360794,0,-0.349100,0,1.570800,0.785400
1.579800,1.362021,0,-0.349100,0,1.570800,0.785400
1.579800,1.363244,0,-0.349100,0,1.570800,0.785400
1.579800,1.364462,0,-0.349100,0,1.570800,0.785400
1.579800,1.365677,0,-0.349100,0,1.570800,0.785400
1.579800,1.366888,0,-0.349100,0,1.570800,0.785400
1.579800,1.368095,0,-0.349100,0,1.570800,0.785400
1.579800,1.369298,0,-0.349100,0,1.570800,0.785400
1.579800,1.370497,0,-0.349100,0,1.570800,0.785400
1.579800,1.371691,0,-0.349100,0,1.570800,0.785400
1.579800,1.372882,0,-0.349100,0,1.570800,0.785400
1.579800,1.374069,0,-0.349100,0,1.570800,0.785400
1.579800,1.375252,0,-0.349100,0,1.570800,0.785400
1.579800,1.376431,0,-0.349100,0,1.570800,0.785400
1.579800,1.377607,0,-0.349100,0,1.570800,0.785400
1.579800,1.378778,0,-0.349100,0,1.570800,0.785400
1.579800,1.379945,0,-0.349100,0,1.570800,0.785400
1.579800,1.381108,0,-0.349100,0,1.570800,0.785400
1.579800,1.382267,0,-0.349100,0,1.570800,0.785400
1.579800,1.383422,0,-0.349100,0,1.570800,0.785400
1.579800,1.384573,0,-0.349100,0,1.570800,0.785400
1.579800,1.385720,0,-0.349100,0,1.570800,0.785400
1.579800,1.386864,0,-0.349100,0,1.570800,0.785400
1.579800,1.388003,0,-0.349100,0,1.570800,0.785400
1.579800,1.389138,0,-0.349100,0,1.570800,0.785400
1.579800,1.390269,0,-0.349100,0,1.570800,0.785400
1.579800,1.391396,0,-0.349100,0,1.570800,0.785400
1.579800,1.392520,0,-0.349100,0,1.570800,0.785400
1.579800,1.393639,0,-0.349100,0,1.570800,0.785400
1.579800,1.394754,0,-0.349100,0,1.570800,0.785400
1.579800,1.395865,0,-0.349100,0,1.570800,0.785400
1.579800,1.396973,0,-0.349100,0,1.570800,0.785400
1.579800,1.398076,0,-0.349100,0,1.570800,0.785400
1.579800,1.399175,0,-0.349100,0,1.570800,0.785400
1.579800,1.400271,0,-0.349100,0,1.570800,0.785400
1.579800,1.401362,0,-0.349100,0,1.570800,0.785400
1.579800,1.402449,0,-0.349100,0,1.570800,0.785400
1.579800,1.403532,0,-0.349100,0,1.570800,0.785400
1.579800,1.404612,0,-0.349100,0,1.570800,0.785400
1.579800,1.405687,0,-0.349100,0,1.570800,0.785400
1.579800,1.406758,0,-0.349100,0,1.570800,0.785400
1.579800,1.407826,0,-0.349100,0,1.570800,0.785400
1.579800,1.408889,0,-0.349100,0,1.570800,0.785400
1.579800,1.409949,0,-0.349100,0,1.570800,0.785400
1.579800,1.411004,0,-0.349100,0,1.570800,0.785400
1.579800,1.412055,0,-0.349100,0,1.570800,0.785400
1.579800,1.413103,0,-0.349100,0,1.570800,0.785400
1.579800,1.414146,0,-0.349100,0,1.570800,0.785400
1.579800,1.415186,0,-0.349100,0,1.570800,0.785400
1.579800,1.416221,0,-0.349100,0,1.570800,0.785400
1.579800,1.417253,0,-0.349100,0,1.570800,0.785400
1.579800,1.418280,0,-0.349100,0,1.570800,0.785400
1.579800,1.419304,0,-0.349100,0,1.570800,0.785400
1.579800,1.420323,0,-0.349100,0,1.570800,0.785400
1.579800,1.421339,0,-0.349100,0,1.570800,0.785400
1.579800,1.422350,0,-0.349100,0,1.570800,0.785400
1.579800,1.423358,0,-0.349100,0,1.570800,0.785400
1.579800,1.424362,0,-0.349100,0,1.570800,0.785400
1.579800,1.425361,0,-0.349100,0,1.570800,0.785400
1.579800,1.426357,0,-0.349100,0,1.570800,0.785400
1.579800,1.427349,0,-0.349100,0,1.570800,0.785400
1.579800,1.428336,0,-0.349100,0,1.570800,0.785400
1.579800,1.429320,0,-0.349100,0,1.570800,0.785400
1.579800,1.430300,0,-0.349100,0,1.570800,0.785400
1.579800,1.431276,0,-0.349100,0,1.570800,0.785400
1.579800,1.432248,0,-0.349100,0,1.570800,0.785400
1.579800,1.433216,0,-0.349100,0,1.570800,0.785400
1.579800,1.434180,0,-0.349100,0,1.570800,0.785400
1.579800,1.435140,0,-0.349100,0,1.570800,0.785400
1.579800,1.436096,0,-0.349100,0,1.570800,0.785400
1.579800,1.437048,0,-0.349100,0,1.570800,0.785400
1.579800,1.437997,0,-0.349100,0,1.570800,0.785400
1.579800,1.438941,0,-0.349100,0,1.570800,0.785400
1.579800,1.439881,0,-0.349100,0,1.570800,0.785400
1.579800,1.440818,0,-0.349100,0,1.570800,0.785400
1.579800,1.441750,0,-0.349100,0,1.570800,0.785400
1.579800,1.442679,0,-0.349100,0,1.570800,0.785400
1.579800,1.443604,0,-0.349100,0,1.570800,0.785400
1.579800,1.444524,0,-0.349100,0,1.570800,0.785400
1.579800,1.445441,0,-0.349100,0,1.570800,0.785400
1.579800,1.446354,0,-0.349100,0,1.570800,0.785400
1.579800,1.447263,0,-0.349100,0,1.570800,0.785400
1.579800,1.448168,0,-0.349100,0,1.570800,0.785400
1.579800,1.449069,0,-0.349100,0,1.570800,0.785400
1.579800,1.449966,0,-0.349100,0,1.570800,0.785400
1.579800,1.450860,0,-0.349100,0,1.570800,0.785400
1.579800,1.451749,0,-0.349100,0,1.570800,0.785400
1.579800,1.452635,0,-0.349100,0,1.570800,0.785400
1.579800,1.453517,0,-0.349100,0,1.570800,0.785400
1.579800,1.454394,0,-0.349100,0,1.570800,0.785400
1.579800,1.455268,0,-0.349100,0,1.570800,0.785400
1.579800,1.456138,0,-0.349100,0,1.570800,0.785400
1.579800,1.457004,0,-0.349100,0,1.570800,0.785400
1.579800,1.457867,0,-0.349100,0,1.570800,0.785400
1.579800,1.458725,0,-0.349100,0,1.570800,0.785400
1.579800,1.459580,0,-0.349100,0,1.570800,0.785400
1.579800,1.460430,0,-0.349100,0,1.570800,0.785400
1.579800,1.461277,0,-0.349100,0,1.570800,0.785400
1.579800,1.462120,0,-0.349100,0,1.570800,0.785400
1.579800,1.462959,0,-0.349100,0,1.570800,0.785400
1.579800,1.463795,0,-0.349100,0,1.570800,0.785400
1.579800,1.464626,0,-0.349100,0,1.570800,0.785400
1.579800,1.465454,0,-0.349100,0,1.570800,0.785400
1.579800,1.466278,0,-0.349100,0,1.570800,0.785400
1.579800,1.467098,0,-0.349100,0,1.570800,0.785400
1.579800,1.467914,0,-0.349100,0,1.570800,0.785400
1.579800,1.468726,0,-0.349100,0,1.570800,0.785400
1.579800,1.469535,0,-0.349100,0,1.570800,0.785400
1.579800,1.470340,0,-0.349100,0,1.570800,0.785400
1.579800,1.471141,0,-0.349100,0,1.570800,0.785400
1.579800,1.471938,0,-0.349100,0,1.570800,0.785400
1.579800,1.472731,0,-0.349100,0,1.570800,0.785400
1.579800,1.473521,0,-0.349100,0,1.570800,0.785400
1.579800,1.474307,0,-0.349100,0,1.570800,0.785400
1.579800,1.475089,0,-0.349100,0,1.570800,0.785400
1.579800,1.475867,0,-0.349100,0,1.570800,0.785400
1.579800,1.476642,0,-0.349100,0,1.570800,0.785400
1.579800,1.477412,0,-0.349100,0,1.570800,0.785400
1.579800,1.478179,0,-0.349100,0,1.570800,0.785400
1.579800,1.478943,0,-0.349100,0,1.570800,0.785400
1.579800,1.479702,0,-0.349100,0,1.570800,0.785400
1.579800,1.480458,0,-0.349100,0,1.570800,0.785400
1.579800,1.481210,0,-0.349100,0,1.570800,0.785400
1.579800,1.481958,0,-0.349100,0,1.570800,0.785400
1.579800,1.482703,0,-0.349100,0,1.570800,0.785400
1.579800,1.483444,0,-0.349100,0,1.570800,0.785400
1.579800,1.484181,0,-0.349100,0,1.570800,0.785400
1.579800,1.484915,0,-0.349100,0,1.570800,0.785400
1.579800,1.485644,0,-0.349100,0,1.570800,0.785400
1.579800,1.486370,0,-0.349100,0,1.570800,0.785400
1.579800,1.487093,0,-0.349100,0,1.570800,0.785400
1.579800,1.487812,0,-0.349100,0,1.570800,0.785400
1.579800,1.488527,0,-0.349100,0,1.570800,0.785400
1.579800,1.489238,0,-0.349100,0,1.570800,0.785400
1.579800,1.489946,0,-0.349100,0,1.570800,0.785400
1.579800,1.490650,0,-0.349100,0,1.570800,0.785400
1.579800,1.491351,0,-0.349100,0,1.570800,0.785400
1.579800,1.492047,0,-0.349100,0,1.570800,0.785400
1.579800,1.492741,0,-0.349100,0,1.570800,0.785400
1.579800,1.493430,0,-0.349100,0,1.570800,0.785400
1.579800,1.494116,0,-0.349100,0,1.570800,0.785400
1.579800,1.494799,0,-0.349100,0,1.570800,0.785400
1.579800,1.495477,0,-0.349100,0,1.570800,0.785400
1.579800,1.496153,0,-0.349100,0,1.570800,0.785400
1.579800,1.496824,0,-0.349100,0,1.570800,0.785400
1.579800,1.497492,0,-0.349100,0,1.570800,0.785400
1.579800,1.498157,0,-0.349100,0,1.570800,0.785400
1.579800,1.498817,0,-0.349100,0,1.570800,0.785400
1.579800,1.499475,0,-0.349100,0,1.570800,0.785400
1.579800,1.500128,0,-0.349100,0,1.570800,0.785400
1.579800,1.500779,0,-0.349100,0,1.570800,0.785400
1.579800,1.501425,0,-0.349100,0,1.570800,0.785400
1.579800,1.502068,0,-0.349100,0,1.570800,0.785400
1.579800,1.502708,0,-0.349100,0,1.570800,0.785400
1.579800,1.503344,0,-0.349100,0,1.570800,0.785400
1.579800,1.503977,0,-0.349100,0,1.570800,0.785400
1.579800,1.504606,0,-0.349100,0,1.570800,0.785400
1.579800,1.505231,0,-0.349100,0,1.570800,0.785400
1.579800,1.505853,0,-0.349100,0,1.570800,0.785400
1.579800,1.506472,0,-0.349100,0,1.570800,0.785400
1.579800,1.507087,0,-0.349100,0,1.570800,0.785400
1.579800,1.507698,0,-0.349100,0,1.570800,0.785400
1.579800,1.508307,0,-0.349100,0,1.570800,0.785400
1.579800,1.508911,0,-0.349100,0,1.570800,0.785400
1.579800,1.509513,0,-0.349100,0,1.570800,0.785400
1.579800,1.510110,0,-0.349100,0,1.570800,0.785400
1.579800,1.510705,0,-0.349100,0,1.570800,0.785400
1.579800,1.511296,0,-0.349100,0,1.570800,0.785400
1.579800,1.511883,0,-0.349100,0,1.570800,0.785400
1.579800,1.512468,0,-0.349100,0,1.570800,0.785400
1.579800,1.513048,0,-0.349100,0,1.570800,0.785400
1.579800,1.513626,0,-0.349100,0,1.570800,0.785400
1.579800,1.514200,0,-0.349100,0,1.570800,0.785400
1.579800,1.514770,0,-0.349100,0,1.570800,0.785400
1.579800,1.515338,0,-0.349100,0,1.570800,0.785400
1.579800,1.515902,0,-0.349100,0,1.570800,0.785400
1.579800,1.516462,0,-0.349100,0,1.570800,0.785400
1.579800,1.517019,0,-0.349100,0,1.570800,0.785400
1.579800,1.517573,0,-0.349100,0,1.570800,0.785400
1.579800,1.518124,0,-0.349100,0,1.570800,0.785400
1.579800,1.518671,0,-0.349100,0,1.570800,0.785400
1.579800,1.519215,0,-0.349100,0,1.570800,0.785400
1.579800,1.519756,0,-0.349100,0,1.570800,0.785400
1.579800,1.520293,0,-0.349100,0,1.570800,0.785400
1.579800,1.520827,0,-0.349100,0,1.570800,0.785400
1.579800,1.521358,0,-0.349100,0,1.570800,0.785400
1.579800,1.521886,0,-0.349100,0,1.570800,0.785400
1.579800,1.522410,0,-0.349100,0,1.570800,0.785400
1.579800,1.522931,0,-0.349100,0,1.570800,0.785400
1.579800,1.523449,0,-0.349100,0,1.570800,0.785400
1.579800,1.523964,0,-0.349100,0,1.570800,0.785400
1.579800,1.524475,0,-0.349100,0,1.570800,0.785400
1.579800,1.524983,0,-0.349100,0,1.570800,0.785400
1.579800,1.525488,0,-0.349100,0,1.570800,0.785400
1.579800,1.525990,0,-0.349100,0,1.570800,0.785400
1.579800,1.526489,0,-0.349100,0,1.570800,0.785400
1.579800,1.526984,0,-0.349100,0,1.570800,0.785400
1.579800,1.527477,0,-0.349100,0,1.570800,0.785400
1.579800,1.527966,0,-0.349100,0,1.570800,0.785400
1.579800,1.528452,0,-0.349100,0,1.570800,0.785400
1.579800,1.528935,0,-0.349100,0,1.570800,0.785400
1.579800,1.529415,0,-0.349100,0,1.570800,0.785400
1.579800,1.529891,0,-0.349100,0,1.570800,0.785400
1.579800,1.530365,0,-0.349100,0,1.570800,0.785400
1.579800,1.530835,0,-0.349100,0,1.570800,0.785400
1.579800,1.531302,0,-0.349100,0,1.570800,0.785400
1.579800,1.531767,0,-0.349100,0,1.570800,0.785400
1.579800,1.532228,0,-0.349100,0,1.570800,0.785400
1.579800,1.532686,0,-0.349100,0,1.570800,0.785400
1.579800,1.533141,0,-0.349100,0,1.570800,0.785400
1.579800,1.533593,0,-0.349100,0,1.570800,0.785400
1.579800,1.534042,0,-0.349100,0,1.570800,0.785400
1.579800,1.534488,0,-0.349100,0,1.570800,0.785400
1.579800,1.534931,0,-0.349100,0,1.570800,0.785400
1.579800,1.535371,0,-0.349100,0,1.570800,0.785400
1.579800,1.535808,0,-0.349100,0,1.570800,0.785400
1.579800,1.536242,0,-0.349100,0,1.570800,0.785400
1.579800,1.536673,0,-0.349100,0,1.570800,0.785400
1.579800,1.537101,0,-0.349100,0,1.570800,0.785400
1.579800,1.537526,0,-0.349100,0,1.570800,0.785400
1.579800,1.537949,0,-0.349100,0,1.570800,0.785400
1.579800,1.538368,0,-0.349100,0,1.570800,0.785400
1.579800,1.538784,0,-0.349100,0,1.570800,0.785400
1.579800,1.539198,0,-0.349100,0,1.570800,0.785400
1.579800,1.539608,0,-0.349100,0,1.570800,0.785400
1.579800,1.540016,0,-0.349100,0,1.570800,0.785400
1.579800,1.540421,0,-0.349100,0,1.570800,0.785400
1.579800,1.540822,0,-0.349100,0,1.570800,0.785400
1.579800,1.541221,0,-0.349100,0,1.570800,0.785400
1.579800,1.541618,0,-0.349100,0,1.570800,0.785400
1.579800,1.542011,0,-0.349100,0,1.570800,0.785400
1.579800,1.542401,0,-0.349100,0,1.570800,0.785400
1.579800,1.542789,0,-0.349100,0,1.570800,0.785400
1.579800,1.543174,0,-0.349100,0,1.570800,0.785400
1.579800,1.543556,0,-0.349100,0,1.570800,0.785400
1.579800,1.543935,0,-0.349100,0,1.570800,0.785400
1.579800,1.544312,0,-0.349100,0,1.570800,0.785400
1.579800,1.544685,0,-0.349100,0,1.570800,0.785400
1.579800,1.545056,0,-0.349100,0,1.570800,0.785400
1.579800,1.545425,0,-0.349100,0,1.570800,0.785400
1.579800,1.545790,0,-0.349100,0,1.570800,0.785400
1.579800,1.546153,0,-0.349100,0,1.570800,0.785400
1.579800,1.546513,0,-0.349100,0,1.570800,0.785400
1.579800,1.546870,0,-0.349100,0,1.570800,0.785400
1.579800,1.547225,0,-0.349100,0,1.570800,0.785400
1.579800,1.547577,0,-0.349100,0,1.570800,0.785400
1.579800,1.547926,0,-0.349100,0,1.570800,0.785400
1.579800,1.548273,0,-0.349100,0,1.570800,0.785400
1.579800,1.548617,0,-0.349100,0,1.570800,0.785400
1.579800,1.548958,0,-0.349100,0,1.570800,0.785400
1.579800,1.549296,0,-0.349100,0,1.570800,0.785400
1.579800,1.549632,0,-0.349100,0,1.570800,0.785400
1.579800,1.549966,0,-0.349100,0,1.570800,0.785400
1.579800,1.550297,0,-0.349100,0,1.570800,0.785400
1.579800,1.550625,0,-0.349100,0,1.570800,0.785400
1.579800,1.550951,0,-0.349100,0,1.570800,0.785400
1.579800,1.551274,0,-0.349100,0,1.570800,0.785400
1.579800,1.551594,0,-0.349100,0,1.570800,0.785400
1.579800,1.551912,0,-0.349100,0,1.570800,0.785400
1.579800,1.552228,0,-0.349100,0,1.570800,0.785400
1.579800,1.552541,0,-0.349100,0,1.570800,0.785400
1.579800,1.552851,0,-0.349100,0,1.570800,0.785400
1.579800,1.553159,0,-0.349100,0,1.570800,0.785400
1.579800,1.553464,0,-0.349100,0,1.570800,0.785400
1.579800,1.553767,0,-0.349100,0,1.570800,0.785400
1.579800,1.554068,0,-0.349100,0,1.570800,0.785400
1.579800,1.554366,0,-0.349100,0,1.570800,0.785400
1.579800,1.554661,0,-0.349100,0,1.570800,0.785400
1.579800,1.554954,0,-0.349100,0,1.570800,0.785400
1.579800,1.555245,0,-0.349100,0,1.570800,0.785400
1.579800,1.555533,0,-0.349100,0,1.570800,0.785400
1.579800,1.555819,0,-0.349100,0,1.570800,0.785400
1.579800,1.556102,0,-0.349100,0,1.570800,0.785400
1.579800,1.556383,0,-0.349100,0,1.570800,0.785400
1.579800,1.556662,0,-0.349100,0,1.570800,0.785400
1.579800,1.556938,0,-0.349100,0,1.570800,0.785400
1.579800,1.557212,0,-0.349100,0,1.570800,0.785400
1.579800,1.557484,0,-0.349100,0,1.570800,0.785400
1.579800,1.557753,0,-0.349100,0,1.570800,0.785400
1.579800,1.558020,0,-0.349100,0,1.570800,0.785400
1.579800,1.558285,0,-0.349100,0,1.570800,0.785400
1.579800,1.558547,0,-0.349100,0,1.570800,0.785400
1.579800,1.558807,0,-0.349100,0,1.570800,0.785400
1.579800,1.559065,0,-0.349100,0,1.570800,0.785400
1.579800,1.559321,0,-0.349100,0,1.570800,0.785400
1.579800,1.559574,0,-0.349100,0,1.570800,0.785400
1.579800,1.559825,0,-0.349100,0,1.570800,0.785400
1.579800,1.560074,0,-0.349100,0,1.570800,0.785400
1.579800,1.560321,0,-0.349100,0,1.570800,0.785400
1.579800,1.560565,0,-0.349100,0,1.570800,0.785400
1.579800,1.560807,0,-0.349100,0,1.570800,0.785400
1.579800,1.561047,0,-0.349100,0,1.570800,0.785400
1.579800,1.561285,0,-0.349100,0,1.570800,0.785400
1.579800,1.561521,0,-0.349100,0,1.570800,0.785400
1.579800,1.561754,0,-0.349100,0,1.570800,0.785400
1.579800,1.561986,0,-0.349100,0,1.570800,0.785400
1.579800,1.562215,0,-0.349100,0,1.570800,0.785400
1.579800,1.562442,0,-0.349100,0,1.570800,0.785400
1.579800,1.562667,0,-0.349100,0,1.570800,0.785400
1.579800,1.562890,0,-0.349100,0,1.570800,0.785400
1.579800,1.563111,0,-0.349100,0,1.570800,0.785400
1.579800,1.563330,0,-0.349100,0,1.570800,0.785400
1.579800,1.563546,0,-0.349100,0,1.570800,0.785400
1.579800,1.563761,0,-0.349100,0,1.570800,0.785400
1.579800,1.563974,0,-0.349100,0,1.570800,0.785400
1.579800,1.564184,0,-0.349100,0,1.570800,0.785400
1.579800,1.564393,0,-0.349100,0,1.570800,0.785400
1.579800,1.564599,0,-0.349100,0,1.570800,0.785400
1.579800,1.564804,0,-0.349100,0,1.570800,0.785400
1.579800,1.565006,0,-0.349100,0,1.570800,0.785400
1.579800,1.565207,0,-0.349100,0,1.570800,0.785400
1.579800,1.565406,0,-0.349100,0,1.570800,0.785400
1.579800,1.565602,0,-0.349100,0,1.570800,0.785400
1.579800,1.565797,0,-0.349100,0,1.570800,0.785400
1.579800,1.565990,0,-0.349100,0,1.570800,0.785400
1.579800,1.566181,0,-0.349100,0,1.570800,0.785400
1.579800,1.566370,0,-0.349100,0,1.570800,0.785400
1.579800,1.566557,0,-0.349100,0,1.570800,0.785400
1.579800,1.566742,0,-0.349100,0,1.570800,0.785400
1.579800,1.566925,0,-0.349100,0,1.570800,0.785400
1.579800,1.567107,0,-0.349100,0,1.570800,0.785400
1.579800,1.567286,0,-0.349100,0,1.570800,0.785400
1.579800,1.567464,0,-0.349100,0,1.570800,0.785400
1.579800,1.567640,0,-0.349100,0,1.570800,0.785400
1.579800,1.567814,0,-0.349100,0,1.570800,0.785400
1.579800,1.567987,0,-0.349100,0,1.570800,0.785400
1.579800,1.568157,0,-0.349100,0,1.570800,0.785400
1.579800,1.568326,0,-0.349100,0,1.570800,0.785400
1.579800,1.568493,0,-0.349100,0,1.570800,0.785400
1.579800,1.568658,0,-0.349100,0,1.570800,0.785400
1.579800,1.568821,0,-0.349100,0,1.570800,0.785400
1.579800,1.568983,0,-0.349100,0,1.570800,0.785400
1.579800,1.569143,0,-0.349100,0,1.570800,0.785400
1.579800,1.569301,0,-0.349100,0,1.570800,0.785400
1.579800,1.569458,0,-0.349100,0,1.570800,0.785400
1.579800,1.569613,0,-0.349100,0,1.570800,0.785400
1.579800,1.569766,0,-0.349100,0,1.570800,0.785400
1.579800,1.569917,0,-0.349100,0,1.570800,0.785400
1.579800,1.570067,0,-0.349100,0,1.570800,0.785400
1.579800,1.570215,0,-0.349100,0,1.570800,0.785400
1.579800,1.570362,0,-0.349100,0,1.570800,0.785400
1.579800,1.570507,0,-0.349100,0,1.570800,0.785400
1.579800,1.570650,0,-0.349100,0,1.570800,0.785400
1.579800,1.570792,0,-0.349100,0,1.570800,0.785400
1.579800,1.570932,0,-0.349100,0,1.570800,0.785400
1.579800,1.571070,0,-0.349100,0,1.570800,0.785400
1.579800,1.571207,0,-0.349100,0,1.570800,0.785400
1.579800,1.571342,0,-0.349100,0,1.570800,0.785400
1.579800,1.571476,0,-0.349100,0,1.570800,0.785400
1.579800,1.571608,0,-0.349100,0,1.570800,0.785400
1.579800,1.571739,0,-0.349100,0,1.570800,0.785400
1.579800,1.571868,0,-0.349100,0,1.570800,0.785400
1.579800,1.571996,0,-0.349100,0,1.570800,0.785400
1.579800,1.572122,0,-0.349100,0,1.570800,0.785400
1.579800,1.572246,0,-0.349100,0,1.570800,0.785400
1.579800,1.572370,0,-0.349100,0,1.570800,0.785400
1.579800,1.572491,0,-0.349100,0,1.570800,0.785400
1.579800,1.572612,0,-0.349100,0,1.570800,0.785400
1.579800,1.572730,0,-0.349100,0,1.570800,0.785400
1.579800,1.572848,0,-0.349100,0,1.570800,0.785400
1.579800,1.572964,0,-0.349100,0,1.570800,0.785400
1.579800,1.573078,0,-0.349100,0,1.570800,0.785400
1.579800,1.573191,0,-0.349100,0,1.570800,0.785400
1.579800,1.573303,0,-0.349100,0,1.570800,0.785400
1.579800,1.573413,0,-0.349100,0,1.570800,0.785400
1.579800,1.573522,0,-0.349100,0,1.570800,0.785400
1.579800,1.573630,0,-0.349100,0,1.570800,0.785400
1.579800,1.573736,0,-0.349100,0,1.570800,0.785400
1.579800,1.573841,0,-0.349100,0,1.570800,0.785400
1.579800,1.573945,0,-0.349100,0,1.570800,0.785400
1.579800,1.574047,0,-0.349100,0,1.570800,0.785400
1.579800,1.574148,0,-0.349100,0,1.570800,0.785400
1.579800,1.574247,0,-0.349100,0,1.570800,0.785400
1.579800,1.574346,0,-0.349100,0,1.570800,0.785400
1.579800,1.574443,0,-0.349100,0,1.570800,0.785400
1.579800,1.574538,0,-0.349100,0,1.570800,0.785400
1.579800,1.574633,0,-0.349100,0,1.570800,0.785400
1.579800,1.574726,0,-0.349100,0,1.570800,0.785400
1.579800,1.574818,0,-0.349100,0,1.570800,0.785400
1.579800,1.574909,0,-0.349100,0,1.570800,0.785400
1.579800,1.574999,0,-0.349100,0,1.570800,0.785400
1.579800,1.575087,0,-0.349100,0,1.570800,0.785400
1.579800,1.575174,0,-0.349100,0,1.570800,0.785400
1.579800,1.575260,0,-0.349100,0,1.570800,0.785400
1.579800,1.575345,0,-0.349100,0,1.570800,0.785400
1.579800,1.575429,0,-0.349100,0,1.570800,0.785400
1.579800,1.575511,0,-0.349100,0,1.570800,0.785400
1.579800,1.575592,0,-0.349100,0,1.570800,0.785400
1.579800,1.575673,0,-0.349100,0,1.570800,0.785400
1.579800,1.575752,0,-0.349100,0,1.570800,0.785400
1.579800,1.575830,0,-0.349100,0,1.570800,0.785400
1.579800,1.575906,0,-0.349100,0,1.570800,0.785400
1.579800,1.575982,0,-0.349100,0,1.570800,0.785400
1.579800,1.576057,0,-0.349100,0,1.570800,0.785400
1.579800,1.576130,0,-0.349100,0,1.570800,0.785400
1.579800,1.576203,0,-0.349100,0,1.570800,0.785400
1.579800,1.576274,0,-0.349100,0,1.570800,0.785400
1.579800,1.576345,0,-0.349100,0,1.570800,0.785400
1.579800,1.576414,0,-0.349100,0,1.570800,0.785400
1.579800,1.576482,0,-0.349100,0,1.570800,0.785400
1.579800,1.576550,0,-0.349100,0,1.570800,0.785400
1.579800,1.576616,0,-0.349100,0,1.570800,0.785400
1.579800,1.576681,0,-0.349100,0,1.570800,0.785400
1.579800,1.576746,0,-0.349100,0,1.570800,0.785400
1.579800,1.576809,0,-0.349100,0,1.570800,0.785400
1.579800,1.576871,0,-0.349100,0,1.570800,0.785400
1.579800,1.576933,0,-0.349100,0,1.570800,0.785400
1.579800,1.576993,0,-0.349100,0,1.570800,0.785400
1.579800,1.577053,0,-0.349100,0,1.570800,0.785400
1.579800,1.577111,0,-0.349100,0,1.570800,0.785400
1.579800,1.577169,0,-0.349100,0,1.570800,0.785400
1.579800,1.577226,0,-0.349100,0,1.570800,0.785400
1.579800,1.577281,0,-0.349100,0,1.570800,0.785400
1.579800,1.577336,0,-0.349100,0,1.570800,0.785400
1.579800,1.577390,0,-0.349100,0,1.570800,0.785400
1.579800,1.577443,0,-0.349100,0,1.570800,0.785400
1.579800,1.577496,0,-0.349100,0,1.570800,0.785400
1.579800,1.577547,0,-0.349100,0,1.570800,0.785400
1.579800,1.577598,0,-0.349100,0,1.570800,0.785400
1.579800,1.577647,0,-0.349100,0,1.570800,0.785400
1.579800,1.577696,0,-0.349100,0,1.570800,0.785400
1.579800,1.577744,0,-0.349100,0,1.570800,0.785400
1.579800,1.577791,0,-0.349100,0,1.570800,0.785400
1.579800,1.577838,0,-0.349100,0,1.570800,0.785400
1.579800,1.577884,0,-0.349100,0,1.570800,0.785400
1.579800,1.577928,0,-0.349100,0,1.570800,0.785400
1.579800,1.577972,0,-0.349100,0,1.570800,0.785400
1.579800,1.578016,0,-0.349100,0,1.570800,0.785400
1.579800,1.578058,0,-0.349100,0,1.570800,0.785400
1.579800,1.578100,0,-0.349100,0,1.570800,0.785400
1.579800,1.578141,0,-0.349100,0,1.570800,0.785400
1.579800,1.578181,0,-0.349100,0,1.570800,0.785400
1.579800,1.578221,0,-0.349100,0,1.570800,0.785400
1.579800,1.578260,0,-0.349100,0,1.570800,0.785400
1.579800,1.578298,0,-0.349100,0,1.570800,0.785400
1.579800,1.578335,0,-0.349100,0,1.570800,0.785400
1.579800,1.578372,0,-0.349100,0,1.570800,0.785400
1.579800,1.578408,0,-0.349100,0,1.570800,0.785400
1.579800,1.578443,0,-0.349100,0,1.570800,0.785400
1.579800,1.578478,0,-0.349100,0,1.570800,0.785400
1.579800,1.578512,0,-0.349100,0,1.570800,0.785400
1.579800,1.578546,0,-0.349100,0,1.570800,0.785400
1.579800,1.578578,0,-0.349100,0,1.570800,0.785400
1.579800,1.578610,0,-0.349100,0,1.570800,0.785400
1.579800,1.578642,0,-0.349100,0,1.570800,0.785400
1.579800,1.578673,0,-0.349100,0,1.570800,0.785400
1.579800,1.578703,0,-0.349100,0,1.570800,0.785400
1.579800,1.578732,0,-0.349100,0,1.570800,0.785400
1.579800,1.578761,0,-0.349100,0,1.570800,0.785400
1.579800,1.578790,0,-0.349100,0,1.570800,0.785400
1.579800,1.578818,0,-0.349100,0,1.570800,0.785400
1.579800,1.578845,0,-0.349100,0,1.570800,0.785400
1.579800,1.578872,0,-0.349100,0,1.570800,0.785400
1.579800,1.578898,0,-0.349100,0,1.570800,0.785400
1.579800,1.578924,0,-0.349100,0,1.570800,0.785400
1.579800,1.578949,0,-0.349100,0,1.570800,0.785400
1.579800,1.578973,0,-0.349100,0,1.570800,0.785400
1.579800,1.578997,0,-0.349100,0,1.570800,0.785400
1.579800,1.579021,0,-0.349100,0,1.570800,0.785400
1.579800,1.579043,0,-0.349100,0,1.570800,0.785400
1.579800,1.579066,0,-0.349100,0,1.570800,0.785400
1.579800,1.579088,0,-0.349100,0,1.570800,0.785400
1.579800,1.579109,0,-0.349100,0,1.570800,0.785400
1.579800,1.579130,0,-0.349100,0,1.570800,0.785400
1.579800,1.579151,0,-0.349100,0,1.570800,0.785400
1.579800,1.579171,0,-0.349100,0,1.570800,0.785400
1.579800,1.579190,0,-0.349100,0,1.570800,0.785400
1.579800,1.579210,0,-0.349100,0,1.570800,0.785400
1.579800,1.579228,0,-0.349100,0,1.570800,0.785400
1.579800,1.579246,0,-0.349100,0,1.570800,0.785400
1.579800,1.579264,0,-0.349100,0,1.570800,0.785400
1.579800,1.579282,0,-0.349100,0,1.570800,0.785400
1.579800,1.579298,0,-0.349100,0,1.570800,0.785400
1.579800,1.579315,0,-0.349100,0,1.570800,0.785400
1.579800,1.579331,0,-0.349100,0,1.570800,0.785400
1.579800,1.579347,0,-0.349100,0,1.570800,0.785400
1.579800,1.579362,0,-0.349100,0,1.570800,0.785400
1.579800,1.579377,0,-0.349100,0,1.570800,0.785400
1.579800,1.579392,0,-0.349100,0,1.570800,0.785400
1.579800,1.579406,0,-0.349100,0,1.570800,0.785400
1.579800,1.579419,0,-0.349100,0,1.570800,0.785400
1.579800,1.579433,0,-0.349100,0,1.570800,0.785400
1.579800,1.579446,0,-0.349100,0,1.570800,0.785400
1.579800,1.579459,0,-0.349100,0,1.570800,0.785400
1.579800,1.579471,0,-0.349100,0,1.570800,0.785400
1.579800,1.579483,0,-0.349100,0,1.570800,0.785400
1.579800,1.579495,0,-0.349100,0,1.570800,0.785400
1.579800,1.579506,0,-0.349100,0,1.570800,0.785400
1.579800,1.579517,0,-0.349100,0,1.570800,0.785400
1.579800,1.579528,0,-0.349100,0,1.570800,0.785400
1.579800,1.579538,0,-0.349100,0,1.570800,0.785400
1.579800,1.579549,0,-0.349100,0,1.570800,0.785400
1.579800,1.579558,0,-0.349100,0,1.570800,0.785400
1.579800,1.579568,0,-0.349100,0,1.570800,0.785400
1.579800,1.579577,0,-0.349100,0,1.570800,0.785400
1.579800,1.579586,0,-0.349100,0,1.570800,0.785400
1.579800,1.579595,0,-0.349100,0,1.570800,0.785400
1.579800,1.579603,0,-0.349100,0,1.570800,0.785400
1.579800,1.579612,0,-0.349100,0,1.570800,0.785400
1.579800,1.579620,0,-0.349100,0,1.570800,0.785400
1.579800,1.579627,0,-0.349100,0,1.570800,0.785400
1.579800,1.579635,0,-0.349100,0,1.570800,0.785400
1.579800,1.579642,0,-0.349100,0,1.570800,0.785400
1.579800,1.579649,0,-0.349100,0,1.570800,0.785400
1.579800,1.579655,0,-0.349100,0,1.570800,0.785400
1.579800,1.579662,0,-0.349100,0,1.570800,0.785400
1.579800,1.579668,0,-0.349100,0,1.570800,0.785400
1.579800,1.579674,0,-0.349100,0,1.570800,0.785400
1.579800,1.579680,0,-0.349100,0,1.570800,0.785400
1.579800,1.579686,0,-0.349100,0,1.570800,0.785400
1.579800,1.579691,0,-0.349100,0,1.570800,0.785400
1.579800,1.579696,0,-0.349100,0,1.570800,0.785400
1.579800,1.579702,0,-0.349100,0,1.570800,0.785400
1.579800,1.579706,0,-0.349100,0,1.570800,0.785400
1.579800,1.579711,0,-0.349100,0,1.570800,0.785400
1.579800,1.579716,0,-0.349100,0,1.570800,0.785400
1.579800,1.579720,0,-0.349100,0,1.570800,0.785400
1.579800,1.579724,0,-0.349100,0,1.570800,0.785400
1.579800,1.579728,0,-0.349100,0,1.570800,0.785400
1.579800,1.579732,0,-0.349100,0,1.570800,0.785400
1.579800,1.579736,0,-0.349100,0,1.570800,0.785400
1.579800,1.579739,0,-0.349100,0,1.570800,0.785400
1.579800,1.579743,0,-0.349100,0,1.570800,0.785400
1.579800,1.579746,0,-0.349100,0,1.570800,0.785400
1.579800,1.579749,0,-0.349100,0,1.570800,0.785400
1.579800,1.579752,0,-0.349100,0,1.570800,0.785400
1.579800,1.579755,0,-0.349100,0,1.570800,0.785400
1.579800,1.579757,0,-0.349100,0,1.570800,0.785400
1.579800,1.579760,0,-0.349100,0,1.570800,0.785400
1.579800,1.579762,0,-0.349100,0,1.570800,0.785400
1.579800,1.579765,0,-0.349100,0,1.570800,0.785400
1.579800,1.579767,0,-0.349100,0,1.570800,0.785400
1.579800,1.579769,0,-0.349100,0,1.570800,0.785400
1.579800,1.579771,0,-0.349100,0,1.570800,0.785400
1.579800,1.579773,0,-0.349100,0,1.570800,0.785400
1.579800,1.579775,0,-0.349100,0,1.570800,0.785400
1.579800,1.579777,0,-0.349100,0,1.570800,0.785400
1.579800,1.579778,0,-0.349100,0,1.570800,0.785400
1.579800,1.579780,0,-0.349100,0,1.570800,0.785400
1.579800,1.579781,0,-0.349100,0,1.570800,0.785400
1.579800,1.579783,0,-0.349100,0,1.570800,0.785400
1.579800,1.579784,0,-0.349100,0,1.570800,0.785400
1.579800,1.579785,0,-0.349100,0,1.570800,0.785400
1.579800,1.579786,0,-0.349100,0,1.570800,0.785400
1.579800,1.579788,0,-0.349100,0,1.570800,0.785400
1.579800,1.579789,0,-0.349100,0,1.570800,0.785400
1.579800,1.579790,0,-0.349100,0,1.570800,0.785400
1.579800,1.579790,0,-0.349100,0,1.570800,0.785400
1.579800,1.579791,0,-0.349100,0,1.570800,0.785400
1.579800,1.579792,0,-0.349100,0,1.570800,0.785400
1.579800,1.579793,0,-0.349100,0,1.570800,0.785400
1.579800,1.579793,0,-0.349100,0,1.570800,0.785400
1.579800,1.579794,0,-0.349100,0,1.570800,0.785400
1.579800,1.579795,0,-0.349100,0,1.570800,0.785400
1.579800,1.579795,0,-0.349100,0,1.570800,0.785400
1.579800,1.579796,0,-0.349100,0,1.570800,0.785400
1.579800,1.579796,0,-0.349100,0,1.570800,0.785400
1.579800,1.579797,0,-0.349100,0,1.570800,0.785400
1.579800,1.579797,0,-0.349100,0,1.570800,0.785400
1.579800,1.579797,0,-0.349100,0,1.570800,0.785400
1.579800,1.579798,0,-0.349100,0,1.570800,0.785400
1.579800,1.579798,0,-0.349100,0,1.570800,0.785400
1.579800,1.579798,0,-0.349100,0,1.570800,0.785400
1.579800,1.579798,0,-0.349100,0,1.570800,0.785400
1.579800,1.579799,0,-0.349100,0,1.570800,0.785400
1.579800,1.579799,0,-0.349100,0,1.570800,0.785400
1.579800,1.579799,0,-0.349100,0,1.570800,0.785400
1.579800,1.579799,0,-0.349100,0,1.570800,0.785400
1.579800,1.579799,0,-0.349100,0,1.570800,0.785400
1.579800,1.579799,0,-0.349100,0,1.570800,0.785400
1.579800,1.579799,0,-0.349100,0,1.570800,0.785400
1.579800,1.579800,0,-0.349100,0,1.570800,0.785400
1.579800,1.579800,0,-0.349100,0,1.570800,0.785400
1.579800,1.579800,0,-0.349100,0,1.570800,0.785400
1.579800,1.579800,0,-0.349100,0,1.570800,0.785400
1.579800,1.579800,0,-0.349100,0,1.570800,0.785400
1.579800,1.579800,0,-0.349100,0,1.570800,0.785400
1.579800,1.579800,0,-0.349100,0,1.570800,0.785400
1.579800,1.579800,0,-0.349100,0,1.570800,0.785400
1.579800,1.579800,0,-0.349100,0,1.570800,0.785400
1.579800,1.579800,0,-0.349100,0,1.570800,0.785400
1.579800,1.579800,0,-0.349100,0,1.570800,0.785400
1.579800,1.579800,0,-0.349100,0,1.570800,0.785400
1.579800,1.579800,0,-0.349100,0,1.570800,0.785400
1.579800,1.579800,0,-0.349100,0,1.570800,0.785400
1.579800,1.579800,0,-0.349100,0,1.570800,0.785400
1.579800,1.579800,0,-0.349100,0,1.570800,0.785400
1.579800,1.579800,0,-0.349100,0,1.570800,0.785400
1.579800,1.579800,0,-0.349100,0,1.570800,0.785400
1.579800,1.579800,0,-0.349100,0,1.570800,0.785400
1.579800,1.579800,0,-0.349100,0,1.570800,0.785400
1.579800,1.579800,0,-0.349100,0,1.570800,0.785400
